{
"type": "FeatureCollection",
"name": "Waterways EPSG43262",
"crs": { "type": "name", "properties": { "name": "urn:ogc:def:crs:OGC:1.3:CRS84" } },
"features": [
{ "type": "Feature", "properties": { "NAMOBJ": "Jaringan Irigasi Sekunder", "REMARK": "DI Sbr. Waru" }, "geometry": { "type": "MultiLineString", "coordinates": [ [ [ 114.087119472049949, -7.718801779629985, 0.0 ], [ 114.087034955852459, -7.718698095162495, 0.0 ], [ 114.086986164757491, -7.718501791190022, 0.0 ], [ 114.086954881825022, -7.718277550914991, 0.0 ], [ 114.086950359707544, -7.718109622382485, 0.0 ], [ 114.087015854974993, -7.718058693099977, 0.0 ], [ 114.087063620194954, -7.718002091329993, 0.0 ], [ 114.087080917257481, -7.717869180532489, 0.0 ], [ 114.087074680252499, -7.717683504754973, 0.0 ], [ 114.087032603164971, -7.7173468635375, 0.0 ], [ 114.087047911357445, -7.717274957009977, 0.0 ], [ 114.087105561637486, -7.717217615372476, 0.0 ] ] ] } },
{ "type": "Feature", "properties": { "NAMOBJ": "Jaringan Irigasi Sekunder", "REMARK": "DI Batu Ampar I" }, "geometry": { "type": "MultiLineString", "coordinates": [ [ [ 113.66269739768245, -7.814320715662518, 0.0 ], [ 113.662794630429971, -7.814306466920016, 0.0 ], [ 113.662860652112499, -7.814276198957486, 0.0 ], [ 113.66289409728995, -7.814255757174976, 0.0 ], [ 113.662936636109976, -7.814218252137493, 0.0 ], [ 113.663043715292474, -7.814171265892526, 0.0 ], [ 113.663142831807477, -7.814130776594993, 0.0 ], [ 113.663206706517485, -7.814126661590024, 0.0 ], [ 113.663254078275031, -7.814141799217509, 0.0 ], [ 113.663358817345056, -7.814147156297508, 0.0 ], [ 113.663427074034985, -7.814150426215008, 0.0 ], [ 113.663475094377532, -7.814133068182514, 0.0 ], [ 113.663512636769951, -7.814113132912496, 0.0 ], [ 113.663546672140001, -7.813949512969998, 0.0 ], [ 113.663612447682453, -7.813858789469975, 0.0 ], [ 113.663615923264956, -7.813771717377506, 0.0 ], [ 113.663636187460042, -7.813717060617478, 0.0 ], [ 113.663680451047526, -7.813664964675013, 0.0 ], [ 113.663711843572514, -7.81361077975248, 0.0 ], [ 113.663721071967529, -7.813578528717528, 0.0 ], [ 113.663725180859956, -7.813536561945, 0.0 ], [ 113.663800916025025, -7.813419308712525, 0.0 ], [ 113.663822589677466, -7.813380775227472, 0.0 ], [ 113.663841192890004, -7.81335712563498, 0.0 ], [ 113.663944042802541, -7.813314661507491, 0.0 ], [ 113.663980199992466, -7.813300870022488, 0.0 ], [ 113.664040052045038, -7.81330652278001, 0.0 ], [ 113.66412869240753, -7.813312818932502, 0.0 ], [ 113.664230815585029, -7.813278285460001, 0.0 ], [ 113.664304236689986, -7.813239689017507, 0.0 ], [ 113.664364157912473, -7.81321490869999, 0.0 ] ] ] } },
{ "type": "Feature", "properties": { "NAMOBJ": "Jaringan Irigasi Sekunder", "REMARK": "DI Taman Kursi" }, "geometry": { "type": "MultiLineString", "coordinates": [ [ [ 113.692026836549985, -7.835239560817513, 0.0 ], [ 113.691938426157549, -7.835113687912497, 0.0 ], [ 113.691981742920007, -7.834901292642485, 0.0 ], [ 113.691963624799996, -7.834690006367509, 0.0 ], [ 113.691974187189999, -7.834590029539982, 0.0 ], [ 113.69203267829505, -7.834461643352483, 0.0 ], [ 113.69213010957003, -7.834307907075015, 0.0 ], [ 113.69222654551254, -7.834174057772486, 0.0 ], [ 113.692267361364998, -7.834126074537494, 0.0 ], [ 113.692261119872455, -7.834025608654997, 0.0 ], [ 113.692253518327448, -7.833992799357475, 0.0 ], [ 113.692264012447481, -7.833930150572485, 0.0 ], [ 113.692297391147463, -7.833848357797478, 0.0 ], [ 113.692348411862554, -7.83376127068999, 0.0 ], [ 113.692345507609957, -7.833607212494996, 0.0 ], [ 113.692305608037486, -7.833525896192498, 0.0 ], [ 113.692301604247518, -7.833443240120005, 0.0 ], [ 113.69230706869746, -7.833377344167502, 0.0 ], [ 113.692339843732498, -7.83329481498248, 0.0 ], [ 113.692343164802537, -7.833256035115028, 0.0 ], [ 113.692344630852517, -7.83317542527999, 0.0 ], [ 113.692364977694979, -7.833107932212499, 0.0 ], [ 113.692417509374991, -7.833013309419982, 0.0 ], [ 113.692450349985052, -7.832969417767515, 0.0 ], [ 113.692476441552458, -7.832911315092474, 0.0 ], [ 113.692496766835006, -7.832827867862477, 0.0 ], [ 113.692530860594957, -7.832733212275002, 0.0 ], [ 113.692549493449974, -7.832683914970005, 0.0 ], [ 113.692537781215037, -7.832626289655025, 0.0 ], [ 113.692511539630004, -7.832562259302506, 0.0 ], [ 113.692516744470026, -7.832461005250025, 0.0 ], [ 113.692543930185025, -7.832380832727495, 0.0 ], [ 113.692616527535051, -7.832322963772526, 0.0 ], [ 113.692711939397554, -7.832336713890015, 0.0 ], [ 113.692763543117508, -7.832345095747485, 0.0 ], [ 113.692772589152469, -7.832324296255024, 0.0 ], [ 113.692756269460006, -7.832280965957523, 0.0 ], [ 113.692756209272488, -7.832212656205002, 0.0 ], [ 113.692770179872468, -7.832186854437509, 0.0 ], [ 113.692791105227457, -7.832179426310006, 0.0 ], [ 113.692840767689972, -7.832167528895013, 0.0 ], [ 113.692865876500036, -7.832090391015015, 0.0 ], [ 113.692847222084993, -7.832046849920005, 0.0 ], [ 113.692722715587479, -7.831862004747506, 0.0 ], [ 113.692680735517456, -7.831847122037516, 0.0 ], [ 113.692655865657457, -7.831806563529994, 0.0 ], [ 113.692625684960035, -7.831688775042494, 0.0 ], [ 113.692627564234954, -7.831633696175004, 0.0 ], [ 113.692624949239985, -7.831594481120021, 0.0 ], [ 113.692595841130014, -7.831565528897499, 0.0 ], [ 113.692407853385021, -7.831339678270012, 0.0 ], [ 113.692359248239995, -7.831190921654979, 0.0 ], [ 113.692355327992459, -7.831107794190018, 0.0 ], [ 113.692336140875, -7.830880205195001, 0.0 ], [ 113.692330367402519, -7.830784549767486, 0.0 ], [ 113.692352506384964, -7.83065888717249, 0.0 ], [ 113.692375403542542, -7.830575823695028, 0.0 ] ] ] } },
{ "type": "Feature", "properties": { "NAMOBJ": "Jaringan Irigasi Sekunder", "REMARK": "DI Suwani" }, "geometry": { "type": "MultiLineString", "coordinates": [ [ [ 113.766778362457444, -7.773125864145015, 0.0 ], [ 113.766800898492534, -7.772786361884982, 0.0 ], [ 113.766847800432515, -7.772532421589972, 0.0 ], [ 113.766887678444959, -7.772236651022524, 0.0 ], [ 113.766967625810025, -7.771894816122483, 0.0 ], [ 113.766968835839975, -7.771632416290004, 0.0 ], [ 113.766882964084971, -7.771421436727508, 0.0 ], [ 113.766939321692462, -7.771071655265018, 0.0 ], [ 113.767023050965008, -7.770888811957491, 0.0 ], [ 113.76716439009499, -7.770723520285003, 0.0 ], [ 113.767326360832499, -7.770619498514975, 0.0 ], [ 113.76752086944748, -7.770520095070026, 0.0 ], [ 113.76760315692502, -7.770457126119993, 0.0 ], [ 113.767637803147522, -7.770407401599982, 0.0 ], [ 113.767672166402463, -7.770270718742495, 0.0 ], [ 113.767749956014995, -7.770114804432524, 0.0 ], [ 113.767825623805038, -7.770041203697474, 0.0 ], [ 113.767885535147457, -7.769931891265003, 0.0 ], [ 113.767886905077489, -7.769869548394979, 0.0 ], [ 113.767883280375031, -7.769717576339985, 0.0 ] ] ] } },
{ "type": "Feature", "properties": { "NAMOBJ": "Jaringan Irigasi Sekunder", "REMARK": "DI Sbr. Pakel 2" }, "geometry": { "type": "MultiLineString", "coordinates": [ [ [ 113.720493963712556, -7.824734763039999, 0.0 ], [ 113.720387878067527, -7.824643644820014, 0.0 ], [ 113.720273707584965, -7.824527182547513, 0.0 ], [ 113.720178213077475, -7.824395474625021, 0.0 ], [ 113.72004684614501, -7.824184449075005, 0.0 ], [ 113.720019964060043, -7.824056476697479, 0.0 ], [ 113.720005017890003, -7.82395891446248, 0.0 ], [ 113.719990582862465, -7.823843088487479, 0.0 ], [ 113.719905628287506, -7.823740888262478, 0.0 ], [ 113.71977138584748, -7.823679492209976, 0.0 ], [ 113.719624124124948, -7.823618225760015, 0.0 ], [ 113.719524439875045, -7.823490365805014, 0.0 ], [ 113.719503704062504, -7.823383972999977, 0.0 ], [ 113.719473973420008, -7.823266319162485, 0.0 ], [ 113.71931024827245, -7.823128206725016, 0.0 ], [ 113.719178381877555, -7.823025149705018, 0.0 ], [ 113.719049488904943, -7.822904486085008, 0.0 ], [ 113.718958515617487, -7.822783615327523, 0.0 ], [ 113.718898253934981, -7.822708784465021, 0.0 ], [ 113.718793113317474, -7.822712115592481, 0.0 ], [ 113.718673383159967, -7.822771416092507, 0.0 ], [ 113.718523899005049, -7.822833958290005, 0.0 ], [ 113.718327900982445, -7.822761249300015, 0.0 ], [ 113.718214754580004, -7.822687296397476, 0.0 ], [ 113.718057171215037, -7.822560282737527, 0.0 ], [ 113.717928172242523, -7.8224873511125, 0.0 ], [ 113.717807895910028, -7.822439856532526, 0.0 ], [ 113.717638709905032, -7.822359663985026, 0.0 ], [ 113.717485273162538, -7.822316453340022, 0.0 ], [ 113.717344702989976, -7.822305947057487, 0.0 ], [ 113.717174227902547, -7.822309421469981, 0.0 ], [ 113.717075826445011, -7.822338645030015, 0.0 ], [ 113.716968288224962, -7.822335534762487, 0.0 ], [ 113.716804538822544, -7.822330855669975, 0.0 ] ] ] } },
{ "type": "Feature", "properties": { "NAMOBJ": "Jaringan Irigasi Primer", "REMARK": "DI Banyuputih" }, "geometry": { "type": "MultiLineString", "coordinates": [ [ [ 114.234245424417509, -7.765374889345026, 0.0 ], [ 114.233976889232508, -7.765170698312488, 0.0 ], [ 114.233659580917447, -7.764212381384993, 0.0 ], [ 114.233469324927455, -7.763984032104986, 0.0 ], [ 114.23327898988498, -7.763767635954991, 0.0 ], [ 114.233127375825006, -7.763616835889991, 0.0 ], [ 114.233129441052483, -7.763301287257491, 0.0 ], [ 114.232948559880015, -7.760578459139992, 0.0 ], [ 114.232879829777517, -7.760239497832515, 0.0 ], [ 114.232696506985008, -7.759830941872508, 0.0 ], [ 114.231491936257498, -7.758714861447515, 0.0 ], [ 114.230946906815007, -7.758218245062494, 0.0 ], [ 114.230701806877505, -7.758129988849987, 0.0 ], [ 114.229140428014944, -7.757731061762513, 0.0 ], [ 114.227798253352489, -7.757265109224988, 0.0 ], [ 114.227130737722518, -7.756834031965013, 0.0 ], [ 114.226570412664955, -7.756386918902479, 0.0 ], [ 114.224906419247532, -7.755125475062528, 0.0 ], [ 114.224497451332468, -7.7548986873025, 0.0 ], [ 114.224126783090014, -7.754770761087514, 0.0 ], [ 114.223575892142549, -7.754713377075007, 0.0 ], [ 114.222962086782445, -7.754655582447526, 0.0 ], [ 114.22212145860999, -7.754464821087481, 0.0 ], [ 114.219453690389969, -7.75363199732999, 0.0 ], [ 114.219212488242533, -7.753513979320019, 0.0 ], [ 114.218567079254967, -7.753172206697514, 0.0 ], [ 114.21722367389998, -7.751896406030028, 0.0 ], [ 114.217020171352488, -7.75126064962501, 0.0 ], [ 114.217004455327469, -7.750734615969975, 0.0 ], [ 114.216929457677452, -7.750475940987485, 0.0 ], [ 114.216758342990033, -7.750254886982475, 0.0 ], [ 114.216626014860026, -7.7499671496725, 0.0 ], [ 114.216621707437525, -7.74916388075502, 0.0 ], [ 114.216637074917458, -7.748284242362502, 0.0 ], [ 114.216725868892468, -7.74790232659501, 0.0 ], [ 114.21701566720003, -7.747569538114988, 0.0 ], [ 114.217152329699957, -7.747197496905017, 0.0 ], [ 114.217228480785025, -7.745821010350028, 0.0 ], [ 114.217341719715023, -7.744636013269997, 0.0 ], [ 114.217644428610015, -7.74379649995501, 0.0 ], [ 114.217796323842549, -7.742563942354991, 0.0 ], [ 114.217900034342506, -7.741369320379988, 0.0 ], [ 114.218007055132489, -7.741130957912503, 0.0 ], [ 114.218432499049982, -7.740579115662513, 0.0 ], [ 114.218521538262507, -7.740158950760019, 0.0 ], [ 114.21909942179002, -7.73687578714248, 0.0 ], [ 114.219701565220021, -7.732717529079991, 0.0 ], [ 114.219683269232519, -7.732583536172513, 0.0 ], [ 114.219568921782525, -7.732477603790016, 0.0 ], [ 114.219503384292466, -7.732238115692496, 0.0 ], [ 114.219511338875009, -7.731023741322474, 0.0 ], [ 114.219657324989953, -7.730690007750013, 0.0 ], [ 114.219670480817513, -7.730145035804981, 0.0 ] ] ] } },
{ "type": "Feature", "properties": { "NAMOBJ": "Jaringan Irigasi Sekunder", "REMARK": "DI Sbr. Daleman" }, "geometry": { "type": "MultiLineString", "coordinates": [ [ [ 113.625853945825043, -7.725036438100005, 0.0 ], [ 113.625994516895048, -7.7250640920725, 0.0 ], [ 113.626072266082474, -7.725099585657517, 0.0 ], [ 113.626176564079969, -7.725164878352473, 0.0 ], [ 113.62626480289498, -7.725196978612473, 0.0 ], [ 113.626353014762458, -7.725229144572495, 0.0 ], [ 113.626456187169993, -7.725248632292505, 0.0 ], [ 113.626534529247465, -7.725230730377518, 0.0 ], [ 113.626599446, -7.72523362187502, 0.0 ], [ 113.626672332607541, -7.725253242810027, 0.0 ], [ 113.626753136965021, -7.725289637895003, 0.0 ], [ 113.626826035250019, -7.725298853457502, 0.0 ], [ 113.626891164007475, -7.725301417390028, 0.0 ], [ 113.626964146734963, -7.725271801674978, 0.0 ], [ 113.626984276182498, -7.725213071172504, 0.0 ], [ 113.626985950642506, -7.725122562510023, 0.0 ], [ 113.627005609375033, -7.725018631087494, 0.0 ], [ 113.627022401582508, -7.724916098447522, 0.0 ], [ 113.627020415407515, -7.724846960804996, 0.0 ], [ 113.627027007245033, -7.724757543484998, 0.0 ], [ 113.62704670190999, -7.724685936832486, 0.0 ], [ 113.627057695489952, -7.724585667097472, 0.0 ], [ 113.627048308994972, -7.72451121916248, 0.0 ], [ 113.627033626032471, -7.724435562272504, 0.0 ], [ 113.627017159912498, -7.724346952537473, 0.0 ], [ 113.627031030797525, -7.724291231354982, 0.0 ], [ 113.627106036532496, -7.724260482470015, 0.0 ], [ 113.627196690917458, -7.724250620017472, 0.0 ], [ 113.627277048812516, -7.724248310657515, 0.0 ], [ 113.627326018672534, -7.724290089905026, 0.0 ], [ 113.627398075237465, -7.724320181842472, 0.0 ], [ 113.62745489098495, -7.724329405597473, 0.0 ], [ 113.627493124179978, -7.724320574187516, 0.0 ], [ 113.627553072352498, -7.724272841332493, 0.0 ], [ 113.627596784374987, -7.724194295730001, 0.0 ], [ 113.627651301332548, -7.724089153737509, 0.0 ], [ 113.627687572609943, -7.723985154129991, 0.0 ], [ 113.627712199922485, -7.723822912382502, 0.0 ], [ 113.627700956607555, -7.72375701312501, 0.0 ], [ 113.627681571862468, -7.723722340835025, 0.0 ], [ 113.627702001350031, -7.723655888660005, 0.0 ], [ 113.627713278800002, -7.723606814607479, 0.0 ], [ 113.627693819492492, -7.723571856737522, 0.0 ], [ 113.627669715897468, -7.723545685557497, 0.0 ], [ 113.627624423740031, -7.723455264835025, 0.0 ], [ 113.627628452682529, -7.723410929042473, 0.0 ], [ 113.627617270454948, -7.723323205484974, 0.0 ], [ 113.627612753724975, -7.723272165187495, 0.0 ] ] ] } },
{ "type": "Feature", "properties": { "NAMOBJ": "Jaringan Irigasi Primer", "REMARK": "DI Sampean Baru" }, "geometry": { "type": "MultiLineString", "coordinates": [ [ [ 114.159209487399949, -7.790442104454996, 0.0 ], [ 114.160466564655053, -7.790533168872514, 0.0 ], [ 114.161229629590025, -7.790675639292488, 0.0 ], [ 114.161532971797556, -7.790864558684973, 0.0 ], [ 114.161863573382448, -7.790960866822502, 0.0 ], [ 114.162026774809988, -7.790995496145001, 0.0 ], [ 114.162520222989997, -7.790972691914988, 0.0 ], [ 114.162598917204946, -7.790921918307504, 0.0 ], [ 114.162703340067537, -7.790787307772518, 0.0 ], [ 114.162841772249976, -7.790714581397481, 0.0 ], [ 114.163049943342457, -7.790674787864987, 0.0 ], [ 114.16420256180254, -7.790680514242524, 0.0 ], [ 114.164403407134955, -7.790771419010014, 0.0 ], [ 114.164846943119983, -7.791121793219986, 0.0 ], [ 114.165015099654966, -7.791177889879975, 0.0 ], [ 114.165254525830051, -7.791152202827504, 0.0 ], [ 114.165841982705047, -7.790884932732524, 0.0 ], [ 114.166000052057484, -7.790874191777505, 0.0 ], [ 114.166466110605029, -7.791033212697528, 0.0 ], [ 114.168943407240022, -7.792257364365014, 0.0 ], [ 114.169349040607472, -7.792665367937502, 0.0 ], [ 114.170334159200024, -7.793656917587498, 0.0 ], [ 114.171165537420052, -7.794597041159989, 0.0 ], [ 114.171502427210044, -7.794785699452518, 0.0 ], [ 114.173419828182546, -7.795478695029999, 0.0 ], [ 114.173707322312453, -7.795471761244983, 0.0 ], [ 114.173951145740034, -7.795393458215017, 0.0 ], [ 114.174180770399971, -7.795339162437472, 0.0 ], [ 114.174937893877541, -7.79532870062252, 0.0 ], [ 114.176508494845052, -7.795409158242478, 0.0 ], [ 114.176936040817509, -7.795544555042511, 0.0 ], [ 114.177821691652525, -7.796054091892472, 0.0 ], [ 114.178418731754959, -7.796422409950026, 0.0 ], [ 114.17885993301752, -7.796462110932509, 0.0 ], [ 114.179213503624965, -7.79632084867751, 0.0 ], [ 114.179394017387494, -7.796109191742516, 0.0 ], [ 114.179639597022515, -7.795629395830019, 0.0 ], [ 114.179767647375002, -7.795451591397523, 0.0 ], [ 114.180898321787481, -7.79477396095001, 0.0 ], [ 114.181365997302464, -7.794512351154992, 0.0 ], [ 114.181648335997465, -7.794457653955021, 0.0 ], [ 114.181907108292535, -7.794455709252475, 0.0 ], [ 114.184164058069996, -7.795055288097501, 0.0 ], [ 114.184518779420046, -7.795066957250015, 0.0 ], [ 114.185590146160052, -7.794786459630018, 0.0 ], [ 114.186196897947525, -7.79453813787751, 0.0 ], [ 114.186310930090031, -7.794408234202479, 0.0 ], [ 114.187081404330002, -7.794263826054987, 0.0 ], [ 114.187479834107535, -7.794351636117483, 0.0 ], [ 114.1878351357675, -7.794439770162512, 0.0 ], [ 114.188132316430028, -7.794447090862491, 0.0 ], [ 114.190068901825043, -7.793878076889996, 0.0 ], [ 114.192874435679983, -7.792944759959994, 0.0 ], [ 114.193137952874963, -7.79293679683002, 0.0 ], [ 114.193354138735003, -7.793006857947489, 0.0 ], [ 114.195591314797525, -7.794949544797475, 0.0 ], [ 114.195797815022502, -7.795006236045026, 0.0 ], [ 114.19630873992503, -7.795077650854978, 0.0 ], [ 114.198801492975008, -7.794861661607513, 0.0 ], [ 114.199010219224988, -7.794895929862491, 0.0 ], [ 114.199504044697505, -7.795082179074996, 0.0 ], [ 114.201808245857478, -7.796224752882495, 0.0 ], [ 114.202249838787452, -7.796316999407509, 0.0 ], [ 114.202772061800033, -7.796298706699986, 0.0 ], [ 114.206650861435037, -7.795910871372485, 0.0 ], [ 114.206948072639989, -7.795922955774984, 0.0 ], [ 114.208335255592488, -7.796213541815007, 0.0 ], [ 114.210393207872471, -7.796484691872479, 0.0 ], [ 114.21075235342505, -7.796448510717482, 0.0 ], [ 114.21092867115749, -7.796318130097518, 0.0 ], [ 114.211856226602549, -7.79478168958002, 0.0 ], [ 114.212085403002447, -7.794670024627521, 0.0 ], [ 114.21236809114248, -7.794663099980028, 0.0 ], [ 114.212949742204955, -7.794897651899987, 0.0 ], [ 114.21394485275755, -7.795305898899983, 0.0 ], [ 114.214242135827476, -7.795327538907486, 0.0 ], [ 114.21500822898247, -7.795240467835015, 0.0 ], [ 114.215255986135048, -7.795052189889986, 0.0 ], [ 114.215444561377467, -7.794644512580021, 0.0 ], [ 114.215655168702483, -7.793357267745023, 0.0 ], [ 114.215778334912557, -7.793169935139986, 0.0 ], [ 114.215878052402445, -7.793049695134982, 0.0 ], [ 114.216131477922545, -7.792976077705021, 0.0 ], [ 114.216514941767514, -7.792987502232506, 0.0 ], [ 114.220244638132499, -7.793292260415001, 0.0 ], [ 114.220517007325043, -7.793189821984981, 0.0 ], [ 114.22244719222499, -7.791798685114998, 0.0 ], [ 114.222700649187459, -7.791729845215002, 0.0 ], [ 114.223207929625005, -7.791639954109996, 0.0 ], [ 114.223580048644976, -7.791422051102472, 0.0 ], [ 114.22410184855255, -7.790725077779996, 0.0 ], [ 114.224766634202524, -7.789926647122513, 0.0 ], [ 114.224976449212477, -7.789791229277512, 0.0 ], [ 114.225168050880029, -7.789780210017511, 0.0 ], [ 114.225432004654976, -7.789830770860021, 0.0 ], [ 114.225831813347554, -7.790100145594977, 0.0 ], [ 114.227345682112514, -7.791292994319974, 0.0 ], [ 114.227677162249961, -7.791400391212505, 0.0 ], [ 114.228233859907505, -7.791506068847525, 0.0 ], [ 114.229716665829983, -7.791771957692504, 0.0 ], [ 114.231543946017496, -7.792526997967514, 0.0 ], [ 114.231803199807473, -7.792589537582501, 0.0 ], [ 114.231858356365024, -7.792570732167519, 0.0 ], [ 114.232276382892451, -7.792428208190017, 0.0 ], [ 114.23264932027746, -7.792317826925, 0.0 ], [ 114.232872525574976, -7.792366303747485, 0.0 ], [ 114.233068134627501, -7.792565541445015, 0.0 ], [ 114.233374206815029, -7.793108037892523, 0.0 ], [ 114.233635331794972, -7.793414307387479, 0.0 ], [ 114.233887566149974, -7.793498407652521, 0.0 ], [ 114.234167615042452, -7.793460422587486, 0.0 ], [ 114.23436653977501, -7.793404896904974, 0.0 ], [ 114.234763125312497, -7.793035534707485, 0.0 ], [ 114.234952786617555, -7.792460572619973, 0.0 ], [ 114.234934556207463, -7.791958888157524, 0.0 ], [ 114.234824261955055, -7.791637130612514, 0.0 ], [ 114.234782870282515, -7.791395496179973, 0.0 ], [ 114.234810432392464, -7.791084635155016, 0.0 ], [ 114.234925396087533, -7.790844792407484, 0.0 ], [ 114.23522300344996, -7.790597580790006, 0.0 ], [ 114.235597622482487, -7.790285376129987, 0.0 ], [ 114.235642619094961, -7.790247876834997, 0.0 ], [ 114.236276358069972, -7.78985651076249, 0.0 ], [ 114.237988559577502, -7.789451274935004, 0.0 ] ] ] } },
{ "type": "Feature", "properties": { "NAMOBJ": "Jaringan Irigasi Sekunder", "REMARK": "DI Batu Remuk 2" }, "geometry": { "type": "MultiLineString", "coordinates": [ [ [ 113.794737043167515, -7.779283477597517, 0.0 ], [ 113.794824231852544, -7.779181000525, 0.0 ], [ 113.79485326809754, -7.779116381342476, 0.0 ], [ 113.794891532737552, -7.779013911609979, 0.0 ], [ 113.794921875132445, -7.778926785437477, 0.0 ], [ 113.794937324357534, -7.77880898499501, 0.0 ], [ 113.794958237137507, -7.778491675897499, 0.0 ], [ 113.794931732345049, -7.778376432522521, 0.0 ], [ 113.794831887297505, -7.778241168880015, 0.0 ], [ 113.794827622992557, -7.778144936590024, 0.0 ], [ 113.794809045832494, -7.7780352945, 0.0 ], [ 113.794752248052532, -7.777827523040003, 0.0 ], [ 113.794777152945016, -7.777795397882528, 0.0 ], [ 113.794823536557487, -7.777755590029983, 0.0 ], [ 113.794825246052483, -7.777715391612503, 0.0 ], [ 113.794816112879971, -7.777628412622505, 0.0 ], [ 113.794720324622517, -7.777494749814991, 0.0 ], [ 113.794680196879995, -7.777415968232503, 0.0 ], [ 113.794653171064965, -7.777255807105007, 0.0 ], [ 113.794684497114986, -7.77713212944002, 0.0 ], [ 113.794747675627491, -7.777042860999984, 0.0 ], [ 113.794833094632509, -7.776990027604995, 0.0 ], [ 113.794865466322449, -7.776943768162482, 0.0 ], [ 113.794920835779976, -7.776871728532512, 0.0 ], [ 113.795040725837453, -7.776839983062473, 0.0 ], [ 113.795282881992534, -7.776787491894993, 0.0 ], [ 113.795369390652468, -7.77676104555502, 0.0 ], [ 113.795470983824998, -7.776756247417495, 0.0 ], [ 113.795573288459991, -7.776747493414973, 0.0 ], [ 113.795626812780029, -7.776739994157481, 0.0 ] ] ] } },
{ "type": "Feature", "properties": { "NAMOBJ": "Jaringan Irigasi Sekunder", "REMARK": "DI Tareta" }, "geometry": { "type": "MultiLineString", "coordinates": [ [ [ 113.694446696702471, -7.791577431059977, 0.0 ], [ 113.694531077254965, -7.791461318150027, 0.0 ], [ 113.694535263404987, -7.791392466442517, 0.0 ], [ 113.694505124027501, -7.791324402292503, 0.0 ], [ 113.694512595315018, -7.791254900854995, 0.0 ], [ 113.694511926070049, -7.791100205439989, 0.0 ], [ 113.694553845955056, -7.790937778785008, 0.0 ], [ 113.694564773959996, -7.790846234267519, 0.0 ], [ 113.694583831717523, -7.790736577990003, 0.0 ], [ 113.694613549785004, -7.790599080142499, 0.0 ], [ 113.694661399444954, -7.790526938757523, 0.0 ], [ 113.694707134475038, -7.79042647670002, 0.0 ], [ 113.69473557064498, -7.790333753255027, 0.0 ], [ 113.694705231842477, -7.790272479699979, 0.0 ], [ 113.694727086057469, -7.790209019639974, 0.0 ], [ 113.694803280259976, -7.790076321159972, 0.0 ], [ 113.694847021927444, -7.789950436872516, 0.0 ], [ 113.694845060005036, -7.789775477437502, 0.0 ], [ 113.69486436480247, -7.789599037890014, 0.0 ], [ 113.694829509269994, -7.789500331827526, 0.0 ], [ 113.694822124219968, -7.789355676197488, 0.0 ], [ 113.694786030809951, -7.789207522747517, 0.0 ], [ 113.694730010970034, -7.789054007107495, 0.0 ], [ 113.694728285307519, -7.788933460717487, 0.0 ], [ 113.694796656982476, -7.788683780797498, 0.0 ], [ 113.694813729464954, -7.788501911932485, 0.0 ], [ 113.694898969702535, -7.788383479199979, 0.0 ], [ 113.694897968979944, -7.788255234600001, 0.0 ], [ 113.69487621357996, -7.787967393455006, 0.0 ], [ 113.694840881942469, -7.787865667182473, 0.0 ] ] ] } },
{ "type": "Feature", "properties": { "NAMOBJ": "Jaringan Irigasi Sekunder", "REMARK": "DI Juglangan 1" }, "geometry": { "type": "MultiLineString", "coordinates": [ [ [ 114.05761199967003, -7.709251999877495, 0.0 ], [ 114.057729999669959, -7.708898000445004, 0.0 ], [ 114.057950999602554, -7.708278000314976, 0.0 ], [ 114.058055000259969, -7.707957000282477, 0.0 ], [ 114.058174000085046, -7.707602000094994, 0.0 ], [ 114.058282000039981, -7.707309000115004, 0.0 ], [ 114.058390999819949, -7.706986999902483, 0.0 ], [ 114.058412999560005, -7.70680000033002, 0.0 ], [ 114.058562000422512, -7.706315999774972, 0.0 ], [ 114.058718999882444, -7.70567900000998, 0.0 ], [ 114.058804000272517, -7.705304000267517, 0.0 ], [ 114.059155999725022, -7.705343000380026, 0.0 ], [ 114.059353000267492, -7.704621000264979, 0.0 ] ] ] } },
{ "type": "Feature", "properties": { "NAMOBJ": "Jaringan Irigasi Sekunder", "REMARK": "DI Glintongan" }, "geometry": { "type": "MultiLineString", "coordinates": [ [ [ 113.816375831514961, -7.789815918812508, 0.0 ], [ 113.816337289297508, -7.78969709239999, 0.0 ], [ 113.816327140130056, -7.789431639220027, 0.0 ], [ 113.816326964960012, -7.78937101280502, 0.0 ], [ 113.816317363765052, -7.789302503642489, 0.0 ], [ 113.816321959547508, -7.789092025547518, 0.0 ], [ 113.816277912452506, -7.789008472769979, 0.0 ], [ 113.816226510852516, -7.788957523270028, 0.0 ], [ 113.816138451699999, -7.788881234547489, 0.0 ], [ 113.81606205447747, -7.788860647050001, 0.0 ], [ 113.815935852857478, -7.78871571330501, 0.0 ], [ 113.81589318467752, -7.78863030626502, 0.0 ], [ 113.815969258507494, -7.788505929957523, 0.0 ], [ 113.816000496525021, -7.788374691197475, 0.0 ], [ 113.815889767487533, -7.788217402397493, 0.0 ], [ 113.815814487767511, -7.788078031859982, 0.0 ], [ 113.815861981697481, -7.787941423699976, 0.0 ], [ 113.815887731007479, -7.787889032474993, 0.0 ], [ 113.815937590199951, -7.787841627504974, 0.0 ], [ 113.81594399698497, -7.787726898137521, 0.0 ], [ 113.815888988647544, -7.787641046877525, 0.0 ], [ 113.815834024327501, -7.787596932639985, 0.0 ], [ 113.815724902377497, -7.78755625785999, 0.0 ], [ 113.815648961497459, -7.78752846391501, 0.0 ], [ 113.815597309267446, -7.787458015847506, 0.0 ], [ 113.815718671662466, -7.787357342792518, 0.0 ], [ 113.815953523617509, -7.787099854077496, 0.0 ], [ 113.815989501145054, -7.786995667739973, 0.0 ], [ 113.81597635519995, -7.786849074669988, 0.0 ] ] ] } },
{ "type": "Feature", "properties": { "NAMOBJ": "Jaringan Irigasi Sekunder", "REMARK": "DI Kalorkoran" }, "geometry": { "type": "MultiLineString", "coordinates": [ [ [ 114.310358984042523, -7.775006109444973, 0.0 ], [ 114.310349000167548, -7.774983999590006, 0.0 ], [ 114.310380000129953, -7.774788999637508, 0.0 ], [ 114.31040199987001, -7.774603000115007, 0.0 ], [ 114.310411999917505, -7.774382000369997, 0.0 ], [ 114.31047500056502, -7.774364999832528, 0.0 ], [ 114.310541999612497, -7.774343999652501, 0.0 ], [ 114.310687000275038, -7.774338999869997, 0.0 ], [ 114.310720999712544, -7.774362000327528, 0.0 ], [ 114.310739000154967, -7.774364999832528, 0.0 ], [ 114.310899999812477, -7.774360000050024, 0.0 ], [ 114.311098000179982, -7.774364999832528, 0.0 ], [ 114.311211999982447, -7.774345999930006, 0.0 ], [ 114.311414000547529, -7.7742929998725, 0.0 ], [ 114.311508000257504, -7.774250000295012, 0.0 ], [ 114.311533999299968, -7.774262000135025, 0.0 ], [ 114.311537999497546, -7.774243999462499, 0.0 ], [ 114.311565999984964, -7.774202000030016, 0.0 ], [ 114.311657000222453, -7.774115999984986, 0.0 ], [ 114.311750000107509, -7.773961000467523, 0.0 ], [ 114.311822000077541, -7.773761000289994, 0.0 ], [ 114.311818999704997, -7.773553000020001, 0.0 ], [ 114.311808999660002, -7.77341099974501, 0.0 ], [ 114.31182965552, -7.773400670777505, 0.0 ] ] ] } },
{ "type": "Feature", "properties": { "NAMOBJ": "Jaringan Irigasi Sekunder", "REMARK": "DI Arbaman" }, "geometry": { "type": "MultiLineString", "coordinates": [ [ [ 114.085541000042554, -7.71509200021751, 0.0 ], [ 114.08551799958002, -7.715125000282512, 0.0 ], [ 114.085576000205037, -7.715041000122483, 0.0 ], [ 114.085674000112476, -7.714913999909982, 0.0 ], [ 114.085781000242491, -7.714890999875024, 0.0 ], [ 114.085838999969951, -7.714846999812494, 0.0 ], [ 114.085890999847493, -7.714755999697502, 0.0 ], [ 114.085874000130048, -7.714674999609997, 0.0 ], [ 114.085850999665013, -7.714527000404985, 0.0 ], [ 114.085843999992449, -7.714445000360001, 0.0 ], [ 114.085827000275003, -7.714389000337519, 0.0 ], [ 114.085824999724991, -7.714277000317509, 0.0 ], [ 114.085833999947454, -7.71422100031748, 0.0 ], [ 114.085879999977465, -7.714149000327495, 0.0 ], [ 114.085886999650029, -7.714102000342507, 0.0 ], [ 114.085854999862477, -7.714073000352528, 0.0 ], [ 114.085838000145031, -7.71403400037002, 0.0 ], [ 114.085787000090022, -7.713919000442502, 0.0 ], [ 114.085715999945023, -7.713881999559987, 0.0 ], [ 114.085577000027456, -7.713700999752518, 0.0 ], [ 114.085582000052455, -7.713629999847512, 0.0 ], [ 114.085544000417485, -7.713523000015016, 0.0 ], [ 114.085506999707491, -7.713396000244984, 0.0 ], [ 114.085478000294984, -7.71332800038499, 0.0 ], [ 114.085418000020013, -7.713273999590001, 0.0 ], [ 114.085413999822549, -7.71319999976248, 0.0 ], [ 114.085443999960034, -7.713086000055, 0.0 ], [ 114.085489000165012, -7.712929999587516, 0.0 ], [ 114.08550099985996, -7.712775000087504, 0.0 ], [ 114.085530000172525, -7.712621999722501, 0.0 ], [ 114.085509000257503, -7.712551999990012, 0.0 ], [ 114.085525000150028, -7.71250400017999, 0.0 ], [ 114.085549000439983, -7.712442000432475, 0.0 ], [ 114.085553999565036, -7.712375999799974, 0.0 ], [ 114.085623000059968, -7.712223999572473, 0.0 ], [ 114.085633999929996, -7.712182999764991, 0.0 ], [ 114.085645999624944, -7.71209200020752, 0.0 ], [ 114.085655999672554, -7.712025999627485, 0.0 ], [ 114.085675999762543, -7.712005999730025, 0.0 ], [ 114.085683000335052, -7.711932000119987, 0.0 ], [ 114.085706999724948, -7.71183399974251, 0.0 ], [ 114.085716999770057, -7.711804999902483, 0.0 ], [ 114.08573199984005, -7.711735000302497, 0.0 ], [ 114.085741000060011, -7.711715000419986, 0.0 ], [ 114.085768999649986, -7.711674999742513, 0.0 ], [ 114.085777999869947, -7.711632, 0.0 ], [ 114.085782999892444, -7.711558000452499, 0.0 ], [ 114.085811000379977, -7.711493999939989, 0.0 ], [ 114.085827000275003, -7.711457000177518, 0.0 ], [ 114.085813999854963, -7.711402999615018, 0.0 ], [ 114.085842000342495, -7.711362999880009, 0.0 ], [ 114.085900999894989, -7.711367999847482, 0.0 ], [ 114.085945000275046, -7.711378999772478, 0.0 ], [ 114.086054999880048, -7.711332000087509, 0.0 ], [ 114.086110999955054, -7.711295000337486, 0.0 ], [ 114.086141999917459, -7.711255999692526, 0.0 ], [ 114.086156000162532, -7.711265999622526, 0.0 ], [ 114.086232000330028, -7.711265999622526, 0.0 ], [ 114.086320000192472, -7.711237999815012, 0.0 ], [ 114.086391000337471, -7.711212999989982, 0.0 ], [ 114.086435999645005, -7.71119800009501, 0.0 ], [ 114.086376000269979, -7.711102999859975, 0.0 ], [ 114.086382999942543, -7.711055000212525, 0.0 ], [ 114.086402000210001, -7.711018999564999, 0.0 ], [ 114.086397000187503, -7.71099599973752, 0.0 ], [ 114.086403000035034, -7.710972999909984, 0.0 ], [ 114.086399999659989, -7.710902000452506, 0.0 ], [ 114.086384999592497, -7.710849999942525, 0.0 ], [ 114.086360000377454, -7.710767999680002, 0.0 ], [ 114.086330000239968, -7.710746999850016, 0.0 ], [ 114.086378999744966, -7.710588000247526, 0.0 ], [ 114.086393999812458, -7.710555999607493, 0.0 ], [ 114.086434999822472, -7.710547999674986, 0.0 ], [ 114.086468000332502, -7.710484000224994, 0.0 ], [ 114.086444999867467, -7.71047100033752, 0.0 ], [ 114.086445999692501, -7.710411999942494, 0.0 ], [ 114.086454999912462, -7.710245999617484, 0.0 ], [ 114.086440999670003, -7.710212999922476, 0.0 ], [ 114.086470999807489, -7.710101000064981, 0.0 ], [ 114.086495000095056, -7.710003000100016, 0.0 ], [ 114.086586000332545, -7.709894000265024, 0.0 ], [ 114.086628000164978, -7.709805000255017, 0.0 ], [ 114.086670999822445, -7.709733000085009, 0.0 ], [ 114.086726999899952, -7.70964500009751, 0.0 ], [ 114.086762000060048, -7.709603999622516, 0.0 ], [ 114.086870000014983, -7.709602999632523, 0.0 ], [ 114.086914000395041, -7.709586999802525, 0.0 ], [ 114.086953999679963, -7.709477000084973, 0.0 ], [ 114.086978999794951, -7.70940999991501, 0.0 ], [ 114.086969999572489, -7.709298000264994, 0.0 ], [ 114.086948999657466, -7.70921900026002, 0.0 ], [ 114.086963999724958, -7.709180999790021, 0.0 ], [ 114.087003000085019, -7.709070000185022, 0.0 ], [ 114.08703599969499, -7.709078000090017, 0.0 ], [ 114.087100999992458, -7.709083000029977, 0.0 ], [ 114.087148999672536, -7.709096999864983, 0.0 ], [ 114.087177999984988, -7.709072000162507, 0.0 ], [ 114.087213999970004, -7.70906700022249, 0.0 ], [ 114.087240999734945, -7.709080000067502, 0.0 ], [ 114.087248000304953, -7.709015999919984, 0.0 ], [ 114.087291999789954, -7.708951999784972, 0.0 ], [ 114.087300000184996, -7.708933000015008, 0.0 ], [ 114.087309000404957, -7.708905000360005, 0.0 ], [ 114.087317999727475, -7.708862999964992, 0.0 ], [ 114.087325000299984, -7.708786000014982, 0.0 ], [ 114.087341000192509, -7.708725999862509, 0.0 ], [ 114.087366000307497, -7.708653999870023, 0.0 ], [ 114.08738499967501, -7.708576999957472, 0.0 ], [ 114.087388999872474, -7.708447999835016, 0.0 ], [ 114.087403999942467, -7.708381999810001, 0.0 ], [ 114.087402000292514, -7.708360000107518, 0.0 ], [ 114.087417000360006, -7.708235999979991, 0.0 ], [ 114.087445999775014, -7.708130999622483, 0.0 ], [ 114.087468000415015, -7.708079000357486, 0.0 ], [ 114.087473000437512, -7.708035000072528, 0.0 ], [ 114.08748299958495, -7.708005999574993, 0.0 ], [ 114.08748199976003, -7.707986999849993, 0.0 ], [ 114.087608999980034, -7.708037000042509, 0.0 ], [ 114.087643000317485, -7.707968000122492, 0.0 ], [ 114.087654000187513, -7.707910000052493, 0.0 ], [ 114.087651999640002, -7.707857999902501, 0.0 ], [ 114.087653000362479, -7.707795999907489, 0.0 ], [ 114.087669000255005, -7.707668999987504, 0.0 ], [ 114.087675999927455, -7.707572999627473, 0.0 ], [ 114.087679000302501, -7.707412000304998, 0.0 ], [ 114.087723999610034, -7.707405000415008, 0.0 ], [ 114.087849000179972, -7.707395999644973, 0.0 ], [ 114.08787400029496, -7.707399999582492, 0.0 ], [ 114.087968999832469, -7.707400999567483, 0.0 ], [ 114.088003000167532, -7.707391999707511, 0.0 ], [ 114.088071999762519, -7.707383999834974, 0.0 ], [ 114.088138999710054, -7.707316000002493, 0.0 ], [ 114.088228000297477, -7.707264999907522, 0.0 ], [ 114.088307999764993, -7.707227999589975, 0.0 ], [ 114.088368999864997, -7.707173999554982, 0.0 ], [ 114.088420999742539, -7.707104999770024, 0.0 ], [ 114.088510000329961, -7.707003999619985, 0.0 ], [ 114.088566000407468, -7.706890999692519, 0.0 ], [ 114.088664000315021, -7.706809000177486, 0.0 ], [ 114.088703999600057, -7.7067510002625, 0.0 ], [ 114.088804000057507, -7.7066890004225, 0.0 ], [ 114.088932999929966, -7.706615999874998, 0.0 ], [ 114.089055000127473, -7.706547000180024, 0.0 ], [ 114.089168999930052, -7.706468999745027, 0.0 ], [ 114.089274000410001, -7.706392000217477, 0.0 ], [ 114.08932999958995, -7.706352000029995, 0.0 ], [ 114.089429000222481, -7.706269999705, 0.0 ], [ 114.089548000047444, -7.706141000267507, 0.0 ], [ 114.089594999902488, -7.706098000160011, 0.0 ], [ 114.089652999629948, -7.706035000432507, 0.0 ], [ 114.089672999720051, -7.706012999937514, 0.0 ], [ 114.089748000065015, -7.705926999752478, 0.0 ], [ 114.089805999789974, -7.705780999834985, 0.0 ], [ 114.089847999622521, -7.705646999729993, 0.0 ], [ 114.089866999889978, -7.705472999560016, 0.0 ], [ 114.089888999630034, -7.705303000287472, 0.0 ], [ 114.089890000355012, -7.7047790004425, 0.0 ], [ 114.089896000202543, -7.704613000442521, 0.0 ], [ 114.089851999819984, -7.704567999617495, 0.0 ], [ 114.089803000314987, -7.704556999862518, 0.0 ], [ 114.089651999805028, -7.704553999929999, 0.0 ], [ 114.089661999850023, -7.704468000032477, 0.0 ], [ 114.089681999942513, -7.704485999627479, 0.0 ] ] ] } },
{ "type": "Feature", "properties": { "NAMOBJ": "Jaringan Irigasi Sekunder", "REMARK": "DI Dam Bugis" }, "geometry": { "type": "MultiLineString", "coordinates": [ [ [ 114.299120642122489, -7.752887889282476, 0.0 ], [ 114.299279145362448, -7.752827193182497, 0.0 ], [ 114.299404934654945, -7.752709217365009, 0.0 ], [ 114.299559420629976, -7.752559702297503, 0.0 ], [ 114.299589045269954, -7.752528564509987, 0.0 ], [ 114.300297116242518, -7.75265507387752, 0.0 ], [ 114.300538503439952, -7.752681008659977, 0.0 ], [ 114.30064717533503, -7.752235270452502, 0.0 ], [ 114.30080362502747, -7.752254188170014, 0.0 ], [ 114.301046359697466, -7.752237365527492, 0.0 ], [ 114.301285999672473, -7.752259843774993, 0.0 ], [ 114.301447323624984, -7.75224657345251, 0.0 ], [ 114.30161151050504, -7.752251197032479, 0.0 ], [ 114.301862665985027, -7.75225111308248, 0.0 ], [ 114.302069468942477, -7.752238809997493, 0.0 ], [ 114.302516962005029, -7.752186072712504, 0.0 ], [ 114.30279715821996, -7.752171423619984, 0.0 ], [ 114.303048438565042, -7.752138094062502, 0.0 ], [ 114.303385339137549, -7.752122101790007, 0.0 ], [ 114.30389069897501, -7.752101791620021, 0.0 ] ] ] } },
{ "type": "Feature", "properties": { "NAMOBJ": "Jaringan Irigasi Sekunder", "REMARK": "DI Plalangan" }, "geometry": { "type": "MultiLineString", "coordinates": [ [ [ 113.667832443630004, -7.806173862200012, 0.0 ], [ 113.667984001097466, -7.806072446462508, 0.0 ], [ 113.668051186994944, -7.806063433597501, 0.0 ], [ 113.668100676979975, -7.805971237912502, 0.0 ], [ 113.668121094787466, -7.805915013382503, 0.0 ], [ 113.668147084845032, -7.805832323392508, 0.0 ], [ 113.668158405415056, -7.805767659137473, 0.0 ], [ 113.668202659122471, -7.805723959185002, 0.0 ], [ 113.668353549139965, -7.805590137977504, 0.0 ], [ 113.668440456652547, -7.805432333645001, 0.0 ], [ 113.668522997452556, -7.805240839789974, 0.0 ], [ 113.668561436365053, -7.805238338350023, 0.0 ], [ 113.668572592542546, -7.805160427782482, 0.0 ], [ 113.668566512744974, -7.805082185042522, 0.0 ], [ 113.668580248882449, -7.805044052934988, 0.0 ], [ 113.668649839572481, -7.805042585472506, 0.0 ], [ 113.668720153402546, -7.80503031738499, 0.0 ], [ 113.668782312329995, -7.805021995380002, 0.0 ], [ 113.668864690534974, -7.804988308554982, 0.0 ], [ 113.668947758650006, -7.804917032637491, 0.0 ], [ 113.668975710627478, -7.80483402890502, 0.0 ], [ 113.668984529387444, -7.804669613065016, 0.0 ], [ 113.668992607039968, -7.804552761062496, 0.0 ], [ 113.669033903492505, -7.804392118015016, 0.0 ], [ 113.669013151509944, -7.804262914060018, 0.0 ] ] ] } },
{ "type": "Feature", "properties": { "NAMOBJ": "Jaringan Irigasi Sekunder", "REMARK": "DI Klompang 1" }, "geometry": { "type": "MultiLineString", "coordinates": [ [ [ 113.790397350302555, -7.741704747507526, 0.0 ], [ 113.790459389752527, -7.741263017212475, 0.0 ], [ 113.790525732132551, -7.741139493112485, 0.0 ], [ 113.790592259567461, -7.74101562504751, 0.0 ], [ 113.790587590125028, -7.740745269030015, 0.0 ], [ 113.79058758922497, -7.740745227970024, 0.0 ], [ 113.790587592819975, -7.740745186907475, 0.0 ], [ 113.790590157509996, -7.740717144137477, 0.0 ], [ 113.790618111284971, -7.740411499680022, 0.0 ], [ 113.790667006584954, -7.740023514769973, 0.0 ], [ 113.790667011974961, -7.74002347462249, 0.0 ], [ 113.79062066698998, -7.739958522774998, 0.0 ], [ 113.790574277990004, -7.739893510712477, 0.0 ], [ 113.790574279787506, -7.739893469652486, 0.0 ], [ 113.790588712119984, -7.739557228187493, 0.0 ], [ 113.790800790882486, -7.739472036180018, 0.0 ], [ 113.790944835739992, -7.739373252162522, 0.0 ], [ 113.791023171527513, -7.739322277497479, 0.0 ], [ 113.791145229217477, -7.739242852292477, 0.0 ], [ 113.791354755867474, -7.739125361962522, 0.0 ], [ 113.79132177063002, -7.738822715147478, 0.0 ], [ 113.791280845182541, -7.738456825959986, 0.0 ], [ 113.791240395839964, -7.738064149115019, 0.0 ], [ 113.79118646009249, -7.737588649730014, 0.0 ], [ 113.791053757365034, -7.736173470057508, 0.0 ], [ 113.790972399645057, -7.735489306462512, 0.0 ], [ 113.790900064605012, -7.734805414030006, 0.0 ], [ 113.790884911822445, -7.734624816094993, 0.0 ], [ 113.790866540374964, -7.734510943062503, 0.0 ], [ 113.790845216167554, -7.734378759902484, 0.0 ] ] ] } },
{ "type": "Feature", "properties": { "NAMOBJ": "Jaringan Irigasi Sekunder", "REMARK": "DI Malang" }, "geometry": { "type": "MultiLineString", "coordinates": [ [ [ 113.700511365119951, -7.835786734827479, 0.0 ], [ 113.700533416964959, -7.835741206480009, 0.0 ], [ 113.70051333692254, -7.835710603877487, 0.0 ], [ 113.700561760607457, -7.835680968702491, 0.0 ], [ 113.700593673257458, -7.835677164712479, 0.0 ], [ 113.700672068335052, -7.835641315197506, 0.0 ], [ 113.700718753780052, -7.835629519905012, 0.0 ], [ 113.700785609097466, -7.835600926087523, 0.0 ], [ 113.700882472640046, -7.835566267609977, 0.0 ], [ 113.700958086532523, -7.835540906457481, 0.0 ], [ 113.701069456965001, -7.835516113897484, 0.0 ], [ 113.701147121712552, -7.835500730007482, 0.0 ], [ 113.701229817922467, -7.835474405997502, 0.0 ], [ 113.701299616119968, -7.835435492682507, 0.0 ], [ 113.701362269119954, -7.8353874043475, 0.0 ], [ 113.701417259489972, -7.835342786885008, 0.0 ], [ 113.701523778122464, -7.835283690907488, 0.0 ], [ 113.701630578827462, -7.835231889867487, 0.0 ], [ 113.701688161734978, -7.835215722922499, 0.0 ], [ 113.701732201642471, -7.835168481565006, 0.0 ], [ 113.70175596208253, -7.83512941859999, 0.0 ], [ 113.701781675457482, -7.835074149455011, 0.0 ], [ 113.70181562459004, -7.834994925612477, 0.0 ], [ 113.701830090160001, -7.834957469867504, 0.0 ], [ 113.70195401993999, -7.834943629312477, 0.0 ], [ 113.702046119714964, -7.834925385154975, 0.0 ], [ 113.702124771710032, -7.83489102973499, 0.0 ], [ 113.702217521865009, -7.834875350165021, 0.0 ], [ 113.702314354862551, -7.834816652172492, 0.0 ], [ 113.702388640147547, -7.834779519525, 0.0 ], [ 113.702440887960051, -7.8347540790175, 0.0 ], [ 113.702545036837478, -7.834651092209981, 0.0 ], [ 113.702620853749977, -7.834574625605001, 0.0 ], [ 113.702702194402491, -7.834469763317486, 0.0 ], [ 113.702764625517489, -7.834411529927479, 0.0 ], [ 113.702819718295018, -7.834341817979976, 0.0 ], [ 113.702929097164997, -7.834296511565014, 0.0 ], [ 113.702998253067449, -7.834270784512512, 0.0 ], [ 113.703087743237461, -7.834231211452504, 0.0 ], [ 113.703140362952468, -7.834208540907525, 0.0 ], [ 113.703173845857464, -7.834192054569996, 0.0 ], [ 113.703243457207464, -7.834118053145005, 0.0 ], [ 113.703302638219952, -7.834096110000019, 0.0 ], [ 113.703335364742543, -7.834081926312479, 0.0 ], [ 113.703364200662463, -7.834055528465001, 0.0 ], [ 113.703380550002521, -7.834020848207501, 0.0 ], [ 113.703394856569957, -7.833986062994995, 0.0 ], [ 113.703457435907467, -7.833944792410023, 0.0 ], [ 113.703517703880038, -7.83389472650498, 0.0 ], [ 113.703587865000031, -7.83385660096252, 0.0 ], [ 113.703636352464969, -7.833824923377506, 0.0 ], [ 113.703672137752505, -7.833807942390024, 0.0 ], [ 113.703729931764997, -7.833784056204991, 0.0 ], [ 113.703779695737467, -7.833736395179983, 0.0 ], [ 113.703845398517501, -7.833661321459999, 0.0 ], [ 113.703887067769983, -7.833602511377478, 0.0 ] ] ] } },
{ "type": "Feature", "properties": { "NAMOBJ": "Jaringan Irigasi Primer", "REMARK": "DI Sampean Lama" }, "geometry": { "type": "MultiLineString", "coordinates": [ [ [ 113.934244386304954, -7.746223288920021, 0.0 ], [ 113.934314683970001, -7.7457786249675, 0.0 ], [ 113.934571927330012, -7.744859578264993, 0.0 ], [ 113.934697563009991, -7.744401568982482, 0.0 ], [ 113.934703651792461, -7.743983226224998, 0.0 ], [ 113.93465287003005, -7.743571250177524, 0.0 ], [ 113.934506831812541, -7.742813339184977, 0.0 ], [ 113.934305413354991, -7.742276910022497, 0.0 ], [ 113.933792674754955, -7.74090602340749, 0.0 ], [ 113.933069158150033, -7.739030090085009, 0.0 ], [ 113.932322157787553, -7.737106658735001, 0.0 ], [ 113.932355830237498, -7.736777761967517, 0.0 ], [ 113.932356491397513, -7.736006885942516, 0.0 ], [ 113.932300550609966, -7.735714459877499, 0.0 ], [ 113.932100793137465, -7.735417045630015, 0.0 ], [ 113.931889343195053, -7.735161543275012, 0.0 ] ] ] } },
{ "type": "Feature", "properties": { "NAMOBJ": "Jaringan Irigasi Sekunder", "REMARK": "DI Makam" }, "geometry": { "type": "MultiLineString", "coordinates": [ [ [ 113.820825040690011, -7.782115661769978, 0.0 ], [ 113.82082314075501, -7.781949789972487, 0.0 ], [ 113.820743242794947, -7.781788473694974, 0.0 ], [ 113.820653219027463, -7.781738661174984, 0.0 ], [ 113.820550111297507, -7.781569436810003, 0.0 ], [ 113.820454193685009, -7.781377119512513, 0.0 ], [ 113.820315942062507, -7.781219847869977, 0.0 ], [ 113.820213446985008, -7.781103733192481, 0.0 ], [ 113.820069531485046, -7.781002056904981, 0.0 ], [ 113.81987964200755, -7.780855239565028, 0.0 ], [ 113.819649385834964, -7.780712264107478, 0.0 ], [ 113.819555561295033, -7.780628663677476, 0.0 ], [ 113.819457218227512, -7.780475444937508, 0.0 ], [ 113.819445505095018, -7.780417599404984, 0.0 ], [ 113.819346349952525, -7.780205872727493, 0.0 ], [ 113.819182385855015, -7.780024893527525, 0.0 ], [ 113.81905094525996, -7.779928513920026, 0.0 ], [ 113.818953014520048, -7.779843864215024, 0.0 ], [ 113.818886346949967, -7.779747374229999, 0.0 ], [ 113.818825396257466, -7.779629527935015, 0.0 ], [ 113.818739373587505, -7.779540971677477, 0.0 ], [ 113.818556469407554, -7.779440401764987, 0.0 ], [ 113.818445478962531, -7.779392399097503, 0.0 ], [ 113.818346946352449, -7.779305349500021, 0.0 ], [ 113.818269788254952, -7.779219681514974, 0.0 ], [ 113.818207967995022, -7.779160420794994, 0.0 ], [ 113.818079897880011, -7.77911909433999, 0.0 ], [ 113.817955884554976, -7.779056462689994, 0.0 ], [ 113.817891402585019, -7.778984753049997, 0.0 ], [ 113.817759493072458, -7.778831214590014, 0.0 ], [ 113.817635555207517, -7.778664885959984, 0.0 ], [ 113.81748565243754, -7.778521995182473, 0.0 ], [ 113.817234213989991, -7.77834500724498, 0.0 ], [ 113.817022846689952, -7.778271059252518, 0.0 ], [ 113.816843613927517, -7.778243634572505, 0.0 ], [ 113.816541512292474, -7.778085656855012, 0.0 ], [ 113.816394901850003, -7.778024459872483, 0.0 ], [ 113.816308701312551, -7.777934181062506, 0.0 ], [ 113.816285856255035, -7.777808983820023, 0.0 ], [ 113.816123526192541, -7.777596224512479, 0.0 ], [ 113.815948560424999, -7.777435804157506, 0.0 ], [ 113.81581312681999, -7.777286717627476, 0.0 ], [ 113.815744564702527, -7.777148587122497, 0.0 ], [ 113.81573307075746, -7.777027240119992, 0.0 ] ] ] } },
{ "type": "Feature", "properties": { "NAMOBJ": "Jaringan Irigasi Sekunder", "REMARK": "DI Pao" }, "geometry": { "type": "MultiLineString", "coordinates": [ [ [ 113.693838134809994, -7.790594490830017, 0.0 ], [ 113.693825006830025, -7.790529727572505, 0.0 ], [ 113.693826118047468, -7.79044438222752, 0.0 ], [ 113.693806156582468, -7.790367993770019, 0.0 ], [ 113.69378264857005, -7.790206198887518, 0.0 ], [ 113.693772028687476, -7.790127623045009, 0.0 ], [ 113.693772689847492, -7.790076876915009, 0.0 ], [ 113.693745172652484, -7.790044225202507, 0.0 ], [ 113.693724578775004, -7.790016276872507, 0.0 ], [ 113.69372079327502, -7.789949321712527, 0.0 ], [ 113.693706212720031, -7.789817634439999, 0.0 ], [ 113.693648327080041, -7.789613873505004, 0.0 ], [ 113.693590080317449, -7.789437792662511, 0.0 ], [ 113.693544450392551, -7.789365689799979, 0.0 ], [ 113.693505713240029, -7.78930059728998, 0.0 ], [ 113.693467277024979, -7.789212437834976, 0.0 ], [ 113.693344876177548, -7.789114218260011, 0.0 ], [ 113.693243179699948, -7.789029932687527, 0.0 ], [ 113.69317030028003, -7.788985755339979, 0.0 ], [ 113.693069644052457, -7.788928020910021, 0.0 ], [ 113.692938962534981, -7.78883405669751, 0.0 ], [ 113.692930251570033, -7.788764489957487, 0.0 ], [ 113.692898541940053, -7.788679618584979, 0.0 ], [ 113.692859096017514, -7.788620872159981, 0.0 ], [ 113.692825344514972, -7.788537489212501, 0.0 ], [ 113.69279237454748, -7.788462980064992, 0.0 ], [ 113.69279091478495, -7.788357630790017, 0.0 ], [ 113.692818338554957, -7.788219031325013, 0.0 ], [ 113.692821778202529, -7.788138086827473, 0.0 ], [ 113.692807268614956, -7.788007209552518, 0.0 ], [ 113.692790114385048, -7.787785428162522, 0.0 ], [ 113.692772811935015, -7.787584607557505, 0.0 ], [ 113.692730466252556, -7.787398685552489, 0.0 ], [ 113.69266763448752, -7.787245781059994, 0.0 ], [ 113.69265472839254, -7.787121754665009, 0.0 ], [ 113.692666667002527, -7.786924243320016, 0.0 ], [ 113.692739667695037, -7.786820707682523, 0.0 ] ] ] } },
{ "type": "Feature", "properties": { "NAMOBJ": "Jaringan Irigasi Sekunder", "REMARK": "DI Sbr. Bringin" }, "geometry": { "type": "MultiLineString", "coordinates": [ [ [ 113.591236687224978, -7.753907534319978, 0.0 ], [ 113.591327335319988, -7.753541292014972, 0.0 ], [ 113.591407779455039, -7.753495857240011, 0.0 ], [ 113.591460427017523, -7.753502213654997, 0.0 ], [ 113.591584481664995, -7.75336641122999, 0.0 ], [ 113.591645639867465, -7.753150660967492, 0.0 ], [ 113.591792401227508, -7.752899911340023, 0.0 ], [ 113.591993457665012, -7.752833065054972, 0.0 ], [ 113.592237961117462, -7.752582609432523, 0.0 ], [ 113.592378756767516, -7.75240437381251, 0.0 ], [ 113.592522714487473, -7.752332037157487, 0.0 ], [ 113.592669050047448, -7.752312764479996, 0.0 ], [ 113.592748426082494, -7.752174423882479, 0.0 ], [ 113.592792459702537, -7.751985156447518, 0.0 ] ] ] } },
{ "type": "Feature", "properties": { "NAMOBJ": "Jaringan Irigasi Sekunder", "REMARK": "DI Sbr. Polay" }, "geometry": { "type": "MultiLineString", "coordinates": [ [ [ 114.082283009034995, -7.714902409562512, 0.0 ], [ 114.082457317235026, -7.714921923279974, 0.0 ], [ 114.082660003214983, -7.714928917814973, 0.0 ], [ 114.082708677530036, -7.714864897647487, 0.0 ], [ 114.082731945692444, -7.714705100005006, 0.0 ], [ 114.082792881112482, -7.714363413652507, 0.0 ], [ 114.082837234532462, -7.714125696502492, 0.0 ], [ 114.08283653833746, -7.714078290497525, 0.0 ], [ 114.082646996507492, -7.713993928312505, 0.0 ], [ 114.082624517065028, -7.713977036900019, 0.0 ], [ 114.082649968135001, -7.713735361937495, 0.0 ], [ 114.082683407919944, -7.713606492582528, 0.0 ], [ 114.082732220577554, -7.713431735577501, 0.0 ], [ 114.082690660020035, -7.713421060414987, 0.0 ], [ 114.082635958907531, -7.713443785737525, 0.0 ], [ 114.082583754212465, -7.713442139754989, 0.0 ], [ 114.082546629537546, -7.713430976455015, 0.0 ], [ 114.082541504649953, -7.713354981167527, 0.0 ], [ 114.082571635939985, -7.713213276190004, 0.0 ], [ 114.082569865360028, -7.713145557380017, 0.0 ] ] ] } },
{ "type": "Feature", "properties": { "NAMOBJ": "Jaringan Irigasi Primer", "REMARK": "DI Nangger" }, "geometry": { "type": "MultiLineString", "coordinates": [ [ [ 113.728283640019981, -7.756692840189999, 0.0 ], [ 113.728516559697482, -7.756694639634986, 0.0 ], [ 113.728857120005046, -7.756661519602517, 0.0 ], [ 113.729072400364998, -7.756609590252481, 0.0 ], [ 113.729944789372553, -7.756556009287522, 0.0 ] ] ] } },
{ "type": "Feature", "properties": { "NAMOBJ": "Jaringan Irigasi Sekunder", "REMARK": "DI Sbr. Nam - Nam" }, "geometry": { "type": "MultiLineString", "coordinates": [ [ [ 113.655235110584954, -7.740221034765, 0.0 ], [ 113.655200785957504, -7.740118137192496, 0.0 ], [ 113.655182236645032, -7.740003431460025, 0.0 ], [ 113.6551532632825, -7.739888217517489, 0.0 ], [ 113.655141338147473, -7.739790752825002, 0.0 ], [ 113.655183919189994, -7.739630329174986, 0.0 ], [ 113.65506050234751, -7.739605985597507, 0.0 ], [ 113.654908281925032, -7.739542872422476, 0.0 ], [ 113.654805641317466, -7.739521331932508, 0.0 ], [ 113.654795175944969, -7.739358403674998, 0.0 ], [ 113.654658241254992, -7.739279717557508, 0.0 ], [ 113.654535861067529, -7.739212791255, 0.0 ], [ 113.654470659547542, -7.739188219587504, 0.0 ], [ 113.654537245372467, -7.738991776767477, 0.0 ], [ 113.654559251402475, -7.738824822932486, 0.0 ], [ 113.654507986345038, -7.738768921044993, 0.0 ], [ 113.654472057327553, -7.738637438267517, 0.0 ], [ 113.654554563992519, -7.738441892645028, 0.0 ] ] ] } },
{ "type": "Feature", "properties": { "NAMOBJ": "Jaringan Irigasi Sekunder", "REMARK": "DI Loji" }, "geometry": { "type": "MultiLineString", "coordinates": [ [ [ 113.633392101937488, -7.794051343337514, 0.0 ], [ 113.633418955275033, -7.79402773405252, 0.0 ], [ 113.633493267509948, -7.794001959222498, 0.0 ], [ 113.633549982645036, -7.794012608084984, 0.0 ], [ 113.633602023845015, -7.794053073585019, 0.0 ], [ 113.633658525182454, -7.794055104067525, 0.0 ], [ 113.633744143612489, -7.794059451587486, 0.0 ], [ 113.633861110550015, -7.794066948409977, 0.0 ], [ 113.633938839077473, -7.794085930930009, 0.0 ], [ 113.634036307182555, -7.794117280699993, 0.0 ], [ 113.634113475160007, -7.79415203803751, 0.0 ], [ 113.634193818682547, -7.7941798451875, 0.0 ], [ 113.634341473867494, -7.794149327682476, 0.0 ], [ 113.634420208507549, -7.794106695715016, 0.0 ], [ 113.634474173900003, -7.794055994745008, 0.0 ], [ 113.634521643574999, -7.793997327892498, 0.0 ], [ 113.634572892462529, -7.793930958899978, 0.0 ], [ 113.634628056207475, -7.793879933072503, 0.0 ], [ 113.634694156939986, -7.793702873112522, 0.0 ], [ 113.634677320715014, -7.793630408155025, 0.0 ], [ 113.634728192310035, -7.793590262097496, 0.0 ], [ 113.634791862202519, -7.793510287569973, 0.0 ], [ 113.63484837521753, -7.793414282747506, 0.0 ], [ 113.634908512035054, -7.793307955802504, 0.0 ], [ 113.634981238742512, -7.793253931325012, 0.0 ], [ 113.635074703057512, -7.793167405482507, 0.0 ], [ 113.63516191240501, -7.79305571722, 0.0 ], [ 113.635233171264986, -7.792966593314986, 0.0 ] ] ] } },
{ "type": "Feature", "properties": { "NAMOBJ": "Jaringan Irigasi Sekunder", "REMARK": "DI Kalorkoran" }, "geometry": { "type": "MultiLineString", "coordinates": [ [ [ 114.310359037942476, -7.775006228074972, 0.0 ], [ 114.310358984042523, -7.775006109444973, 0.0 ] ] ] } },
{ "type": "Feature", "properties": { "NAMOBJ": "Jaringan Irigasi Sekunder", "REMARK": "DI Kokap 3" }, "geometry": { "type": "MultiLineString", "coordinates": [ [ [ 113.796396023987541, -7.771692799300013, 0.0 ], [ 113.796338377300003, -7.771587702335012, 0.0 ], [ 113.796341647167537, -7.771368552007516, 0.0 ], [ 113.79631073074745, -7.771088758787528, 0.0 ], [ 113.796260827537481, -7.771000165044995, 0.0 ], [ 113.796220199432469, -7.770806058435028, 0.0 ] ] ] } },
{ "type": "Feature", "properties": { "NAMOBJ": "Jaringan Irigasi Sekunder", "REMARK": "DI Sbr. Baruh" }, "geometry": { "type": "MultiLineString", "coordinates": [ [ [ 113.604463075429976, -7.795060088265018, 0.0 ], [ 113.604305321382526, -7.7950367581725, 0.0 ], [ 113.604257051310015, -7.794967862087503, 0.0 ], [ 113.604218085987554, -7.794886387022473, 0.0 ], [ 113.604132007620024, -7.794791648552518, 0.0 ], [ 113.604111683235033, -7.794757551872522, 0.0 ], [ 113.604106579907466, -7.794700669930023, 0.0 ], [ 113.604125110354971, -7.794506248742493, 0.0 ], [ 113.604148326415043, -7.794378070762491, 0.0 ], [ 113.604171123860056, -7.794259251302492, 0.0 ], [ 113.604202387027499, -7.794209795070003, 0.0 ], [ 113.604197431022499, -7.794165909214996, 0.0 ], [ 113.604170473480053, -7.7941253862125, 0.0 ], [ 113.604111783847543, -7.794085994810018, 0.0 ], [ 113.604051273330015, -7.794071063219974, 0.0 ], [ 113.604010388305028, -7.794051756734973, 0.0 ], [ 113.603927452244989, -7.794049541909999, 0.0 ], [ 113.603825623717512, -7.794046493902499, 0.0 ], [ 113.603744952309967, -7.794034635872492, 0.0 ], [ 113.603666253602455, -7.79401131861249, 0.0 ], [ 113.603589958787552, -7.793991355987487, 0.0 ], [ 113.603541713864956, -7.793946651575027, 0.0 ], [ 113.603483344034998, -7.793933253117473, 0.0 ], [ 113.603438617814959, -7.793899161979994, 0.0 ], [ 113.603399685727481, -7.793890226939993, 0.0 ], [ 113.603338327200049, -7.793869838144985, 0.0 ], [ 113.603305453352505, -7.793839520517508, 0.0 ], [ 113.603280127482549, -7.793813807180015, 0.0 ] ] ] } },
{ "type": "Feature", "properties": { "NAMOBJ": "Jaringan Irigasi Primer", "REMARK": "DI Banyuputih" }, "geometry": { "type": "MultiLineString", "coordinates": [ [ [ 114.231780483209945, -7.792459507647493, 0.0 ], [ 114.231858356365024, -7.792570732167519, 0.0 ], [ 114.232278704137457, -7.793171104150019, 0.0 ], [ 114.232325161412518, -7.7932005876375, 0.0 ], [ 114.232493343100032, -7.793275870555021, 0.0 ], [ 114.232545234282497, -7.793348727862508, 0.0 ], [ 114.232569990954971, -7.79346602671751, 0.0 ], [ 114.232597341062501, -7.793815332670022, 0.0 ], [ 114.232597413825033, -7.794161965967476, 0.0 ], [ 114.232559054864964, -7.794346712759989, 0.0 ], [ 114.232607789367535, -7.794487729792479, 0.0 ], [ 114.23288108921497, -7.794745733977493, 0.0 ], [ 114.233089263899956, -7.794847582340026, 0.0 ], [ 114.234155663854949, -7.794853310597489, 0.0 ], [ 114.234361908959954, -7.794846715390008, 0.0 ], [ 114.235586318082483, -7.794373149230012, 0.0 ], [ 114.235643386254992, -7.794408149332526, 0.0 ], [ 114.235681376010007, -7.794463382207482, 0.0 ], [ 114.235675822625012, -7.794530283317499, 0.0 ], [ 114.235578438059974, -7.794759147972513, 0.0 ], [ 114.235551956625045, -7.795141475754974, 0.0 ], [ 114.235659390639967, -7.79557249095501, 0.0 ], [ 114.235858822024966, -7.795865450382507, 0.0 ], [ 114.236319905700043, -7.796505643852527, 0.0 ], [ 114.236363445245047, -7.796729264944986, 0.0 ], [ 114.236253282147459, -7.796994700730011, 0.0 ], [ 114.236169522332489, -7.797063228454988, 0.0 ], [ 114.236119436762465, -7.797085030079984, 0.0 ], [ 114.236036789960053, -7.797227999117524, 0.0 ], [ 114.236036303072524, -7.797370862342518, 0.0 ], [ 114.236066734402471, -7.797578111202483, 0.0 ], [ 114.236167645750015, -7.797775268795021, 0.0 ], [ 114.236216399117552, -7.797839523009998, 0.0 ], [ 114.236137887260043, -7.798051280269988, 0.0 ], [ 114.23606960092502, -7.798110702382473, 0.0 ], [ 114.235700105882529, -7.798563827977489, 0.0 ], [ 114.235628300847452, -7.798809822219994, 0.0 ], [ 114.235692256404946, -7.799114192117486, 0.0 ], [ 114.235863636095019, -7.799431919792482, 0.0 ], [ 114.235934682952461, -7.799819416987475, 0.0 ], [ 114.235929955120014, -7.800150840424976, 0.0 ], [ 114.2358630189525, -7.800571983677514, 0.0 ], [ 114.235824152445048, -7.800893978794988, 0.0 ], [ 114.235859617932533, -7.801023168047493, 0.0 ], [ 114.236022291152494, -7.801122448950025, 0.0 ], [ 114.237306758937507, -7.801405050582503, 0.0 ], [ 114.237686979864975, -7.80138707159, 0.0 ], [ 114.238082183792471, -7.801539076732524, 0.0 ], [ 114.238401969662505, -7.801756323239999, 0.0 ], [ 114.238524825954983, -7.802029656982484, 0.0 ], [ 114.238460619767466, -7.802316114012513, 0.0 ], [ 114.238257638242544, -7.802563415417524, 0.0 ], [ 114.237998075432529, -7.802951989564974, 0.0 ], [ 114.237948344697543, -7.803224197922475, 0.0 ], [ 114.238006872632468, -7.803437346809972, 0.0 ], [ 114.238168818217446, -7.803598577212483, 0.0 ], [ 114.23829524800999, -7.803692637740028, 0.0 ], [ 114.238549278995038, -7.804067396167511, 0.0 ], [ 114.239475834617451, -7.806676731397488, 0.0 ], [ 114.240702962040018, -7.80387213662749, 0.0 ], [ 114.240731532059954, -7.803399673887498, 0.0 ], [ 114.240572203267448, -7.803022108897494, 0.0 ], [ 114.240466730274989, -7.802656847850017, 0.0 ], [ 114.240398073832466, -7.802160342320008, 0.0 ], [ 114.240275366659944, -7.80168141391249, 0.0 ], [ 114.240174434650044, -7.801537317252496, 0.0 ], [ 114.239785023059994, -7.801153866764992, 0.0 ], [ 114.239379261232443, -7.800522481087512, 0.0 ], [ 114.239204361042539, -7.800143619097526, 0.0 ], [ 114.239081178659944, -7.799554717742524, 0.0 ], [ 114.239071380737528, -7.799002178342505, 0.0 ], [ 114.239065367415037, -7.798822841192475, 0.0 ], [ 114.238979874747542, -7.798700360117493, 0.0 ], [ 114.238887004220032, -7.798606518792496, 0.0 ], [ 114.238320988334976, -7.798287261322514, 0.0 ], [ 114.237802294802464, -7.797660637162494, 0.0 ], [ 114.23779632819253, -7.797474127657495, 0.0 ], [ 114.237942876652482, -7.797059113617479, 0.0 ], [ 114.237922904407469, -7.796815139009993, 0.0 ], [ 114.237888126132475, -7.796635614779973, 0.0 ], [ 114.23768048324996, -7.79649799276001, 0.0 ], [ 114.237529614789992, -7.796475492127513, 0.0 ], [ 114.237335270567542, -7.796502910667527, 0.0 ], [ 114.237162594607526, -7.7965161276, 0.0 ], [ 114.23701205582995, -7.796443425810025, 0.0 ], [ 114.236625111012472, -7.796232914102518, 0.0 ], [ 114.236482281577537, -7.79608137169248, 0.0 ], [ 114.236354775605037, -7.795786491135004, 0.0 ], [ 114.236262506947469, -7.794505705760002, 0.0 ], [ 114.236329461080004, -7.794165477565002, 0.0 ], [ 114.236440477577503, -7.793685685647517, 0.0 ], [ 114.236434628647544, -7.793481247572515, 0.0 ], [ 114.236306934924983, -7.793215054694997, 0.0 ], [ 114.235683389135033, -7.791801706642502, 0.0 ], [ 114.235632587607483, -7.791324444270003, 0.0 ], [ 114.235728445932523, -7.790962889079992, 0.0 ], [ 114.23576261605001, -7.790686994402506, 0.0 ], [ 114.235703353292479, -7.790403318422477, 0.0 ], [ 114.235597622482487, -7.790285376129987, 0.0 ], [ 114.235364257240008, -7.790025057610023, 0.0 ], [ 114.235069528079975, -7.790008790160016, 0.0 ], [ 114.234687897695039, -7.790085188592514, 0.0 ], [ 114.234428887347462, -7.790105014150015, 0.0 ], [ 114.234206348599969, -7.790046185400001, 0.0 ], [ 114.234106478400008, -7.789923611007509, 0.0 ], [ 114.234035559102495, -7.78977253805499, 0.0 ], [ 114.233928261630012, -7.789685774732504, 0.0 ], [ 114.233705771392465, -7.789619775082485, 0.0 ], [ 114.233418704862515, -7.789531837312495, 0.0 ], [ 114.233254117332535, -7.789408839634973, 0.0 ], [ 114.23314776308996, -7.789178644567528, 0.0 ], [ 114.233068632292543, -7.788088003452515, 0.0 ], [ 114.233201315257475, -7.787594009700001, 0.0 ], [ 114.233268997925052, -7.787142624057481, 0.0 ], [ 114.233277272307532, -7.786977724027508, 0.0 ], [ 114.233220405355041, -7.786876947052519, 0.0 ], [ 114.233141871940006, -7.786790371387497, 0.0 ], [ 114.233139907322538, -7.785994279622514, 0.0 ], [ 114.233234375057464, -7.78584428669501, 0.0 ], [ 114.233322265325, -7.785601016560008, 0.0 ], [ 114.233302904835, -7.785263813240022, 0.0 ], [ 114.233234764027543, -7.784689617137474, 0.0 ], [ 114.233388498112504, -7.784274651934993, 0.0 ], [ 114.233562675157486, -7.784031944820015, 0.0 ], [ 114.233786574852502, -7.783882796692524, 0.0 ], [ 114.233902472794966, -7.783754459442491, 0.0 ], [ 114.233920525339954, -7.783195170099987, 0.0 ], [ 114.233828410292517, -7.782986583980005, 0.0 ], [ 114.233744239049997, -7.782663300057493, 0.0 ], [ 114.233824465790008, -7.782491699042509, 0.0 ], [ 114.233947648172489, -7.782349065245, 0.0 ], [ 114.234106642790039, -7.78222818035249, 0.0 ], [ 114.234301731717551, -7.782086014785023, 0.0 ], [ 114.234309627909965, -7.781978487897504, 0.0 ], [ 114.234216807685016, -7.781877475739975, 0.0 ], [ 114.234073558737464, -7.781790478569974, 0.0 ], [ 114.233822026865028, -7.781767321669975, 0.0 ], [ 114.233606636012496, -7.781715714164989, 0.0 ], [ 114.23306207998246, -7.781359522805019, 0.0 ] ] ] } },
{ "type": "Feature", "properties": { "NAMOBJ": "Jaringan Irigasi Sekunder", "REMARK": "DI Suren" }, "geometry": { "type": "MultiLineString", "coordinates": [ [ [ 113.653538114859998, -7.825700864697524, 0.0 ], [ 113.653664991112464, -7.825628926407489, 0.0 ], [ 113.653782405412471, -7.825486744639989, 0.0 ], [ 113.653851264872515, -7.825340301787492, 0.0 ], [ 113.653856695187528, -7.825286119040015, 0.0 ], [ 113.653916127727484, -7.825217251865013, 0.0 ], [ 113.65396436007245, -7.8251945863625, 0.0 ], [ 113.654050894782472, -7.825200133410021, 0.0 ], [ 113.654118175902454, -7.825185316642489, 0.0 ], [ 113.654220371842484, -7.825165483075011, 0.0 ], [ 113.654280556272511, -7.825157729255011, 0.0 ], [ 113.65435882828001, -7.825063626602514, 0.0 ], [ 113.654440974720046, -7.824999503380013, 0.0 ], [ 113.654522460900012, -7.824941880012489, 0.0 ], [ 113.654582933687493, -7.824922483612511, 0.0 ], [ 113.654663904235008, -7.824859953884982, 0.0 ] ] ] } },
{ "type": "Feature", "properties": { "NAMOBJ": "Jaringan Irigasi Sekunder", "REMARK": "DI Jeruk A" }, "geometry": { "type": "MultiLineString", "coordinates": [ [ [ 113.669772388722549, -7.802030704642505, 0.0 ], [ 113.669764819519969, -7.801952663242503, 0.0 ], [ 113.669733298534993, -7.801909598844986, 0.0 ], [ 113.669700037512484, -7.801878917437477, 0.0 ], [ 113.669667927232467, -7.801855703785009, 0.0 ], [ 113.669640813382443, -7.80181818522999, 0.0 ], [ 113.669627873150034, -7.801767156639983, 0.0 ], [ 113.669628639412508, -7.80169667429999, 0.0 ], [ 113.66964398443497, -7.801587488889993, 0.0 ], [ 113.669667954182501, -7.801487221367495, 0.0 ], [ 113.669697229377448, -7.801420692424983, 0.0 ], [ 113.669727630164971, -7.801298245287512, 0.0 ], [ 113.669737162187516, -7.801168999372521, 0.0 ], [ 113.669764093679987, -7.801061869255022, 0.0 ], [ 113.669804220524952, -7.800968858784984, 0.0 ], [ 113.669848557775026, -7.800875138337517, 0.0 ], [ 113.669899008957486, -7.800817415999973, 0.0 ], [ 113.669955920825032, -7.800780493457523, 0.0 ], [ 113.670009469397542, -7.800694993674995, 0.0 ], [ 113.670075421910042, -7.800585555732482, 0.0 ], [ 113.670089647629993, -7.800496166527523, 0.0 ], [ 113.670076944555035, -7.800414027872478, 0.0 ], [ 113.670036886879984, -7.800301430612478, 0.0 ] ] ] } },
{ "type": "Feature", "properties": { "NAMOBJ": "Jaringan Irigasi Sekunder", "REMARK": "DI Kocean" }, "geometry": { "type": "MultiLineString", "coordinates": [ [ [ 113.670410336305054, -7.799347360245008, 0.0 ], [ 113.670519619952529, -7.799239380959989, 0.0 ], [ 113.670562056367544, -7.799177575009992, 0.0 ], [ 113.670617101534958, -7.799089350559996, 0.0 ], [ 113.670661224087553, -7.798928033330014, 0.0 ], [ 113.670725326067554, -7.798721040254975, 0.0 ], [ 113.670750689102533, -7.798568359884996, 0.0 ], [ 113.670794832314982, -7.798399974864992, 0.0 ], [ 113.670839414804959, -7.798290323050026, 0.0 ], [ 113.670964673192543, -7.798022429785021, 0.0 ], [ 113.67103750500246, -7.79790910490749, 0.0 ], [ 113.671078063937443, -7.797797057679986, 0.0 ], [ 113.671076128067511, -7.797679946547476, 0.0 ], [ 113.671070331240003, -7.797639775472476, 0.0 ], [ 113.671041371352544, -7.797587515389978, 0.0 ], [ 113.67104280416504, -7.797555835009973, 0.0 ], [ 113.671039150717547, -7.797516724367483, 0.0 ], [ 113.671023284672515, -7.797485915512482, 0.0 ], [ 113.671012056630047, -7.797440935135, 0.0 ], [ 113.670996428637523, -7.797384266382494, 0.0 ], [ 113.670995961515018, -7.797302247872494, 0.0 ], [ 113.671197750077454, -7.797316779862513, 0.0 ] ] ] } },
{ "type": "Feature", "properties": { "NAMOBJ": "Jaringan Irigasi Sekunder", "REMARK": "DI Pisang" }, "geometry": { "type": "MultiLineString", "coordinates": [ [ [ 113.676511156522452, -7.86813657893498, 0.0 ], [ 113.676604590295028, -7.868009047014993, 0.0 ], [ 113.676723670969977, -7.867857274722496, 0.0 ], [ 113.676780577445015, -7.867708820272526, 0.0 ], [ 113.676739972697533, -7.867617879080001, 0.0 ], [ 113.676669766662485, -7.867546447594975, 0.0 ], [ 113.676519823467515, -7.867400568077528, 0.0 ] ] ] } },
{ "type": "Feature", "properties": { "NAMOBJ": "Jaringan Irigasi Sekunder", "REMARK": "DI Kamar" }, "geometry": { "type": "MultiLineString", "coordinates": [ [ [ 113.753712224717447, -7.747769784392517, 0.0 ], [ 113.753939616162484, -7.747840759777489, 0.0 ], [ 113.753977721797469, -7.747826247702505, 0.0 ], [ 113.754041590217525, -7.74773145022499, 0.0 ], [ 113.754117109787444, -7.747600851652521, 0.0 ], [ 113.754248313227549, -7.747362425530014, 0.0 ], [ 113.754266197785, -7.747289995732501, 0.0 ], [ 113.754557563652497, -7.747353971415009, 0.0 ], [ 113.754589770052462, -7.747344288194995, 0.0 ], [ 113.754605682810052, -7.747319372972527, 0.0 ], [ 113.754620583164979, -7.747272501697523, 0.0 ], [ 113.754634723547497, -7.747229544047514, 0.0 ], [ 113.754657586567532, -7.747224717040012, 0.0 ], [ 113.754752807987529, -7.747233981429986, 0.0 ], [ 113.75484965266503, -7.747243977629978, 0.0 ], [ 113.75493415897995, -7.747260112982474, 0.0 ], [ 113.755006558699961, -7.747267332509978, 0.0 ], [ 113.755171447165026, -7.747230086059972, 0.0 ], [ 113.75518220089748, -7.747187283537528, 0.0 ], [ 113.755204729747447, -7.747071299375023, 0.0 ], [ 113.755226022514989, -7.747028472229999, 0.0 ], [ 113.755243780409955, -7.746982581899999, 0.0 ], [ 113.755257817485017, -7.746936254499985, 0.0 ], [ 113.755247898287507, -7.746876711692494, 0.0 ], [ 113.755269090442539, -7.746793014707521, 0.0 ], [ 113.755277915492456, -7.746688154659978, 0.0 ], [ 113.755300898890027, -7.746682145997511, 0.0 ], [ 113.75533174703753, -7.746659785750012, 0.0 ], [ 113.755351930385018, -7.746638056022505, 0.0 ], [ 113.755377489250009, -7.74658202902998, 0.0 ], [ 113.755394356017518, -7.74648606932999, 0.0 ], [ 113.755369770027528, -7.746411936084996, 0.0 ], [ 113.755362498165027, -7.746357114504974, 0.0 ], [ 113.755356668100035, -7.746208713940007, 0.0 ], [ 113.755353177244956, -7.746073624622511, 0.0 ], [ 113.755353647065022, -7.745924079000019, 0.0 ], [ 113.755376279219945, -7.745830862344974, 0.0 ], [ 113.755406391647512, -7.745749912112501, 0.0 ], [ 113.755480362519961, -7.745742728197513, 0.0 ], [ 113.755613074230041, -7.745708076957499, 0.0 ], [ 113.755610956902501, -7.745664056429973, 0.0 ], [ 113.755597013252554, -7.745578597692486, 0.0 ], [ 113.755588786479962, -7.745500030890014, 0.0 ], [ 113.755590946029997, -7.745406516859987, 0.0 ], [ 113.75560509000502, -7.745385703322484, 0.0 ], [ 113.755643937650007, -7.745371444087482, 0.0 ], [ 113.755856170025027, -7.745319033392491, 0.0 ], [ 113.755923494262447, -7.745307082719989, 0.0 ], [ 113.75619759990002, -7.745300574042517, 0.0 ], [ 113.7562452878675, -7.7448498385275, 0.0 ], [ 113.756307822287454, -7.744389924012523, 0.0 ], [ 113.756414663417445, -7.74379356727502, 0.0 ], [ 113.75648557822251, -7.743131383062519, 0.0 ], [ 113.756557058964972, -7.742695098750005, 0.0 ] ] ] } },
{ "type": "Feature", "properties": { "NAMOBJ": "Jaringan Irigasi Sekunder", "REMARK": "DI Batu Paras" }, "geometry": { "type": "MultiLineString", "coordinates": [ [ [ 113.707939755189955, -7.865629261364973, 0.0 ], [ 113.708007374077511, -7.865613192755006, 0.0 ], [ 113.708070555284962, -7.865590108902495, 0.0 ], [ 113.708137075532477, -7.865535052129985, 0.0 ], [ 113.708162672127514, -7.86546022199002, 0.0 ], [ 113.708176709202462, -7.865351611747485, 0.0 ], [ 113.708214776209957, -7.86528514132749, 0.0 ], [ 113.708276200315026, -7.865245957865, 0.0 ], [ 113.708317090727519, -7.865232492372513, 0.0 ], [ 113.708356079407508, -7.865225038115, 0.0 ], [ 113.708468013087554, -7.865234596212474, 0.0 ], [ 113.708507950387457, -7.865215316637489, 0.0 ], [ 113.708680759297522, -7.865225820322507, 0.0 ], [ 113.708776564622553, -7.865221085997518, 0.0 ], [ 113.708968753787531, -7.865217415915026, 0.0 ], [ 113.709086513939951, -7.865210904504977, 0.0 ], [ 113.709225212022488, -7.865202116750027, 0.0 ], [ 113.709357562609966, -7.865204948947508, 0.0 ], [ 113.709408524935043, -7.8651430732275, 0.0 ], [ 113.70946877045003, -7.865069794794977, 0.0 ], [ 113.709523257762498, -7.864993254282524, 0.0 ], [ 113.709635686412526, -7.864968810499988, 0.0 ], [ 113.709788804252526, -7.864975278092516, 0.0 ], [ 113.709951944594991, -7.864992427349989, 0.0 ], [ 113.709985537095008, -7.8650098093525, 0.0 ], [ 113.710053235035048, -7.864981137809991, 0.0 ], [ 113.710402999480038, -7.864995462172487, 0.0 ], [ 113.710551887152519, -7.865022359372517, 0.0 ], [ 113.710706707300005, -7.865047401907475, 0.0 ], [ 113.710862378152456, -7.865005237494984, 0.0 ], [ 113.711054188230037, -7.865025420665006, 0.0 ], [ 113.711250106299985, -7.864883966914988, 0.0 ], [ 113.711482348649952, -7.864730477069998, 0.0 ], [ 113.711645214110035, -7.864705392567487, 0.0 ], [ 113.711729706949995, -7.864684478319987, 0.0 ], [ 113.711826039585048, -7.864724392824996, 0.0 ], [ 113.711969309194956, -7.864718387987523, 0.0 ], [ 113.712139769909982, -7.864790343817504, 0.0 ], [ 113.712297522160043, -7.864763473102528, 0.0 ], [ 113.712426107009946, -7.864730215117504, 0.0 ], [ 113.712446010979988, -7.864649549137482, 0.0 ], [ 113.712535731117555, -7.864538528590003, 0.0 ], [ 113.712611296502473, -7.864615262517475, 0.0 ], [ 113.712684575672483, -7.864726543212498, 0.0 ], [ 113.712762030212502, -7.864835876174993, 0.0 ], [ 113.712833610670032, -7.864955921859973, 0.0 ], [ 113.712895456084993, -7.865018871834991, 0.0 ], [ 113.712968365150005, -7.865094630144995, 0.0 ], [ 113.713024668855041, -7.865249199877496, 0.0 ], [ 113.713059995105027, -7.865305120969992, 0.0 ] ] ] } },
{ "type": "Feature", "properties": { "NAMOBJ": "Jaringan Irigasi Sekunder", "REMARK": "DI Palangan" }, "geometry": { "type": "MultiLineString", "coordinates": [ [ [ 114.162634613560044, -7.729364659384999, 0.0 ], [ 114.16263700038246, -7.729364999725021, 0.0 ], [ 114.162639000032527, -7.729364000602516, 0.0 ], [ 114.162636712025005, -7.729367595617475, 0.0 ] ] ] } },
{ "type": "Feature", "properties": { "NAMOBJ": "Jaringan Irigasi Sekunder", "REMARK": "DI Palangan" }, "geometry": { "type": "MultiLineString", "coordinates": [ [ [ 114.162636712025005, -7.729367595617475, 0.0 ], [ 114.162624999789955, -7.729385999545002, 0.0 ], [ 114.162571000259959, -7.729396999927474, 0.0 ], [ 114.162566000237462, -7.729396999927474, 0.0 ], [ 114.162526999880015, -7.729385999545002, 0.0 ], [ 114.162432000345007, -7.729365999759978, 0.0 ], [ 114.161970000387555, -7.729285000594984, 0.0 ], [ 114.161507000604956, -7.729206000602517, 0.0 ], [ 114.161193000785033, -7.729166000140026, 0.0 ], [ 114.161154000427473, -7.729150999625006, 0.0 ], [ 114.160933000494992, -7.729086000134998, 0.0 ], [ 114.16080100024999, -7.729060000160018, 0.0 ], [ 114.160730000104991, -7.729039999477493, 0.0 ], [ 114.160690999745043, -7.729029000014975, 0.0 ], [ 114.160276000542467, -7.728938999697505, 0.0 ], [ 114.160186999955044, -7.728922000035027, 0.0 ], [ 114.159814999512491, -7.728808999877515, 0.0 ], [ 114.159619999517531, -7.728747999662517, 0.0 ], [ 114.159085000664959, -7.728580000470004, 0.0 ], [ 114.158947000572539, -7.728535999929989, 0.0 ], [ 114.158854999612458, -7.728499000540012, 0.0 ], [ 114.158760999899982, -7.728474999752507, 0.0 ], [ 114.158652000120014, -7.728438000364974, 0.0 ], [ 114.158527999374996, -7.728408000300021, 0.0 ], [ 114.158476000395012, -7.728409999452481, 0.0 ], [ 114.158473000019967, -7.728393999842524, 0.0 ], [ 114.158462000150053, -7.728371000004984, 0.0 ], [ 114.15846400069745, -7.728337999844996, 0.0 ], [ 114.158497000310035, -7.728188000477473, 0.0 ], [ 114.158502000332533, -7.728158999547475, 0.0 ], [ 114.158555000037495, -7.728063000132522, 0.0 ] ] ] } },
{ "type": "Feature", "properties": { "NAMOBJ": "Jaringan Irigasi Sekunder", "REMARK": "DI Kalorkoran" }, "geometry": { "type": "MultiLineString", "coordinates": [ [ [ 114.310356215435036, -7.775025277282509, 0.0 ], [ 114.310358259102486, -7.775011130222481, 0.0 ] ] ] } },
{ "type": "Feature", "properties": { "NAMOBJ": "Jaringan Irigasi Sekunder", "REMARK": "DI Gayam" }, "geometry": { "type": "MultiLineString", "coordinates": [ [ [ 113.793802000265032, -7.76908600043248, 0.0 ], [ 113.79385300031754, -7.769074999952522, 0.0 ], [ 113.793868000387533, -7.76906200013002, 0.0 ], [ 113.793904000372549, -7.769007999682515, 0.0 ], [ 113.793844999922499, -7.768925000139973, 0.0 ], [ 113.793839999900001, -7.768908999944983, 0.0 ], [ 113.793786000370005, -7.768865999992499, 0.0 ], [ 113.793750000384989, -7.768863999740006, 0.0 ], [ 113.79373399959502, -7.768845000079978, 0.0 ], [ 113.79369699978497, -7.768826999634996, 0.0 ], [ 113.793603999897528, -7.768774000255007, 0.0 ], [ 113.79358200015497, -7.768726999812486, 0.0 ], [ 113.793560000415027, -7.768715000127486, 0.0 ], [ 113.793543999622557, -7.768674999659993, 0.0 ], [ 113.79351500021005, -7.768650000167497, 0.0 ], [ 113.793480999874987, -7.768636000232505, 0.0 ], [ 113.793475000024955, -7.768623000425009, 0.0 ], [ 113.793517999682535, -7.768607000240024, 0.0 ], [ 113.793465999804994, -7.768566999779978, 0.0 ], [ 113.79341800012503, -7.768550999597494, 0.0 ], [ 113.793377000117516, -7.768522999737513, 0.0 ], [ 113.793362999872556, -7.768512000182511, 0.0 ], [ 113.793378999767469, -7.768476000232511, 0.0 ], [ 113.793362000047523, -7.76839799959248, 0.0 ], [ 113.793314000367445, -7.768173999917508, 0.0 ], [ 113.79330099995002, -7.768154000164998, 0.0 ], [ 113.793276999659952, -7.767997999927502, 0.0 ], [ 113.793296999750055, -7.767951999695015, 0.0 ], [ 113.793288000427538, -7.767899999635006, 0.0 ], [ 113.793223999954989, -7.767753999812498, 0.0 ], [ 113.79322999980252, -7.767645000042478, 0.0 ], [ 113.793230999627554, -7.767509999834999, 0.0 ], [ 113.793254000092475, -7.767435999862528, 0.0 ], [ 113.793265999787536, -7.767349000132526, 0.0 ], [ 113.793289000252457, -7.767292999655012, 0.0 ], [ 113.793295999925022, -7.767125000087503, 0.0 ], [ 113.793291999727444, -7.766942999797493, 0.0 ], [ 113.793350000352461, -7.766703999969991, 0.0 ], [ 113.793398000032539, -7.76647900014251, 0.0 ], [ 113.793408999902454, -7.766443999570015, 0.0 ], [ 113.793490000094948, -7.766501000059975, 0.0 ], [ 113.793528999554951, -7.76651199956251, 0.0 ], [ 113.793618000139986, -7.766498999817486, 0.0 ], [ 113.793642000430054, -7.766306000292502, 0.0 ], [ 113.793656999599989, -7.766205000022524, 0.0 ], [ 113.793656999599989, -7.766035999847475, 0.0 ], [ 113.793680000065024, -7.76593400043248, 0.0 ], [ 113.793686999737474, -7.765836999815008, 0.0 ], [ 113.793702999632501, -7.765712999655022, 0.0 ], [ 113.793715000225006, -7.765663000102506, 0.0 ], [ 113.793725000272502, -7.765532000077485, 0.0 ], [ 113.793730000295, -7.765472000274997, 0.0 ], [ 113.793730000295, -7.765345999987517, 0.0 ], [ 113.793772999952466, -7.765045000154998, 0.0 ], [ 113.793798000064953, -7.764928000129999, 0.0 ], [ 113.793802000265032, -7.764906000295014, 0.0 ], [ 113.793828000202552, -7.764785999957496, 0.0 ], [ 113.793840999725035, -7.764691999945001, 0.0 ], [ 113.793843000272545, -7.764640000277495, 0.0 ], [ 113.793840999725035, -7.764531000382476, 0.0 ], [ 113.793843000272545, -7.764443000207507, 0.0 ], [ 113.793844000097465, -7.764436000310013, 0.0 ], [ 113.793844000097465, -7.764320999770007, 0.0 ], [ 113.793844000097465, -7.764217999732523, 0.0 ], [ 113.793869000212453, -7.764037999985021, 0.0 ], [ 113.793914000417544, -7.76380800006001, 0.0 ] ] ] } },
{ "type": "Feature", "properties": { "NAMOBJ": "Jaringan Irigasi Sekunder", "REMARK": "DI Langsep" }, "geometry": { "type": "MultiLineString", "coordinates": [ [ [ 113.699765945792478, -7.862137349860006, 0.0 ], [ 113.699807827945051, -7.861947225252493, 0.0 ], [ 113.699800650407497, -7.861758300047484, 0.0 ], [ 113.699782265485055, -7.861657337530005, 0.0 ], [ 113.699708496732455, -7.861583219079989, 0.0 ], [ 113.699647768822501, -7.861488151869992, 0.0 ], [ 113.699576810000053, -7.861365724047516, 0.0 ], [ 113.699572155829969, -7.861194067769986, 0.0 ], [ 113.699569389017483, -7.861048042567518, 0.0 ], [ 113.699592160412521, -7.860898712455025, 0.0 ], [ 113.699655996492538, -7.860666875300012, 0.0 ], [ 113.699739337692449, -7.860556296632524, 0.0 ], [ 113.699835743092535, -7.860358490377507, 0.0 ], [ 113.699968481752535, -7.860005076739981, 0.0 ], [ 113.70000620830001, -7.85989727199501, 0.0 ], [ 113.700150709500008, -7.859654298410021, 0.0 ], [ 113.700311753175015, -7.859443605014974, 0.0 ], [ 113.700475420830003, -7.85928472754, 0.0 ], [ 113.700512093654993, -7.85916628161749, 0.0 ], [ 113.700633661762481, -7.859028847590025, 0.0 ], [ 113.70076561529504, -7.858903630305008, 0.0 ], [ 113.700785370147514, -7.858816580982477, 0.0 ], [ 113.700800735829944, -7.85869359078248, 0.0 ], [ 113.70079795105255, -7.858597982977528, 0.0 ], [ 113.700969380150013, -7.858399505872512, 0.0 ], [ 113.701085664369998, -7.858259279187507, 0.0 ], [ 113.701139238097539, -7.858159854510006, 0.0 ], [ 113.701175197657449, -7.858067925972477, 0.0 ], [ 113.701272797817523, -7.857974971565, 0.0 ], [ 113.70129602106249, -7.85789415626499, 0.0 ], [ 113.701209372264998, -7.857795875299985, 0.0 ], [ 113.701116582584973, -7.857729305659973, 0.0 ], [ 113.701070224127534, -7.857518667977502, 0.0 ], [ 113.701111798157513, -7.857335786890019, 0.0 ], [ 113.701120633987443, -7.857194890622509, 0.0 ], [ 113.701222049289981, -7.857005704662527, 0.0 ], [ 113.701326107437467, -7.856873874465009, 0.0 ], [ 113.701359840075042, -7.856808737922506, 0.0 ], [ 113.701366418437487, -7.856754376857509, 0.0 ], [ 113.701381958395018, -7.856675652809997, 0.0 ], [ 113.701530546029971, -7.856590608254976, 0.0 ], [ 113.701591236212494, -7.856487588800007, 0.0 ], [ 113.701591018819954, -7.856425217830008, 0.0 ], [ 113.701625937232507, -7.856324873567473, 0.0 ], [ 113.701713549025044, -7.856083007310019, 0.0 ], [ 113.701772111994956, -7.855937034969998, 0.0 ], [ 113.701839508097464, -7.855787672877511, 0.0 ], [ 113.701957319452504, -7.855617295724983, 0.0 ], [ 113.702009133379988, -7.855435731575028, 0.0 ], [ 113.702032119472506, -7.85528124663, 0.0 ], [ 113.701996070079986, -7.855149427005017, 0.0 ], [ 113.702009623860022, -7.855039809025016, 0.0 ], [ 113.702052079140003, -7.854923061005024, 0.0 ], [ 113.702123194267529, -7.854820903547477, 0.0 ], [ 113.702089733820003, -7.854696168495025, 0.0 ], [ 113.702033206432475, -7.854597639097506, 0.0 ], [ 113.702009958932535, -7.854465304004975, 0.0 ], [ 113.702099636847493, -7.854321189574989, 0.0 ] ] ] } },
{ "type": "Feature", "properties": { "NAMOBJ": "Jaringan Irigasi Sekunder", "REMARK": "DI Cempaluk" }, "geometry": { "type": "MultiLineString", "coordinates": [ [ [ 113.71813992042496, -7.762472279917517, 0.0 ], [ 113.718383654922491, -7.762326046504995, 0.0 ], [ 113.718431657297515, -7.762256312492525, 0.0 ], [ 113.718453520495018, -7.762154762924979, 0.0 ], [ 113.718470034224993, -7.762021275552513, 0.0 ], [ 113.718485045072498, -7.761941065070005, 0.0 ], [ 113.718481021517505, -7.761844977857493, 0.0 ], [ 113.718481080807464, -7.761840488312487, 0.0 ], [ 113.718428611109971, -7.761681731844988, 0.0 ], [ 113.718344565629991, -7.761414335855022, 0.0 ], [ 113.718267275482503, -7.761122582465021, 0.0 ], [ 113.718118937577515, -7.760619552039998, 0.0 ], [ 113.717986427089954, -7.760153906635026, 0.0 ], [ 113.717775041825007, -7.759507218145018, 0.0 ], [ 113.717646367144994, -7.759118759847524, 0.0 ], [ 113.717506966577503, -7.758629968617527, 0.0 ], [ 113.717448543745036, -7.758429558532498, 0.0 ], [ 113.717438544597485, -7.75836326801749, 0.0 ], [ 113.717441065270009, -7.758227961377486, 0.0 ], [ 113.717447902347544, -7.757808903525017, 0.0 ], [ 113.717448832104992, -7.757481094227501, 0.0 ], [ 113.717451806427448, -7.757359468054972, 0.0 ], [ 113.717451383320054, -7.757253107119993, 0.0 ], [ 113.71745519756746, -7.75716154055749, 0.0 ], [ 113.717434888455045, -7.757087951157473, 0.0 ], [ 113.717388061074985, -7.757007591942511, 0.0 ], [ 113.717279498775042, -7.756820933049994, 0.0 ], [ 113.717190474832478, -7.756662529737525, 0.0 ], [ 113.71715831963752, -7.756543086492513, 0.0 ], [ 113.717154587137543, -7.756475470407509, 0.0 ], [ 113.717160100994988, -7.756405720002476, 0.0 ], [ 113.717187672987507, -7.756285237492477, 0.0 ], [ 113.717294376672498, -7.755963577752482, 0.0 ], [ 113.71733533625752, -7.755866831222477, 0.0 ], [ 113.717347756362528, -7.755798778157498, 0.0 ], [ 113.717342798562527, -7.755716574115013, 0.0 ], [ 113.717312164212444, -7.755529019707524, 0.0 ], [ 113.717276611590023, -7.755289485092476, 0.0 ], [ 113.717213575009964, -7.754811656334994, 0.0 ], [ 113.71719536166745, -7.754591134834982, 0.0 ], [ 113.717186700110005, -7.754418621545028, 0.0 ], [ 113.71717995466247, -7.754316915959976, 0.0 ], [ 113.717218707084953, -7.754145541569983, 0.0 ], [ 113.717256195577534, -7.75396659538751, 0.0 ], [ 113.717285133907467, -7.753882385122495, 0.0 ], [ 113.717309854645009, -7.753825051414992, 0.0 ], [ 113.717396899599976, -7.753688118309981, 0.0 ], [ 113.717473427977552, -7.753577490555017, 0.0 ], [ 113.717496226320009, -7.753543434545008, 0.0 ], [ 113.717515887747481, -7.753499804677517, 0.0 ], [ 113.717525832097522, -7.753416658467472, 0.0 ], [ 113.717529711919951, -7.753304772457511, 0.0 ], [ 113.717531770859978, -7.753219335019992, 0.0 ], [ 113.71753241495253, -7.753043053692522, 0.0 ], [ 113.717530642574957, -7.752863824179997, 0.0 ], [ 113.717538642972499, -7.752558985079986, 0.0 ], [ 113.717544581734955, -7.75237799557749, 0.0 ], [ 113.717550547444944, -7.752262583979984, 0.0 ], [ 113.717545205165038, -7.752197371147474, 0.0 ], [ 113.717541689157542, -7.752161703792524, 0.0 ], [ 113.717500783474975, -7.752093682334987, 0.0 ], [ 113.717422252752499, -7.751965916635015, 0.0 ], [ 113.717331499552529, -7.751815097877511, 0.0 ], [ 113.717236462287474, -7.751656013862487, 0.0 ], [ 113.71716458628498, -7.751541857127506, 0.0 ], [ 113.717137576637469, -7.751504374887475, 0.0 ], [ 113.717120561647448, -7.751459848252523, 0.0 ], [ 113.717083458532557, -7.751260730837487, 0.0 ], [ 113.717046870150057, -7.75103677472498, 0.0 ], [ 113.716983647620054, -7.750627658075018, 0.0 ], [ 113.716954102927502, -7.750451558474992, 0.0 ], [ 113.716878588747477, -7.749938483989979, 0.0 ], [ 113.716807134955047, -7.749473345574984, 0.0 ], [ 113.716722568452496, -7.748862025339974, 0.0 ], [ 113.716691696947464, -7.748651171874997, 0.0 ], [ 113.716658612895003, -7.748421212080018, 0.0 ], [ 113.716636113690015, -7.748361705570005, 0.0 ], [ 113.71659926389998, -7.748315136212511, 0.0 ], [ 113.71654276256254, -7.748260021482508, 0.0 ], [ 113.716519851032444, -7.748219807565022, 0.0 ], [ 113.71651403084752, -7.748160479924991, 0.0 ], [ 113.71651198448501, -7.748072361727509, 0.0 ], [ 113.716491845155019, -7.747975315844997, 0.0 ], [ 113.716462710095016, -7.747853365679987, 0.0 ], [ 113.716441060695047, -7.747782092824991, 0.0 ], [ 113.716428536385024, -7.747753541347493, 0.0 ], [ 113.716412484387547, -7.747734684052489, 0.0 ], [ 113.716365478245052, -7.747726073897525, 0.0 ], [ 113.716238081864958, -7.747712381234976, 0.0 ], [ 113.716050611550031, -7.747695553292488, 0.0 ], [ 113.715888564457487, -7.747677299147483, 0.0 ], [ 113.71579576579245, -7.747667182492478, 0.0 ], [ 113.715724426084989, -7.747662974137484, 0.0 ], [ 113.715605425359968, -7.747664534477508, 0.0 ], [ 113.715497235862472, -7.747656942652497, 0.0 ], [ 113.715427376577509, -7.74763625948998, 0.0 ], [ 113.715356363854994, -7.74759595802999, 0.0 ], [ 113.715314934452522, -7.747553144519998, 0.0 ], [ 113.715280046582507, -7.74750192708251, 0.0 ], [ 113.715251858347528, -7.747481031319978, 0.0 ], [ 113.715216654269966, -7.747465786539976, 0.0 ], [ 113.71516449, -7.747444446399982, 0.0 ], [ 113.715123964302506, -7.747417980870011, 0.0 ], [ 113.715103054217479, -7.747391331934978, 0.0 ], [ 113.715061388557501, -7.747312576832485, 0.0 ], [ 113.715024362694976, -7.747228475537497, 0.0 ], [ 113.71498007215996, -7.747169961965028, 0.0 ], [ 113.714938985912454, -7.747138749742476, 0.0 ], [ 113.714904511267491, -7.747096441790006, 0.0 ], [ 113.714892106432444, -7.747051963057515, 0.0 ], [ 113.714897165742514, -7.747012154390006, 0.0 ], [ 113.714912595207466, -7.746933617439993, 0.0 ], [ 113.714942277340015, -7.746841113212497, 0.0 ], [ 113.714949980394977, -7.746774636504995, 0.0 ], [ 113.71494907938245, -7.746716318264987, 0.0 ], [ 113.714948725447471, -7.746627603600018, 0.0 ], [ 113.71493493989999, -7.746544236067507, 0.0 ], [ 113.714912808107556, -7.746485603055021, 0.0 ], [ 113.714894298320019, -7.746439293042499, 0.0 ], [ 113.714858726832517, -7.746399247187526, 0.0 ], [ 113.714797485085001, -7.746344737674974, 0.0 ], [ 113.714699942419998, -7.746256815117476, 0.0 ], [ 113.714606723345014, -7.74620110845251, 0.0 ], [ 113.714534363150051, -7.74616499447751, 0.0 ], [ 113.714421125117497, -7.746116512809976, 0.0 ], [ 113.714208656484971, -7.746064707910023, 0.0 ], [ 113.71407235331003, -7.746020236582524, 0.0 ], [ 113.713956330502469, -7.745985234932505, 0.0 ], [ 113.713893514907454, -7.745950383842512, 0.0 ], [ 113.713841980355028, -7.745901806387508, 0.0 ], [ 113.713790011020023, -7.745843308507517, 0.0 ], [ 113.713764042522484, -7.745799454037524, 0.0 ], [ 113.713748410937455, -7.745757121577526, 0.0 ], [ 113.713738952575, -7.745638874862493, 0.0 ], [ 113.713702008462519, -7.745454749345015, 0.0 ], [ 113.713695154315019, -7.745347288155017, 0.0 ], [ 113.7136861531975, -7.745235952630026, 0.0 ], [ 113.713664058235054, -7.744937546370011, 0.0 ], [ 113.713668788762448, -7.744814657214988, 0.0 ], [ 113.713705663707515, -7.744620455610004, 0.0 ], [ 113.713761442797477, -7.744401839987518, 0.0 ], [ 113.713844636675049, -7.744215941150003, 0.0 ], [ 113.713928225810037, -7.743961197342514, 0.0 ], [ 113.713971211094986, -7.743812306690018, 0.0 ], [ 113.71400134148746, -7.743690301127515, 0.0 ], [ 113.714022325234964, -7.743574349837502, 0.0 ], [ 113.714023563112505, -7.743498135749974, 0.0 ], [ 113.714050236787443, -7.743234752187504, 0.0 ], [ 113.714063633364958, -7.743043577955007, 0.0 ], [ 113.714077021855019, -7.742920361760014, 0.0 ], [ 113.714092667812452, -7.742787564679986, 0.0 ], [ 113.714111669875024, -7.74261133778748, 0.0 ], [ 113.714128778290046, -7.742466592032486, 0.0 ], [ 113.714119874190033, -7.742326073787524, 0.0 ], [ 113.714093739502459, -7.742067668447476, 0.0 ], [ 113.71408826696495, -7.741857817445009, 0.0 ], [ 113.714093992827543, -7.741622526069989, 0.0 ], [ 113.714100166947446, -7.741502514859974, 0.0 ], [ 113.714105996117496, -7.741423170464998, 0.0 ], [ 113.714098902119986, -7.741352165110015, 0.0 ], [ 113.714047148380018, -7.741244669355012, 0.0 ], [ 113.713857145714996, -7.740961575182496, 0.0 ], [ 113.71370029267996, -7.74070562244998, 0.0 ], [ 113.713618647497469, -7.740578024354988, 0.0 ], [ 113.713572052782524, -7.740481722899972, 0.0 ], [ 113.713542388614997, -7.740362526837487, 0.0 ], [ 113.713536141729946, -7.740237405270022, 0.0 ], [ 113.713540364709957, -7.740083476367488, 0.0 ], [ 113.713535137414965, -7.739748451977505, 0.0 ], [ 113.713544588590025, -7.73958061914999, 0.0 ], [ 113.713565008195019, -7.739444255370017, 0.0 ], [ 113.713613697780033, -7.739033573860013, 0.0 ], [ 113.713670957294994, -7.738584370505009, 0.0 ], [ 113.713695598982554, -7.738460067930021, 0.0 ], [ 113.71374950418749, -7.738291439024977, 0.0 ], [ 113.713880476759982, -7.737957967202476, 0.0 ], [ 113.713958808952498, -7.737770482542487, 0.0 ], [ 113.714106229677554, -7.737385933577514, 0.0 ], [ 113.714197034979975, -7.737171880242499, 0.0 ], [ 113.714276502645021, -7.736980250632485, 0.0 ], [ 113.714333992127536, -7.736861145867522, 0.0 ], [ 113.714393718417455, -7.736740744537485, 0.0 ], [ 113.714469329614985, -7.736603770302509, 0.0 ], [ 113.714552312387468, -7.736420181502524, 0.0 ], [ 113.714619492895054, -7.736268742219977, 0.0 ], [ 113.714675974469969, -7.736124362652504, 0.0 ], [ 113.714725894747517, -7.735973126037493, 0.0 ], [ 113.714785137742524, -7.735787528280014, 0.0 ], [ 113.714816902170014, -7.735663279430014, 0.0 ], [ 113.714845328460001, -7.735559836379991, 0.0 ], [ 113.71486385980495, -7.735523566352526, 0.0 ], [ 113.714896941164966, -7.735490264537475, 0.0 ], [ 113.714955178945047, -7.73543920090998, 0.0 ], [ 113.715002775282528, -7.735395927812476, 0.0 ], [ 113.715025119975053, -7.735368795102488, 0.0 ], [ 113.715040394927541, -7.735340760892484, 0.0 ], [ 113.715058134859987, -7.735292288649987, 0.0 ], [ 113.71508912224499, -7.735182339900007, 0.0 ], [ 113.71511346838497, -7.735063211905015, 0.0 ], [ 113.715157414867463, -7.734858901969972, 0.0 ], [ 113.715172480512479, -7.734747080065006, 0.0 ], [ 113.715187914467492, -7.734567628195009, 0.0 ], [ 113.715206249082485, -7.734387248434984, 0.0 ], [ 113.715218846157541, -7.734210985727486, 0.0 ], [ 113.715230882684978, -7.734122194242502, 0.0 ], [ 113.715253559754956, -7.734001372120019, 0.0 ], [ 113.715289212092443, -7.733906898850023, 0.0 ], [ 113.715340294792554, -7.733760711594982, 0.0 ], [ 113.715379669747449, -7.733619766412517, 0.0 ], [ 113.715407221975056, -7.733511184022518, 0.0 ], [ 113.715430835989991, -7.733367407592482, 0.0 ], [ 113.715456464924955, -7.733244693260019, 0.0 ], [ 113.715480683505007, -7.733151270385008, 0.0 ] ] ] } },
{ "type": "Feature", "properties": { "NAMOBJ": "Jaringan Irigasi Sekunder", "REMARK": "DI Diprak" }, "geometry": { "type": "MultiLineString", "coordinates": [ [ [ 113.689078000747486, -7.809145000364992, 0.0 ], [ 113.689259999424962, -7.80857300002998, 0.0 ], [ 113.689342000337547, -7.808283000645019, 0.0 ], [ 113.689426000005028, -7.807955000507491, 0.0 ], [ 113.689456999965046, -7.807737000700001, 0.0 ], [ 113.689422999629983, -7.80760000025748, 0.0 ], [ 113.689461999990044, -7.807457000387501, 0.0 ], [ 113.689567999394967, -7.807280999842476, 0.0 ], [ 113.689640000264944, -7.807063999679997, 0.0 ], [ 113.689709999684965, -7.806744000362528, 0.0 ], [ 113.689765999762471, -7.80660999996752, 0.0 ], [ 113.689862999847492, -7.806434999982514, 0.0 ], [ 113.689976000722481, -7.806295000227522, 0.0 ], [ 113.690151000624951, -7.806133000399996, 0.0 ], [ 113.690437999782489, -7.806012999520021, 0.0 ], [ 113.690542000437517, -7.805924999989998, 0.0 ], [ 113.690829000492499, -7.805456000139998, 0.0 ], [ 113.691014999367553, -7.804956999972489, 0.0 ], [ 113.691211999910024, -7.804419000452526, 0.0 ], [ 113.691245999345028, -7.804042999670003, 0.0 ], [ 113.691367999545037, -7.803641000225014, 0.0 ], [ 113.69163300075752, -7.803123000082508, 0.0 ], [ 113.691883999930042, -7.802732000099979, 0.0 ], [ 113.69197599998995, -7.802592000642505, 0.0 ], [ 113.692134000174974, -7.802529999827527, 0.0 ], [ 113.692295000730041, -7.802518000112514, 0.0 ], [ 113.692496999500008, -7.802489999864974, 0.0 ], [ 113.692596999957459, -7.802406000049984, 0.0 ], [ 113.692771000032508, -7.802035999512498, 0.0 ], [ 113.693011000232445, -7.801622999719996, 0.0 ], [ 113.693174000439967, -7.80054599947249, 0.0 ], [ 113.692999999464973, -7.800366000050019, 0.0 ], [ 113.693040999472487, -7.80008099989999, 0.0 ], [ 113.693128000409956, -7.799908999522472, 0.0 ], [ 113.693203999677507, -7.799705000179983, 0.0 ], [ 113.693101999572491, -7.799545000497517, 0.0 ], [ 113.693203999677507, -7.799277000589996, 0.0 ], [ 113.693448999900056, -7.798886000457514, 0.0 ], [ 113.693746000002534, -7.798478999387498, 0.0 ], [ 113.6939970000725, -7.798273000337474, 0.0 ], [ 113.694184000567475, -7.797869000430012, 0.0 ], [ 113.694448999982455, -7.797349999752498, 0.0 ], [ 113.694375000364971, -7.797068000355011, 0.0 ], [ 113.694397000105027, -7.796761999297473, 0.0 ], [ 113.694586000249956, -7.796513000180028, 0.0 ], [ 113.694669000092517, -7.796121999827506, 0.0 ], [ 113.694783999720016, -7.795861000637501, 0.0 ], [ 113.69486499991001, -7.795739999700004, 0.0 ], [ 113.694807000185051, -7.795578000205012, 0.0 ], [ 113.694792000114944, -7.795480000020007, 0.0 ], [ 113.694934999332531, -7.795176000467507, 0.0 ] ] ] } },
{ "type": "Feature", "properties": { "NAMOBJ": "Jaringan Irigasi Primer", "REMARK": "DI Sampean Lama" }, "geometry": { "type": "MultiLineString", "coordinates": [ [ [ 114.037425511354968, -7.70211416704251, 0.0 ], [ 114.039645096607501, -7.702813857012472, 0.0 ], [ 114.040413007055008, -7.702981684747499, 0.0 ], [ 114.042744277152451, -7.70314736387752, 0.0 ], [ 114.044191552904977, -7.703218536334987, 0.0 ], [ 114.044922241659947, -7.703374669262473, 0.0 ], [ 114.045478375177481, -7.703747147327476, 0.0 ], [ 114.046354042137523, -7.704576242134976, 0.0 ], [ 114.046542020897505, -7.704729062665024, 0.0 ], [ 114.0473057999925, -7.704988922014991, 0.0 ], [ 114.049146042870007, -7.705509992427494, 0.0 ], [ 114.049718352350055, -7.705631392374983, 0.0 ], [ 114.051246553735041, -7.705738807227476, 0.0 ], [ 114.053386695577501, -7.705981666589992, 0.0 ] ] ] } },
{ "type": "Feature", "properties": { "NAMOBJ": "Jaringan Irigasi Sekunder", "REMARK": "DI Baderan" }, "geometry": { "type": "MultiLineString", "coordinates": [ [ [ 113.692394272654951, -7.880525412287511, 0.0 ], [ 113.692360000129952, -7.880484000282479, 0.0 ], [ 113.692360999954985, -7.88047500045252, 0.0 ], [ 113.692360999954985, -7.880479999647491, 0.0 ], [ 113.692394272654951, -7.880525412287511, 0.0 ] ] ] } },
{ "type": "Feature", "properties": { "NAMOBJ": "Jaringan Irigasi Primer", "REMARK": "DI Sampean Baru" }, "geometry": { "type": "MultiLineString", "coordinates": [ [ [ 114.16111052735755, -7.749503305127519, 0.0 ], [ 114.162836932127448, -7.744289971820024, 0.0 ], [ 114.162828219367498, -7.744085708629996, 0.0 ], [ 114.162729075005018, -7.743803254065028, 0.0 ], [ 114.162584228852552, -7.743657357284974, 0.0 ], [ 114.162223574130053, -7.743487969005002, 0.0 ], [ 114.161466675230031, -7.743196057997523, 0.0 ], [ 114.161296566654983, -7.743036009019988, 0.0 ], [ 114.161208178720017, -7.742749888842525, 0.0 ], [ 114.161273490732469, -7.742351502439988, 0.0 ], [ 114.161602470857474, -7.741551104594976, 0.0 ] ] ] } },
{ "type": "Feature", "properties": { "NAMOBJ": "Jaringan Irigasi Primer", "REMARK": "DI Sampean Baru" }, "geometry": { "type": "MultiLineString", "coordinates": [ [ [ 114.159209487399949, -7.790442104454996, 0.0 ], [ 114.159294715959959, -7.789905270204997, 0.0 ], [ 114.159336449892521, -7.789878670660016, 0.0 ], [ 114.159420928359964, -7.78980037229752, 0.0 ], [ 114.159575948832526, -7.789095776197485, 0.0 ], [ 114.159711839679971, -7.788620147584993, 0.0 ], [ 114.159902718202488, -7.787880214367476, 0.0 ], [ 114.160084763592522, -7.787424315800024, 0.0 ], [ 114.160193058194977, -7.787270680337485, 0.0 ], [ 114.160348151429957, -7.786863255882508, 0.0 ], [ 114.160729016449977, -7.785887764700021, 0.0 ], [ 114.161072780149993, -7.784949592957503, 0.0 ], [ 114.161109667669962, -7.784756221969985, 0.0 ], [ 114.161252772887451, -7.784337338185026, 0.0 ], [ 114.1614006041425, -7.783920410415021, 0.0 ], [ 114.161409774145, -7.783751959952497, 0.0 ], [ 114.161302550334995, -7.783433124157511, 0.0 ], [ 114.160861856617544, -7.782181766127508, 0.0 ], [ 114.160694642415024, -7.780346151440028, 0.0 ], [ 114.160577755427539, -7.778817549229984, 0.0 ], [ 114.160312146055048, -7.777906624087507, 0.0 ], [ 114.160206071190032, -7.777180914817507, 0.0 ], [ 114.160294792400009, -7.77686957858748, 0.0 ], [ 114.160468086402489, -7.776332972060004, 0.0 ], [ 114.161072756792464, -7.774846788747482, 0.0 ], [ 114.161115016237545, -7.774710454895001, 0.0 ], [ 114.161132501047518, -7.774485682672491, 0.0 ], [ 114.161179650922463, -7.774382569792522, 0.0 ], [ 114.161467057912546, -7.773885740090009, 0.0 ], [ 114.162207199639965, -7.771932538302508, 0.0 ], [ 114.163287816332513, -7.769050753267493, 0.0 ], [ 114.16372850824996, -7.767906341660023, 0.0 ], [ 114.163695292145007, -7.767470451177473, 0.0 ], [ 114.163549199129989, -7.765559702265023, 0.0 ], [ 114.163474726997492, -7.765213737135014, 0.0 ], [ 114.163145930127484, -7.764768695932503, 0.0 ], [ 114.162025418355029, -7.763518958865006, 0.0 ], [ 114.160699602012528, -7.761562456937497, 0.0 ], [ 114.160059072672539, -7.759383067417502, 0.0 ], [ 114.159874125724969, -7.758099207447515, 0.0 ], [ 114.159977919767471, -7.757541154969999, 0.0 ], [ 114.160660909777448, -7.755486717322526, 0.0 ], [ 114.160876332069961, -7.754815969695017, 0.0 ], [ 114.16082979574503, -7.75435986427749, 0.0 ], [ 114.160720733084986, -7.754193388132478, 0.0 ], [ 114.160557676282451, -7.754122707352508, 0.0 ], [ 114.16034420872495, -7.754125110857501, 0.0 ], [ 114.160239100444983, -7.754047746082506, 0.0 ], [ 114.159420072264993, -7.752187686905017, 0.0 ], [ 114.159384462150001, -7.751820289022476, 0.0 ], [ 114.159413959230051, -7.75166329824998, 0.0 ], [ 114.159586032419952, -7.750834190970011, 0.0 ], [ 114.159734629040031, -7.750198354917472, 0.0 ], [ 114.159912685009999, -7.749914079607493, 0.0 ], [ 114.160089893870008, -7.749773200337472, 0.0 ], [ 114.160502940137462, -7.749642039060006, 0.0 ], [ 114.16111052735755, -7.749503305127519, 0.0 ] ] ] } },
{ "type": "Feature", "properties": { "NAMOBJ": "Jaringan Irigasi Sekunder", "REMARK": "DI Tambakukir" }, "geometry": { "type": "MultiLineString", "coordinates": [ [ [ 113.909340000020052, -7.777616000220007, 0.0 ], [ 113.909394000444991, -7.777522000147485, 0.0 ], [ 113.909436000277537, -7.777467000319973, 0.0 ], [ 113.909498000202461, -7.777392000317491, 0.0 ], [ 113.909524000142483, -7.777340000029994, 0.0 ], [ 113.909459999670048, -7.777197000187527, 0.0 ], [ 113.90947100043752, -7.77714600006999, 0.0 ], [ 113.909494999830031, -7.777092999667502, 0.0 ], [ 113.909539000209975, -7.777065000162509, 0.0 ], [ 113.90956599997503, -7.776979999692514, 0.0 ], [ 113.909595000287482, -7.776902000250004, 0.0 ], [ 113.90962399970249, -7.776851000167483, 0.0 ], [ 113.909627999899953, -7.776809999712498, 0.0 ], [ 113.909636000294995, -7.776739000400028, 0.0 ], [ 113.909632999922451, -7.776699000099995, 0.0 ], [ 113.909627000075034, -7.776664999754985, 0.0 ], [ 113.909656000387486, -7.77663800042501, 0.0 ], [ 113.909745000074963, -7.776549999604981, 0.0 ], [ 113.909825000440037, -7.776480999712476, 0.0 ], [ 113.909909000107518, -7.776412999972479, 0.0 ], [ 113.90996400035749, -7.776363000092488, 0.0 ], [ 113.909991999947465, -7.776342999957478, 0.0 ], [ 113.910024999560051, -7.776278999902502, 0.0 ], [ 113.910064999742531, -7.776253999969981, 0.0 ], [ 113.910079999810023, -7.776234999984979, 0.0 ], [ 113.910115999795039, -7.776202999962493, 0.0 ], [ 113.910157999627472, -7.776157999907525, 0.0 ], [ 113.910309999964966, -7.7760929997375, 0.0 ], [ 113.910330999879989, -7.776066000442484, 0.0 ], [ 113.910361999842507, -7.776027000344982, 0.0 ], [ 113.910431000337553, -7.775955000107501, 0.0 ], [ 113.910462000299958, -7.775956000250005, 0.0 ], [ 113.910484000042516, -7.775906999652477, 0.0 ], [ 113.910539000292488, -7.775862999772528, 0.0 ], [ 113.910616000287519, -7.775816000380019, 0.0 ], [ 113.910653000097454, -7.775810000440003, 0.0 ], [ 113.910693000280048, -7.775783000249987, 0.0 ], [ 113.910701999602452, -7.775756000060028, 0.0 ], [ 113.910736999762548, -7.775733999670024, 0.0 ], [ 113.910760000227469, -7.775718000134987, 0.0 ], [ 113.910838999869952, -7.775641000152518, 0.0 ], [ 113.910894000120038, -7.775557000102481, 0.0 ], [ 113.9109030003425, -7.775540999659995, 0.0 ], [ 113.910919000235026, -7.775512000117487, 0.0 ], [ 113.910952999672531, -7.775481000289972, 0.0 ], [ 113.910990000380025, -7.775473000070008, 0.0 ], [ 113.911017000144966, -7.775450999695011, 0.0 ], [ 113.911065999649963, -7.775439999964988, 0.0 ], [ 113.91114400036497, -7.775394999989999, 0.0 ], [ 113.911163999560017, -7.775385999629975, 0.0 ], [ 113.911200000442477, -7.775361999889981, 0.0 ], [ 113.911255999620039, -7.775350000020012, 0.0 ], [ 113.911327999589957, -7.775361999889981, 0.0 ], [ 113.911360000274954, -7.775376000042513, 0.0 ], [ 113.911382000017511, -7.775324, 0.0 ], [ 113.91141600035246, -7.775302999772521, 0.0 ], [ 113.911438000095018, -7.775277999897526, 0.0 ], [ 113.911476999552519, -7.775225999864972, 0.0 ], [ 113.911515999912467, -7.775232999939988, 0.0 ], [ 113.91155100007245, -7.775200999992478, 0.0 ], [ 113.91161399982002, -7.7751560000425, 0.0 ], [ 113.911652000355048, -7.775135999965016, 0.0 ], [ 113.911734000369961, -7.775109999957522, 0.0 ], [ 113.911801000317496, -7.775098000094999, 0.0 ], [ 113.911890999830007, -7.775111000097525, 0.0 ], [ 113.911926999815023, -7.775112000239972, 0.0 ], [ 113.911956000127475, -7.775122999962491, 0.0 ], [ 113.911972000022502, -7.775101999745004, 0.0 ], [ 113.912011000379948, -7.775083999950027, 0.0 ], [ 113.912021000425057, -7.775065000017491, 0.0 ], [ 113.912039999792455, -7.774978999799998, 0.0 ], [ 113.912033000120005, -7.774853999612503, 0.0 ], [ 113.912011000379948, -7.774786000130007, 0.0 ], [ 113.912001000332452, -7.774710000452501, 0.0 ], [ 113.911997000134988, -7.774649000145018, 0.0 ], [ 113.912012000204982, -7.774594999912495, 0.0 ], [ 113.911996000309955, -7.774538000177472, 0.0 ], [ 113.911991000287458, -7.77446700032749, 0.0 ], [ 113.911945000257447, -7.774408000334972, 0.0 ], [ 113.911961999975006, -7.77432200024748, 0.0 ], [ 113.911948999557467, -7.774223000202483, 0.0 ], [ 113.911972000022502, -7.774161999964974, 0.0 ], [ 113.912030999572494, -7.774110000067481, 0.0 ], [ 113.912238000159959, -7.774027999680015, 0.0 ] ] ] } },
{ "type": "Feature", "properties": { "NAMOBJ": "Jaringan Irigasi Sekunder", "REMARK": "DI Bujudan" }, "geometry": { "type": "MultiLineString", "coordinates": [ [ [ 113.67563552190245, -7.847929702617478, 0.0 ], [ 113.675691787880055, -7.847904111644993, 0.0 ], [ 113.675766902309988, -7.847857342572524, 0.0 ], [ 113.675849146667474, -7.847808837565026, 0.0 ], [ 113.6759345270425, -7.847767488065017, 0.0 ], [ 113.676011533324981, -7.847735810362508, 0.0 ], [ 113.676031535212473, -7.847673145872477, 0.0 ], [ 113.676053019319966, -7.847653050232509, 0.0 ], [ 113.676111673020046, -7.847626772932472, 0.0 ], [ 113.67613279331249, -7.847598116250026, 0.0 ], [ 113.676160613237471, -7.847544094052523, 0.0 ], [ 113.67616547851253, -7.847508096599995, 0.0 ], [ 113.676165509955013, -7.847473643422518, 0.0 ], [ 113.676152344244997, -7.847446681617498, 0.0 ], [ 113.676131410805056, -7.847417587767495, 0.0 ], [ 113.676098558515037, -7.847384922557524, 0.0 ], [ 113.676087799394963, -7.84735914725502, 0.0 ], [ 113.676089466667463, -7.847317915537474, 0.0 ], [ 113.676109031974988, -7.847245603057502, 0.0 ], [ 113.676138100557523, -7.847209393885009, 0.0 ], [ 113.676158101547458, -7.847184652670023, 0.0 ], [ 113.676168283952506, -7.847148000849984, 0.0 ], [ 113.676165117390042, -7.847134304104998, 0.0 ], [ 113.676174697024976, -7.847121813025012, 0.0 ], [ 113.676188095397492, -7.847108913972477, 0.0 ], [ 113.676192333649965, -7.847091013380009, 0.0 ], [ 113.676191692252473, -7.847078180042502, 0.0 ], [ 113.676240124022456, -7.847050806637526, 0.0 ], [ 113.676266282064944, -7.847046252312509, 0.0 ], [ 113.676319250327538, -7.846988528315023, 0.0 ], [ 113.676304864705003, -7.846947333140008, 0.0 ], [ 113.676390638544945, -7.846917827699997, 0.0 ], [ 113.676445988239948, -7.846895088032511, 0.0 ], [ 113.676538145507493, -7.84682498889498, 0.0 ], [ 113.676565252170008, -7.846772539360018, 0.0 ], [ 113.676556857414994, -7.846706188659994, 0.0 ], [ 113.676564711385026, -7.846664744347493, 0.0 ], [ 113.676623792682449, -7.846596068129998, 0.0 ], [ 113.67666934804754, -7.846529121469985, 0.0 ], [ 113.676707962129967, -7.846500108912494, 0.0 ], [ 113.676799984649961, -7.846458392639988, 0.0 ], [ 113.676890117112521, -7.846345995014985, 0.0 ], [ 113.676933524607534, -7.84630735269252, 0.0 ], [ 113.676991728249959, -7.846285022855, 0.0 ], [ 113.67703183802746, -7.846254676874992, 0.0 ], [ 113.677062381644987, -7.846216765622501, 0.0 ], [ 113.677064809792455, -7.846171722627503, 0.0 ], [ 113.677085633637489, -7.846129062667501, 0.0 ], [ 113.677126806122487, -7.846079009937512, 0.0 ], [ 113.677188499722547, -7.845991927637499, 0.0 ], [ 113.677244032675048, -7.845939811334972, 0.0 ], [ 113.677325315834992, -7.845859412674997, 0.0 ], [ 113.677395795854977, -7.845820792300003, 0.0 ], [ 113.67752879861996, -7.845785478595019, 0.0 ], [ 113.677603334532478, -7.84572448552251, 0.0 ], [ 113.677638541304987, -7.845652942707488, 0.0 ], [ 113.677676719705005, -7.845605555077498, 0.0 ], [ 113.677752842942482, -7.845620874530027, 0.0 ], [ 113.677808082147521, -7.845625340309994, 0.0 ], [ 113.677858463260009, -7.845589540157505, 0.0 ], [ 113.677851907355034, -7.845514752762483, 0.0 ], [ 113.677858704009964, -7.845423758802497, 0.0 ], [ 113.67786557252748, -7.845331812017491, 0.0 ], [ 113.677886547292474, -7.845282382744983, 0.0 ], [ 113.677910430800011, -7.845206282050015, 0.0 ], [ 113.677916684869956, -7.845146735665026, 0.0 ], [ 113.677954046702553, -7.845059560462516, 0.0 ], [ 113.678015639689988, -7.844979428472527, 0.0 ], [ 113.678069458657546, -7.844893970977523, 0.0 ], [ 113.678072313502526, -7.844847632107474, 0.0 ], [ 113.678075141399972, -7.844753419250026, 0.0 ], [ 113.6780952654575, -7.844668420879998, 0.0 ], [ 113.678187863797461, -7.8445594435575, 0.0 ], [ 113.678269858422482, -7.844511084955002, 0.0 ], [ 113.678330067107481, -7.844359082815004, 0.0 ], [ 113.678353971277488, -7.844294504922516, 0.0 ], [ 113.678385843502497, -7.84420840229501, 0.0 ], [ 113.678419700107497, -7.844104948655001, 0.0 ], [ 113.67844224422754, -7.843988105967526, 0.0 ], [ 113.678490079517474, -7.843906824197518, 0.0 ], [ 113.678646260612481, -7.843728635570017, 0.0 ], [ 113.678733338805046, -7.843657215387509, 0.0 ], [ 113.67880665749999, -7.843556373977492, 0.0 ], [ 113.678853839714975, -7.84349683329998, 0.0 ], [ 113.678899935865047, -7.843473529777498, 0.0 ], [ 113.678977089469981, -7.843488857367504, 0.0 ], [ 113.679044507132517, -7.843535814887503, 0.0 ], [ 113.679132974119966, -7.843564532447488, 0.0 ], [ 113.679199511434945, -7.843549980634975, 0.0 ], [ 113.679256311012523, -7.843570922139975, 0.0 ], [ 113.679318834654964, -7.843600213780007, 0.0 ], [ 113.679355202949978, -7.843635113859989, 0.0 ], [ 113.679378761267458, -7.843669321214975, 0.0 ], [ 113.679430556329976, -7.843687641500026, 0.0 ], [ 113.67947035259499, -7.84368092597748, 0.0 ], [ 113.67955841354501, -7.843630494770025, 0.0 ], [ 113.679599839354978, -7.843474928919989, 0.0 ], [ 113.679627933267511, -7.843407123914972, 0.0 ], [ 113.679649445222481, -7.843314107900028, 0.0 ], [ 113.679702550927459, -7.843169446884986, 0.0 ], [ 113.679780444742505, -7.843140087737481, 0.0 ], [ 113.67989070845249, -7.843146042984984, 0.0 ], [ 113.679977039247547, -7.843123656727528, 0.0 ], [ 113.680032246110045, -7.843085322267484, 0.0 ], [ 113.680105856759951, -7.843070665512528, 0.0 ] ] ] } },
{ "type": "Feature", "properties": { "NAMOBJ": "Jaringan Irigasi Sekunder", "REMARK": "DI Macan" }, "geometry": { "type": "MultiLineString", "coordinates": [ [ [ 114.12091199996496, -7.725025999882519, 0.0 ], [ 114.120980000634972, -7.725106000052506, 0.0 ], [ 114.121051999707447, -7.725121999540022, 0.0 ], [ 114.121199999844976, -7.725166000645004, 0.0 ], [ 114.121335999387497, -7.725144000089983, 0.0 ], [ 114.121425999799953, -7.725170000744981, 0.0 ], [ 114.121443000417457, -7.725180000082503, 0.0 ], [ 114.121546000350008, -7.725230999544976, 0.0 ], [ 114.121611999572451, -7.725203999774976, 0.0 ], [ 114.121623000342538, -7.725319999982503, 0.0 ], [ 114.121650999930011, -7.725353999937511, 0.0 ], [ 114.121695000312457, -7.725385999845003, 0.0 ], [ 114.121810999764989, -7.725450999692498, 0.0 ], [ 114.121862999642531, -7.725510000305007, 0.0 ], [ 114.121922999917501, -7.725595999807524, 0.0 ], [ 114.121980999644961, -7.725733000672506, 0.0 ], [ 114.122022999477508, -7.72584800008002, 0.0 ], [ 114.122048000490054, -7.725891000317517, 0.0 ], [ 114.122102999842468, -7.726041999832489, 0.0 ], [ 114.12221199962255, -7.726293000334977, 0.0 ], [ 114.122227000589987, -7.726373999852512, 0.0 ], [ 114.122255000177461, -7.72649700056752, 0.0 ], [ 114.122286000139979, -7.726583000265009, 0.0 ], [ 114.122332999997525, -7.726693999785027, 0.0 ], [ 114.122382000399966, -7.72671799955998, 0.0 ], [ 114.122409999990055, -7.726757999799986, 0.0 ], [ 114.122503000775055, -7.726844000460005, 0.0 ], [ 114.122593000287452, -7.726916999847504, 0.0 ], [ 114.122610999830044, -7.726960000192491, 0.0 ], [ 114.122668999557504, -7.727031999569988, 0.0 ], [ 114.12270499954252, -7.727110000047503, 0.0 ], [ 114.122749999747498, -7.727203000075008, 0.0 ], [ 114.122818999344986, -7.727333000325018, 0.0 ], [ 114.122913000852463, -7.727431000552485, 0.0 ], [ 114.122979999902554, -7.72746899988249, 0.0 ], [ 114.123097000077451, -7.727512999400005, 0.0 ], [ 114.123189999965007, -7.727513999430016, 0.0 ], [ 114.123420999942482, -7.727546000409973, 0.0 ], [ 114.123575000827486, -7.727593000027525, 0.0 ], [ 114.123720999517445, -7.727619999944977, 0.0 ], [ 114.123849999390018, -7.727662000329985, 0.0 ], [ 114.12405600015245, -7.727657000174986, 0.0 ], [ 114.124154999887537, -7.727608999607526, 0.0 ], [ 114.124236000077531, -7.727589999934992, 0.0 ], [ 114.124292999979957, -7.727549000502506, 0.0 ], [ 114.124333000162551, -7.727491999672509, 0.0 ], [ 114.124366999597555, -7.727408999884972, 0.0 ], [ 114.12439699973504, -7.727362000287485, 0.0 ], [ 114.124392000612488, -7.727331000264996, 0.0 ], [ 114.124400999935006, -7.727296999242526, 0.0 ], [ 114.124433000620002, -7.727246999565011, 0.0 ], [ 114.12444500031495, -7.727235000120004, 0.0 ], [ 114.124546000597547, -7.727099000635008, 0.0 ], [ 114.124604000322506, -7.726992000217479, 0.0 ], [ 114.124657000027469, -7.726880999709977, 0.0 ], [ 114.124682999964989, -7.726849999722504, 0.0 ], [ 114.12474300023996, -7.726750000480024, 0.0 ], [ 114.124764000157484, -7.726704000070015, 0.0 ], [ 114.124785000072507, -7.726662999810003, 0.0 ], [ 114.1248000001425, -7.726644000177487, 0.0 ], [ 114.124851000195008, -7.726553000327499, 0.0 ], [ 114.124913999944965, -7.72644500001752, 0.0 ], [ 114.124936000584967, -7.726394000412483, 0.0 ], [ 114.124985000089964, -7.72630299970001, 0.0 ], [ 114.125048999664955, -7.726222000197481, 0.0 ], [ 114.125078999802554, -7.72615000004248, 0.0 ], [ 114.125117000334967, -7.726080999980013, 0.0 ], [ 114.125147000472452, -7.726020000147514, 0.0 ], [ 114.125190999954953, -7.725932999622501, 0.0 ], [ 114.125236999984963, -7.725871000695008, 0.0 ], [ 114.125275999444966, -7.725801999764997, 0.0 ], [ 114.125318000174957, -7.725730000592478, 0.0 ], [ 114.125369000229966, -7.72564300012499, 0.0 ], [ 114.125430999254945, -7.725551999572474, 0.0 ], [ 114.125458999742477, -7.725523999757513, 0.0 ], [ 114.125487000230009, -7.725517000487514, 0.0 ], [ 114.125551999630034, -7.725425999960009, 0.0 ], [ 114.125637000017491, -7.725319999982503, 0.0 ], [ 114.125669999629963, -7.725268000482515, 0.0 ], [ 114.125737000475056, -7.725179000057494, 0.0 ], [ 114.125801999874966, -7.725111000177492, 0.0 ], [ 114.125877000217542, -7.725018999710016, 0.0 ], [ 114.125954000209958, -7.724926000149992, 0.0 ], [ 114.12604399972497, -7.724820999404983, 0.0 ], [ 114.126118000242514, -7.724747999460021, 0.0 ], [ 114.126164000272524, -7.724683999740023, 0.0 ], [ 114.126192999687532, -7.724646999765014, 0.0 ], [ 114.126240000440021, -7.724594000324998, 0.0 ], [ 114.126283999922521, -7.724548999254978, 0.0 ], [ 114.126350000045022, -7.724448000519999, 0.0 ], [ 114.126366999764969, -7.7244119996775, 0.0 ], [ 114.126425999314961, -7.724397000237502, 0.0 ], [ 114.126501000557482, -7.724377999795024, 0.0 ], [ 114.126557000632488, -7.724381999887498, 0.0 ], [ 114.126619999485001, -7.724372999677485, 0.0 ], [ 114.126681999407538, -7.724354999257514, 0.0 ], [ 114.126729000162527, -7.724320000269984, 0.0 ], [ 114.126750000080051, -7.724306999967496, 0.0 ], [ 114.126782999690022, -7.724310000037519, 0.0 ], [ 114.126871000452525, -7.724265999932527, 0.0 ], [ 114.126943000422443, -7.724228999992476, 0.0 ], [ 114.126983000605037, -7.724214000562483, 0.0 ], [ 114.127028000812516, -7.724211000492517, 0.0 ], [ 114.127113000302529, -7.724168000419979, 0.0 ], [ 114.127171000027488, -7.724118999305006, 0.0 ], [ 114.12718000024995, -7.724119999327513, 0.0 ], [ 114.127335000060043, -7.724085999467491, 0.0 ], [ 114.127378000614954, -7.724079999332503, 0.0 ], [ 114.127492000417533, -7.724074000107521, 0.0 ], [ 114.127496000617498, -7.724062999859996, 0.0 ] ] ] } },
{ "type": "Feature", "properties": { "NAMOBJ": "Jaringan Irigasi Sekunder", "REMARK": "DI Nagnka" }, "geometry": { "type": "MultiLineString", "coordinates": [ [ [ 113.804224564109973, -7.778367636509984, 0.0 ], [ 113.804205880049949, -7.778195276145027, 0.0 ], [ 113.804155365985025, -7.778057709300015, 0.0 ], [ 113.804083137842554, -7.777952107060003, 0.0 ], [ 113.80401197599997, -7.777847428337509, 0.0 ], [ 113.803921918995002, -7.777730131915007, 0.0 ], [ 113.803842066850052, -7.777641444639983, 0.0 ], [ 113.803723763219978, -7.777539779209974, 0.0 ], [ 113.803646048167479, -7.777475470535023, 0.0 ], [ 113.803582995417514, -7.777422325912482, 0.0 ], [ 113.803513046302555, -7.777399222175006, 0.0 ], [ 113.803437148542457, -7.777394899462479, 0.0 ], [ 113.803274920887475, -7.777402366792501, 0.0 ], [ 113.803223615405045, -7.777376691512472, 0.0 ], [ 113.803200146919949, -7.777349859132528, 0.0 ] ] ] } },
{ "type": "Feature", "properties": { "NAMOBJ": "Jaringan Irigasi Sekunder", "REMARK": "DI Pregin B" }, "geometry": { "type": "MultiLineString", "coordinates": [ [ [ 113.807230999887452, -7.766383999640027, 0.0 ], [ 113.80731500045249, -7.76642299977749, 0.0 ], [ 113.807417999484983, -7.766507999992484, 0.0 ], [ 113.807532000187507, -7.766571000300019, 0.0 ], [ 113.807527999990043, -7.766648000490022, 0.0 ], [ 113.807558000127528, -7.766766000187488, 0.0 ], [ 113.807547000254999, -7.766822000597472, 0.0 ], [ 113.807604000157539, -7.766906999977493, 0.0 ], [ 113.807644000340019, -7.766943999917487, 0.0 ], [ 113.807698999692548, -7.767045999569973, 0.0 ], [ 113.807707000089977, -7.76729300056752, 0.0 ], [ 113.807787999382526, -7.767430000037507, 0.0 ], [ 113.807770999662466, -7.767507000380022, 0.0 ], [ 113.807770999662466, -7.767560999724992, 0.0 ], [ 113.807765000714994, -7.767700000442517, 0.0 ], [ 113.807810999844946, -7.767726000002483, 0.0 ], [ 113.807919000700053, -7.767788999577476, 0.0 ], [ 113.808015999885015, -7.767863999735027, 0.0 ], [ 113.808074000510032, -7.767893999802482, 0.0 ], [ 113.808163000200011, -7.767999999264987, 0.0 ], [ 113.808221999750003, -7.768113999747527, 0.0 ], [ 113.808244000390005, -7.768129999915004, 0.0 ], [ 113.808332999180038, -7.768234999309982, 0.0 ], [ 113.808364000040001, -7.768266000440008, 0.0 ], [ 113.808420000117508, -7.768282999822475, 0.0 ], [ 113.808472999819969, -7.768293999372474, 0.0 ], [ 113.808607999539959, -7.768316999504975, 0.0 ], [ 113.808724999714968, -7.768322000130013, 0.0 ], [ 113.808827999647519, -7.768323000255009, 0.0 ], [ 113.808888999747523, -7.768322000130013, 0.0 ], [ 113.809005999922533, -7.768318999755024, 0.0 ], [ 113.809017999617481, -7.768246999892483, 0.0 ], [ 113.809082999914949, -7.768332999680013, 0.0 ], [ 113.809159000082445, -7.768433000322489, 0.0 ], [ 113.809188000395011, -7.768514000432504, 0.0 ], [ 113.80923699990251, -7.768624999762494, 0.0 ], [ 113.809281000282454, -7.768671000067513, 0.0 ], [ 113.809327000312464, -7.768746999592508, 0.0 ], [ 113.809379000192507, -7.768820999792524, 0.0 ], [ 113.80944499941495, -7.76887200074998, 0.0 ], [ 113.809500000564981, -7.768913999665017, 0.0 ], [ 113.809549000069978, -7.768958999874997, 0.0 ], [ 113.809667999897556, -7.769037999830005, 0.0 ], [ 113.809700999507527, -7.769113000204982, 0.0 ], [ 113.809731000544957, -7.769222000347497, 0.0 ], [ 113.80974900008755, -7.7692350001725, 0.0 ], [ 113.809745999715005, -7.769349000070008, 0.0 ], [ 113.809770999827492, -7.769487000322499, 0.0 ], [ 113.809785999897485, -7.769665000262478, 0.0 ], [ 113.809784000247532, -7.769818999932511, 0.0 ], [ 113.809793000467494, -7.769953999947518, 0.0 ], [ 113.809846000172456, -7.770030999827497, 0.0 ], [ 113.809849000545, -7.770114000495028, 0.0 ], [ 113.809907000269959, -7.770229999972514, 0.0 ], [ 113.809968000369963, -7.770331000272506, 0.0 ], [ 113.809991999762474, -7.770351000127505, 0.0 ], [ 113.810074999602534, -7.770521000294991, 0.0 ], [ 113.810089999670026, -7.770541000159994, 0.0 ], [ 113.810176999710052, -7.770655999619976, 0.0 ], [ 113.810302000282491, -7.770773000284976, 0.0 ], [ 113.810360000007449, -7.770822000299972, 0.0 ], [ 113.810503999947514, -7.770979000775014, 0.0 ], [ 113.810546999604981, -7.771079999425012, 0.0 ], [ 113.81059300053505, -7.771152999892479, 0.0 ], [ 113.810601000032534, -7.771141000140005, 0.0 ], [ 113.81061300062504, -7.771149000279991, 0.0 ], [ 113.810626999972555, -7.771193000592518, 0.0 ], [ 113.810646000237512, -7.771251000015013, 0.0 ], [ 113.810633999645006, -7.771351999642491, 0.0 ], [ 113.81063799984247, -7.771488999489975, 0.0 ], [ 113.810649000610056, -7.771625999382479, 0.0 ], [ 113.810661000307505, -7.771743999529974, 0.0 ], [ 113.810692000267522, -7.771831000147472, 0.0 ], [ 113.810699999767508, -7.771893000187504, 0.0 ], [ 113.81076099986501, -7.771977999655007, 0.0 ], [ 113.810805000247456, -7.772067000587526, 0.0 ], [ 113.810812999745053, -7.772082999987504, 0.0 ], [ 113.810867000169992, -7.772177999920018, 0.0 ], [ 113.810885000612529, -7.772196999724997, 0.0 ] ] ] } },
{ "type": "Feature", "properties": { "NAMOBJ": "Jaringan Irigasi Primer", "REMARK": "DI Nangger" }, "geometry": { "type": "MultiLineString", "coordinates": [ [ [ 113.729944789372553, -7.756556009287522, 0.0 ], [ 113.73002928041501, -7.756550819912491, 0.0 ], [ 113.730109199932485, -7.756551450447489, 0.0 ], [ 113.730480000227544, -7.756579979695005, 0.0 ], [ 113.731260119679973, -7.756659990257504, 0.0 ], [ 113.731490160257522, -7.756710029830003, 0.0 ], [ 113.731660080184952, -7.756790040415012, 0.0 ], [ 113.731779960359972, -7.756929990312528, 0.0 ], [ 113.731940159619967, -7.756990019952525, 0.0 ], [ 113.732169839974972, -7.757139959954998, 0.0 ], [ 113.73239015988247, -7.757199989625008, 0.0 ], [ 113.732629920232512, -7.757250030172486, 0.0 ], [ 113.732840160144974, -7.757289990344987, 0.0 ], [ 113.733079919594957, -7.757330039944975, 0.0 ], [ 113.733259920417481, -7.757360010079992, 0.0 ], [ 113.733680040019976, -7.757389980217511, 0.0 ], [ 113.733719999777463, -7.757379990172524, 0.0 ], [ 113.733910079697466, -7.757370000124979, 0.0 ], [ 113.734299960210024, -7.757280000302501, 0.0 ], [ 113.734910159732522, -7.757309970432516, 0.0 ], [ 113.735319840009993, -7.757430029827503, 0.0 ], [ 113.735493719712508, -7.757623529997488, 0.0 ], [ 113.735671920312484, -7.757732070075008, 0.0 ], [ 113.735722320292552, -7.757764829752489, 0.0 ], [ 113.7357316798375, -7.757771040230011, 0.0 ], [ 113.735921400432517, -7.757894699569988, 0.0 ], [ 113.736719879652469, -7.758199980434995, 0.0 ], [ 113.737759920342455, -7.758360000350024, 0.0 ], [ 113.73815987994999, -7.758430020259993, 0.0 ], [ 113.738190119937485, -7.758469979627478, 0.0 ], [ 113.738469840045013, -7.758500040180024, 0.0 ], [ 113.739019919817451, -7.75855997970001, 0.0 ], [ 113.739289920152487, -7.758600030332502, 0.0 ], [ 113.740120080257498, -7.758719999749985, 0.0 ], [ 113.740409880359948, -7.758749969979988, 0.0 ], [ 113.740440120347444, -7.75879001971748, 0.0 ], [ 113.740520039865032, -7.758780029637478, 0.0 ], [ 113.740750080444968, -7.758819989952485, 0.0 ], [ 113.740751520442473, -7.758820619579978, 0.0 ], [ 113.74081991996502, -7.758849960189991, 0.0 ], [ 113.740833374932549, -7.758858240239988, 0.0 ] ] ] } },
{ "type": "Feature", "properties": { "NAMOBJ": "Jaringan Irigasi Sekunder", "REMARK": "DI Sbr. Konyek" }, "geometry": { "type": "MultiLineString", "coordinates": [ [ [ 114.072095290857533, -7.718867748392483, 0.0 ], [ 114.072083328890017, -7.718738461452517, 0.0 ], [ 114.072063556972466, -7.718714423797508, 0.0 ], [ 114.072061613017468, -7.71842917460998, 0.0 ], [ 114.072058576712493, -7.718268617437502, 0.0 ], [ 114.072043582032506, -7.717983893180019, 0.0 ], [ 114.071995179907503, -7.71773670864502, 0.0 ], [ 114.07196430660747, -7.717567700934978, 0.0 ], [ 114.071952868359972, -7.717506482404985, 0.0 ], [ 114.071952200012447, -7.717454719247485, 0.0 ], [ 114.071993434479964, -7.717325418129974, 0.0 ], [ 114.072009124455008, -7.717205587007527, 0.0 ], [ 114.072002394277547, -7.717020127755006, 0.0 ], [ 114.07202936349745, -7.716854978925028, 0.0 ], [ 114.072099066477449, -7.716761497535003, 0.0 ], [ 114.072298460130014, -7.716562835847526, 0.0 ], [ 114.072429795622497, -7.716484538904979, 0.0 ], [ 114.07260935627005, -7.716232930932506, 0.0 ], [ 114.072620035442469, -7.716074674765025, 0.0 ], [ 114.072615301319956, -7.71599273920998, 0.0 ], [ 114.072595706369952, -7.715308520765007, 0.0 ], [ 114.072569127915017, -7.714336103427513, 0.0 ] ] ] } },
{ "type": "Feature", "properties": { "NAMOBJ": "Jaringan Irigasi Sekunder", "REMARK": "DI Sbr. Kolpoh" }, "geometry": { "type": "MultiLineString", "coordinates": [ [ [ 114.16560164833254, -7.721581565834981, 0.0 ], [ 114.165475078402551, -7.721586966472501, 0.0 ], [ 114.165393562579993, -7.721549223137515, 0.0 ], [ 114.16534637318, -7.721504730602476, 0.0 ], [ 114.165333388032536, -7.721433319745017, 0.0 ], [ 114.165345482050043, -7.721240258199998, 0.0 ], [ 114.165375499254992, -7.721099256864989, 0.0 ], [ 114.165369763512444, -7.720957584944983, 0.0 ], [ 114.165285101787504, -7.720838977289986, 0.0 ], [ 114.165043265432473, -7.720702773602511, 0.0 ], [ 114.164850310005022, -7.720606499372479, 0.0 ], [ 114.164601228735023, -7.720503762480007, 0.0 ], [ 114.164401029292549, -7.720433067124986, 0.0 ], [ 114.164242113727482, -7.720379144827518, 0.0 ], [ 114.164155538589966, -7.720348339650002, 0.0 ], [ 114.164111090850042, -7.720264487202485, 0.0 ], [ 114.164120015610024, -7.720107432137524, 0.0 ], [ 114.164158494047456, -7.719979083709973, 0.0 ], [ 114.163802160222531, -7.719791942595009, 0.0 ], [ 114.163517682637462, -7.719637429702516, 0.0 ], [ 114.163298201754969, -7.719491938870021, 0.0 ], [ 114.163190442547489, -7.719441993014982, 0.0 ], [ 114.162915297559948, -7.71936287072748, 0.0 ], [ 114.162717747249985, -7.719332323834976, 0.0 ], [ 114.162482816242459, -7.719251954289973, 0.0 ], [ 114.162242044390041, -7.719233093670027, 0.0 ], [ 114.162101361029954, -7.719167201497498, 0.0 ], [ 114.162078816910025, -7.719026571277482, 0.0 ], [ 114.162073425222502, -7.71896958343001, 0.0 ], [ 114.161851727297517, -7.718918344737517, 0.0 ], [ 114.161596545569978, -7.718873669074981, 0.0 ], [ 114.161293636352525, -7.718809602704994, 0.0 ], [ 114.160889295657512, -7.718704522234987, 0.0 ], [ 114.160918654400007, -7.718508523007472, 0.0 ], [ 114.160947519064962, -7.718390577524985, 0.0 ], [ 114.160936850672556, -7.718348196647526, 0.0 ], [ 114.160895851562486, -7.718325752092483, 0.0 ], [ 114.160825621274967, -7.718300983612494, 0.0 ], [ 114.160871350912544, -7.717747548147486, 0.0 ], [ 114.160860404939967, -7.71754738417502, 0.0 ], [ 114.16081673424253, -7.717455008482489, 0.0 ], [ 114.160748853945051, -7.71735253784999, 0.0 ], [ 114.16064838456748, -7.717268330139973, 0.0 ], [ 114.160600658872454, -7.717246322687515, 0.0 ], [ 114.160380077555033, -7.71713712486752, 0.0 ], [ 114.16015493728753, -7.717029415222498, 0.0 ], [ 114.160020834984948, -7.716961666620023, 0.0 ], [ 114.15990292122251, -7.716887947187502, 0.0 ], [ 114.159753956292548, -7.716811288882525, 0.0 ], [ 114.15963240794747, -7.716763916342472, 0.0 ], [ 114.159604169407544, -7.716727102262496, 0.0 ], [ 114.159601782582513, -7.716586960977509, 0.0 ], [ 114.159425447784997, -7.716576757455016, 0.0 ], [ 114.159235753239955, -7.716561983652525, 0.0 ], [ 114.159073768130042, -7.716521099312502, 0.0 ], [ 114.159036932712525, -7.716426416347474, 0.0 ], [ 114.159051678557489, -7.716167974434995, 0.0 ], [ 114.159035041757534, -7.715899202347487, 0.0 ], [ 114.159004999400054, -7.715646550002475, 0.0 ], [ 114.158986225510034, -7.715305048127505, 0.0 ], [ 114.158987942187537, -7.715078801535014, 0.0 ] ] ] } },
{ "type": "Feature", "properties": { "NAMOBJ": "Jaringan Irigasi Sekunder", "REMARK": "DI Siguwo 4" }, "geometry": { "type": "MultiLineString", "coordinates": [ [ [ 113.925206827897455, -7.752519860272514, 0.0 ], [ 113.925206827897455, -7.752519860272514, 0.0 ], [ 113.925283656312445, -7.752315879717514, 0.0 ], [ 113.925332678277528, -7.752195708592524, 0.0 ], [ 113.925396630240016, -7.751987340944993, 0.0 ], [ 113.925444575122469, -7.751887647970022, 0.0 ], [ 113.925471845279958, -7.751794981172509, 0.0 ], [ 113.925467285432546, -7.751751429042486, 0.0 ], [ 113.925424766372544, -7.751718772020013, 0.0 ], [ 113.925366362405043, -7.751694847507508, 0.0 ], [ 113.925339875577492, -7.751680395530002, 0.0 ], [ 113.925348017010037, -7.7516209287175, 0.0 ], [ 113.925371912197534, -7.751519366139973, 0.0 ], [ 113.925386719127459, -7.75146117318252, 0.0 ], [ 113.925426364475015, -7.751349202817494, 0.0 ], [ 113.925542420522447, -7.751355342030024, 0.0 ], [ 113.925583439395041, -7.75132622274748, 0.0 ], [ 113.925589043084983, -7.751236652139994, 0.0 ], [ 113.925588929897458, -7.751191872772495, 0.0 ], [ 113.925570360822462, -7.751154978205022, 0.0 ], [ 113.925533683507524, -7.751123342299991, 0.0 ], [ 113.925578877750013, -7.750979608380021, 0.0 ], [ 113.925575952834947, -7.750947032627494, 0.0 ], [ 113.92557023865254, -7.750811670822486, 0.0 ], [ 113.925578239945025, -7.750677933282475, 0.0 ], [ 113.925610776027497, -7.75055840683001, 0.0 ], [ 113.925644564360027, -7.75053981950748, 0.0 ], [ 113.925774757194972, -7.750582256457506, 0.0 ], [ 113.925860628947476, -7.750599185795011, 0.0 ], [ 113.925938039472499, -7.750453107874989, 0.0 ], [ 113.926010243359997, -7.750220919747505, 0.0 ], [ 113.926163449234991, -7.749802068579982, 0.0 ], [ 113.926533573097458, -7.749864805482503, 0.0 ], [ 113.926561719112556, -7.74981580875999, 0.0 ], [ 113.926633720877476, -7.749513397187513, 0.0 ], [ 113.926693186655029, -7.749277650882505, 0.0 ], [ 113.92672109821001, -7.749076031535026, 0.0 ], [ 113.926751192670054, -7.748991802147486, 0.0 ], [ 113.926712929830046, -7.748948787752511, 0.0 ], [ 113.92654567070997, -7.748917669387481, 0.0 ], [ 113.926594211175029, -7.748710044252505, 0.0 ], [ 113.926647892699975, -7.748505591002527, 0.0 ], [ 113.926709543179982, -7.748217696997472, 0.0 ], [ 113.926715788267529, -7.748125521900022, 0.0 ] ] ] } },
{ "type": "Feature", "properties": { "NAMOBJ": "Jaringan Irigasi Sekunder", "REMARK": "DI Dam Kembang 1" }, "geometry": { "type": "MultiLineString", "coordinates": [ [ [ 113.816085000144994, -7.785608000375021, 0.0 ], [ 113.816193999924963, -7.785531000450021, 0.0 ], [ 113.816276999765023, -7.785459000447474, 0.0 ], [ 113.816297999682547, -7.785363000162477, 0.0 ], [ 113.816333999667449, -7.785308000244981, 0.0 ], [ 113.816348999735055, -7.785272999967503, 0.0 ], [ 113.816349999559975, -7.785235000114994, 0.0 ] ] ] } },
{ "type": "Feature", "properties": { "NAMOBJ": "Jaringan Irigasi Primer", "REMARK": "DI Sampean Baru" }, "geometry": { "type": "MultiLineString", "coordinates": [ [ [ 114.126465142505026, -7.786873328742502, 0.0 ], [ 114.126342024802511, -7.786632559354985, 0.0 ], [ 114.126370176207502, -7.786551094997492, 0.0 ], [ 114.127697635567529, -7.785896029755008, 0.0 ], [ 114.12781151499496, -7.785742236965007, 0.0 ], [ 114.127925510307477, -7.783666983712521, 0.0 ], [ 114.127997149155021, -7.781534401249985, 0.0 ], [ 114.128111800235047, -7.780321888607489, 0.0 ], [ 114.128203123864978, -7.778734637227501, 0.0 ], [ 114.128346231777527, -7.777102192607515, 0.0 ], [ 114.128404978005051, -7.775814813167472, 0.0 ], [ 114.12887292121502, -7.774633871210028, 0.0 ], [ 114.128945963232468, -7.774401993112519, 0.0 ], [ 114.129484274174956, -7.772301260047527, 0.0 ], [ 114.129578479600013, -7.771737273269991, 0.0 ], [ 114.129055874802475, -7.769571120554986, 0.0 ], [ 114.129064594747547, -7.768985478587524, 0.0 ], [ 114.129240065367526, -7.767442716927519, 0.0 ], [ 114.129399033934988, -7.767068725882496, 0.0 ], [ 114.129588667392454, -7.76695261410498, 0.0 ], [ 114.12996255160499, -7.76696419763249, 0.0 ], [ 114.130293281647482, -7.76697251433751, 0.0 ], [ 114.130440025042503, -7.766888982277521, 0.0 ], [ 114.130678832279955, -7.766618360955022, 0.0 ], [ 114.132727478014999, -7.764510626665015, 0.0 ], [ 114.133700960727538, -7.763552392415022, 0.0 ], [ 114.133774617192444, -7.763387546124989, 0.0 ], [ 114.134002179317463, -7.761439323977527, 0.0 ], [ 114.134216482309967, -7.760045647912477, 0.0 ], [ 114.134877224642537, -7.755522742649987, 0.0 ], [ 114.135827458957465, -7.751830573672521, 0.0 ], [ 114.136003331122538, -7.748402218794979, 0.0 ], [ 114.136627541667508, -7.743393257337516, 0.0 ], [ 114.136860720960044, -7.740907281695002, 0.0 ], [ 114.136985177152496, -7.740727125585011, 0.0 ], [ 114.137182215422513, -7.740642030982485, 0.0 ], [ 114.13860840771747, -7.740721146207477, 0.0 ], [ 114.139908949957544, -7.740819105665025, 0.0 ], [ 114.140237227599982, -7.740661346939987, 0.0 ], [ 114.141364126395047, -7.739959982714993, 0.0 ], [ 114.141535965127446, -7.739707781705022, 0.0 ], [ 114.141670803149964, -7.739312463062504, 0.0 ], [ 114.141777433172479, -7.738343788645011, 0.0 ], [ 114.142908330370005, -7.73322516503498, 0.0 ] ] ] } },
{ "type": "Feature", "properties": { "NAMOBJ": "Jaringan Irigasi Primer", "REMARK": "DI Sampean Baru" }, "geometry": { "type": "MultiLineString", "coordinates": [ [ [ 114.078371042705044, -7.788729526815018, 0.0 ], [ 114.078641552384966, -7.787838274745013, 0.0 ], [ 114.079137272404978, -7.786809368187505, 0.0 ], [ 114.079380220875009, -7.78660684337251, 0.0 ], [ 114.079745273747449, -7.786389090747491, 0.0 ], [ 114.082806249840019, -7.785190959129977, 0.0 ], [ 114.087400789362505, -7.783329182362479, 0.0 ], [ 114.087745580735032, -7.783290820394996, 0.0 ], [ 114.088536800667498, -7.783349584342488, 0.0 ], [ 114.089737107990004, -7.783503396355002, 0.0 ] ] ] } },
{ "type": "Feature", "properties": { "NAMOBJ": "Jaringan Irigasi Sekunder", "REMARK": "DI Bluncong" }, "geometry": { "type": "MultiLineString", "coordinates": [ [ [ 113.876349000204982, -7.787464000437524, 0.0 ], [ 113.87647499970501, -7.787627999955021, 0.0 ], [ 113.876749000240011, -7.78802600016752, 0.0 ], [ 113.876950999905034, -7.788216999955011, 0.0 ], [ 113.87708499979999, -7.788326000369977, 0.0 ], [ 113.877155000119956, -7.788391999822522, 0.0 ], [ 113.87721600021996, -7.788490000215006, 0.0 ], [ 113.877239999609969, -7.788603999732516, 0.0 ], [ 113.877391999944962, -7.788705999952526, 0.0 ], [ 113.877583999567491, -7.788757999787492, 0.0 ], [ 113.877733000427497, -7.788866000165001, 0.0 ], [ 113.87788900006251, -7.788936000389981, 0.0 ], [ 113.878115999845022, -7.789026000437502, 0.0 ], [ 113.878279999874962, -7.789142999705007, 0.0 ], [ 113.878342999625033, -7.789275999955009, 0.0 ], [ 113.87842200016496, -7.789379999767505, 0.0 ], [ 113.878532999594995, -7.789478999647486, 0.0 ], [ 113.878571000130023, -7.789577999552478, 0.0 ], [ 113.878551999862452, -7.789636999799995, 0.0 ], [ 113.878745000204958, -7.789704999802495, 0.0 ], [ 113.879031000437521, -7.789760000282513, 0.0 ], [ 113.879182000050037, -7.789796000184992, 0.0 ], [ 113.879304000247544, -7.789834999702521, 0.0 ] ] ] } },
{ "type": "Feature", "properties": { "NAMOBJ": "Jaringan Irigasi Sekunder", "REMARK": "DI Sengon" }, "geometry": { "type": "MultiLineString", "coordinates": [ [ [ 113.670731258542446, -7.747587107895015, 0.0 ], [ 113.670108478115026, -7.747285819319984, 0.0 ], [ 113.670017249707485, -7.747213238065001, 0.0 ], [ 113.670009520602548, -7.746796873575022, 0.0 ], [ 113.669840489107514, -7.746565391840022, 0.0 ], [ 113.669710625954963, -7.746185581760017, 0.0 ], [ 113.669314406032527, -7.745195940647477, 0.0 ], [ 113.669233381587446, -7.745190537889982, 0.0 ], [ 113.669277168167469, -7.744841746714997, 0.0 ] ] ] } },
{ "type": "Feature", "properties": { "NAMOBJ": "Jaringan Irigasi Sekunder", "REMARK": "DI Agung" }, "geometry": { "type": "MultiLineString", "coordinates": [ [ [ 113.79976744706255, -7.734867984517507, 0.0 ], [ 113.799692414380047, -7.734810166992474, 0.0 ], [ 113.799559567024971, -7.734746663987494, 0.0 ], [ 113.79943860707499, -7.734665392819977, 0.0 ], [ 113.799305715702531, -7.734588807107514, 0.0 ], [ 113.799134565079953, -7.734517953424984, 0.0 ], [ 113.798990104304949, -7.734434490592491, 0.0 ], [ 113.798830002962518, -7.734342541982528, 0.0 ], [ 113.798789532959972, -7.734321715287479, 0.0 ], [ 113.798643660929997, -7.734246901614995, 0.0 ], [ 113.798581383427518, -7.734057273390022, 0.0 ], [ 113.798527332695016, -7.733909944609991, 0.0 ], [ 113.798367464014973, -7.733600667932478, 0.0 ], [ 113.798225793407482, -7.733380760369982, 0.0 ], [ 113.798135237835027, -7.733176075297479, 0.0 ], [ 113.798014951622463, -7.732924392860014, 0.0 ], [ 113.797829466584972, -7.732594721862483, 0.0 ], [ 113.797670239302533, -7.732411117424988, 0.0 ], [ 113.797489677032445, -7.732249113412479, 0.0 ], [ 113.797262945847478, -7.731984624420022, 0.0 ], [ 113.797171121854944, -7.73185076404252, 0.0 ], [ 113.797058922277529, -7.731614527335012, 0.0 ], [ 113.796994195067555, -7.731425211407497, 0.0 ], [ 113.796897452799953, -7.731098363739989, 0.0 ], [ 113.796718350292508, -7.730320544092478, 0.0 ], [ 113.796610344047508, -7.729868751137474, 0.0 ], [ 113.796559130194964, -7.729620286062527, 0.0 ], [ 113.796457908029993, -7.729158478894988, 0.0 ], [ 113.796368385520054, -7.728793049524995, 0.0 ], [ 113.796286421437458, -7.728431044847525, 0.0 ], [ 113.796236696094979, -7.728158679282501, 0.0 ], [ 113.796129513605024, -7.727672613794994, 0.0 ], [ 113.796136091070025, -7.727522996969981, 0.0 ], [ 113.796200638617506, -7.727423048667504, 0.0 ], [ 113.796380310657469, -7.727283737894993, 0.0 ], [ 113.796518771585056, -7.727167378577519, 0.0 ], [ 113.797064214252487, -7.726774230195019, 0.0 ], [ 113.797334893714947, -7.726584828785008, 0.0 ] ] ] } },
{ "type": "Feature", "properties": { "NAMOBJ": "Jaringan Irigasi Sekunder", "REMARK": "DI Sbr. Taman Burung" }, "geometry": { "type": "MultiLineString", "coordinates": [ [ [ 113.666032376107523, -7.743963996805007, 0.0 ], [ 113.666077794030002, -7.743893071327477, 0.0 ], [ 113.666095438737557, -7.743817831702472, 0.0 ], [ 113.666107968439974, -7.743754206930021, 0.0 ], [ 113.666104293432454, -7.743699542629997, 0.0 ], [ 113.666107897472443, -7.743655140894987, 0.0 ], [ 113.666135430837471, -7.743611038452514, 0.0 ], [ 113.666172698345008, -7.743552599280008, 0.0 ], [ 113.666256062002503, -7.743494293337505, 0.0 ], [ 113.666333253337484, -7.743462442650014, 0.0 ], [ 113.666581754294953, -7.743370691040013, 0.0 ], [ 113.666861285754976, -7.743276871792489, 0.0 ], [ 113.66703933184499, -7.743213570115017, 0.0 ], [ 113.667264432587444, -7.743123338732516, 0.0 ], [ 113.667389157377556, -7.743068561365021, 0.0 ], [ 113.667505670665037, -7.742967586600003, 0.0 ], [ 113.667588516894966, -7.742863111627514, 0.0 ], [ 113.667638555750045, -7.742799821872495, 0.0 ], [ 113.66763251098746, -7.742722572267496, 0.0 ], [ 113.667654398437548, -7.742617273395012, 0.0 ], [ 113.667727248214987, -7.742591386667527, 0.0 ], [ 113.66775085684003, -7.74248381578002, 0.0 ], [ 113.667916029172488, -7.741654097404989, 0.0 ], [ 113.668040463805028, -7.740892028932478, 0.0 ], [ 113.66806710244748, -7.740665512340001, 0.0 ], [ 113.668114405034999, -7.740586805910027, 0.0 ], [ 113.668157820612464, -7.74021556728502, 0.0 ], [ 113.668170441942493, -7.740066023685017, 0.0 ], [ 113.66824134237504, -7.739655797817477, 0.0 ], [ 113.668257797712499, -7.739297112722511, 0.0 ], [ 113.668288291925023, -7.738985420564973, 0.0 ], [ 113.668353038897521, -7.738454513787474, 0.0 ] ] ] } },
{ "type": "Feature", "properties": { "NAMOBJ": "Jaringan Irigasi Sekunder", "REMARK": "DI Sbr. Moya" }, "geometry": { "type": "MultiLineString", "coordinates": [ [ [ 114.081104349314955, -7.715089000212515, 0.0 ], [ 114.081069739022496, -7.715012405180005, 0.0 ], [ 114.081185671102503, -7.714518497662482, 0.0 ], [ 114.081262499517493, -7.714190415467499, 0.0 ], [ 114.081336837802496, -7.713858469472484, 0.0 ], [ 114.081392826200045, -7.713816317140015, 0.0 ], [ 114.081508283967537, -7.713815154732515, 0.0 ], [ 114.081586916199967, -7.713411554959976, 0.0 ], [ 114.081637582979965, -7.713021675415007, 0.0 ], [ 114.08164783904499, -7.712963248575022, 0.0 ], [ 114.081607661892463, -7.712954890025003, 0.0 ], [ 114.081692402670001, -7.711730983902498, 0.0 ], [ 114.081814322917467, -7.71068665088751, 0.0 ] ] ] } },
{ "type": "Feature", "properties": { "NAMOBJ": "Jaringan Irigasi Sekunder", "REMARK": "DI Kalorkoran" }, "geometry": { "type": "MultiLineString", "coordinates": [ [ [ 114.310356215435036, -7.775025277282509, 0.0 ], [ 114.310362000584973, -7.775026000012474, 0.0 ], [ 114.310362999512449, -7.775015000292512, 0.0 ], [ 114.310359037942476, -7.775006228074972, 0.0 ] ] ] } },
{ "type": "Feature", "properties": { "NAMOBJ": "Jaringan Irigasi Primer", "REMARK": "DI Sampean Lama" }, "geometry": { "type": "MultiLineString", "coordinates": [ [ [ 114.037425511354968, -7.70211416704251, 0.0 ], [ 114.038375493242484, -7.69937892900748, 0.0 ], [ 114.038769391019969, -7.697792100227502, 0.0 ], [ 114.03859362845003, -7.696368275969974, 0.0 ], [ 114.038639842279963, -7.696128940987478, 0.0 ], [ 114.039021725090038, -7.69592307644001, 0.0 ], [ 114.040825710164995, -7.695229107149999, 0.0 ], [ 114.041039288217462, -7.694940783175014, 0.0 ], [ 114.043363625115035, -7.694141535635026, 0.0 ], [ 114.043579715754959, -7.69420572792751, 0.0 ], [ 114.043891937810031, -7.694311064327508, 0.0 ], [ 114.044491100627511, -7.694336683589995, 0.0 ], [ 114.045964771579975, -7.694362063817493, 0.0 ], [ 114.046564062860057, -7.694405604710028, 0.0 ], [ 114.0469061458125, -7.694498775652505, 0.0 ], [ 114.048011158052532, -7.694903202730018, 0.0 ], [ 114.049140342162445, -7.695337329619974, 0.0 ], [ 114.049351025842498, -7.695382437149988, 0.0 ], [ 114.050077115220006, -7.695333292387488, 0.0 ], [ 114.051573181172444, -7.695270288745007, 0.0 ], [ 114.051746982722534, -7.69528398887752, 0.0 ], [ 114.051903050630017, -7.695330679362485, 0.0 ], [ 114.05262150882254, -7.695704980757512, 0.0 ], [ 114.053730993775048, -7.695897241762509, 0.0 ], [ 114.056968000137545, -7.696359999850017, 0.0 ], [ 114.058794254450049, -7.696664974637486, 0.0 ], [ 114.062664332337476, -7.697096211975008, 0.0 ], [ 114.062993987097457, -7.696960013902526, 0.0 ], [ 114.063227535597548, -7.696786262632486, 0.0 ], [ 114.063660200170034, -7.696314725254979, 0.0 ], [ 114.064659947827522, -7.695429003562481, 0.0 ], [ 114.065639168980056, -7.694582505434994, 0.0 ], [ 114.066275565170031, -7.693956547877519, 0.0 ], [ 114.067023694714976, -7.693042989269998, 0.0 ], [ 114.067483509072531, -7.692433232927499, 0.0 ], [ 114.067536124297476, -7.69225360602502, 0.0 ], [ 114.067535313117446, -7.69029971468251, 0.0 ], [ 114.069396950272449, -7.689975691582504, 0.0 ], [ 114.072555816680051, -7.689470287594986, 0.0 ], [ 114.078846341322446, -7.688679493935012, 0.0 ] ] ] } },
{ "type": "Feature", "properties": { "NAMOBJ": "Jaringan Irigasi Sekunder", "REMARK": "DI Macan" }, "geometry": { "type": "MultiLineString", "coordinates": [ [ [ 113.736187542505036, -7.801071720687503, 0.0 ], [ 113.736210125252455, -7.801002310757497, 0.0 ], [ 113.736228520054965, -7.800953971672527, 0.0 ], [ 113.736231665954961, -7.800883058722491, 0.0 ], [ 113.736256340880004, -7.800822071130028, 0.0 ], [ 113.736261217835022, -7.800708492727495, 0.0 ], [ 113.736264304444944, -7.800584550057522, 0.0 ], [ 113.736262222150003, -7.800418863692528, 0.0 ], [ 113.736256060605001, -7.800327017827499, 0.0 ], [ 113.736249865822515, -7.800234672795, 0.0 ], [ 113.736267782722507, -7.800165987597495, 0.0 ], [ 113.736258583075028, -7.800131550092487, 0.0 ], [ 113.736233018817529, -7.800106424659987, 0.0 ], [ 113.73618184089753, -7.800068286609985, 0.0 ], [ 113.736165568814954, -7.800029067139974, 0.0 ], [ 113.736166533605001, -7.799972797760006, 0.0 ], [ 113.736155805925023, -7.799949356064985, 0.0 ], [ 113.736129655967488, -7.799915624922505, 0.0 ], [ 113.736087162959961, -7.799891402054982, 0.0 ], [ 113.736057611082515, -7.79984493208002, 0.0 ], [ 113.736026532964956, -7.799802379855009, 0.0 ], [ 113.73600226857252, -7.799770306899973, 0.0 ], [ 113.735995030844947, -7.799707674980027, 0.0 ], [ 113.735963817982451, -7.799664902834991, 0.0 ], [ 113.735932562000016, -7.799622073202499, 0.0 ], [ 113.735906774062528, -7.799588868650005, 0.0 ], [ 113.735856399237491, -7.799541279872528, 0.0 ], [ 113.73582220935748, -7.799502450127477, 0.0 ], [ 113.735807057474972, -7.799462206787496, 0.0 ], [ 113.73582042799751, -7.799394477192493, 0.0 ], [ 113.735820672339969, -7.799346051592522, 0.0 ], [ 113.735797944962542, -7.799310626732506, 0.0 ], [ 113.735765001944969, -7.799248033210006, 0.0 ], [ 113.735703507772541, -7.799152034407484, 0.0 ], [ 113.735658185072452, -7.799058423867507, 0.0 ], [ 113.735599110062481, -7.799003101879975, 0.0 ], [ 113.735435781969954, -7.798901695139989, 0.0 ], [ 113.735323155692527, -7.79884142238501, 0.0 ], [ 113.735227910915, -7.798766930617489, 0.0 ], [ 113.735124846304984, -7.798676148269976, 0.0 ], [ 113.735096464932553, -7.798646160657484, 0.0 ], [ 113.734946035749999, -7.798553357869991, 0.0 ], [ 113.73484236926754, -7.798439907827515, 0.0 ], [ 113.73475655320749, -7.798286010167487, 0.0 ], [ 113.734716376955021, -7.798180580915016, 0.0 ], [ 113.734651807850014, -7.798157595610007, 0.0 ], [ 113.734559977570029, -7.798111181490015, 0.0 ], [ 113.734518114280036, -7.798005670147518, 0.0 ], [ 113.734477797890008, -7.797908174982524, 0.0 ], [ 113.734422850640044, -7.797826758680003, 0.0 ], [ 113.734366190299966, -7.797759055807489, 0.0 ], [ 113.734312928290024, -7.797697303002508, 0.0 ], [ 113.734264032987539, -7.797645933594993, 0.0 ], [ 113.73424942728002, -7.797529409295009, 0.0 ], [ 113.734206565962495, -7.797483225212488, 0.0 ], [ 113.734133962325018, -7.797424702994988, 0.0 ], [ 113.734002707682521, -7.797366256529983, 0.0 ], [ 113.73393558826001, -7.797384069262478, 0.0 ], [ 113.733864720167503, -7.797374927905025, 0.0 ], [ 113.733706903239977, -7.797320591727498, 0.0 ], [ 113.733585819322457, -7.797269355602509, 0.0 ], [ 113.733410976625009, -7.797226071739999, 0.0 ], [ 113.733316257362503, -7.797217963432502, 0.0 ], [ 113.733168324600001, -7.797245537157494, 0.0 ], [ 113.733079050924971, -7.797268518762507, 0.0 ], [ 113.732968735112536, -7.797237510067475, 0.0 ], [ 113.732918186909956, -7.797152831405015, 0.0 ], [ 113.732821022435019, -7.797130110805028, 0.0 ], [ 113.732688858697543, -7.797064431242518, 0.0 ], [ 113.732596386122509, -7.797046406802508, 0.0 ], [ 113.732483795775011, -7.797032211565011, 0.0 ], [ 113.732328143787527, -7.796891961177494, 0.0 ], [ 113.732211073545045, -7.796717974470027, 0.0 ], [ 113.732139476917496, -7.79653127099499, 0.0 ], [ 113.732117293920055, -7.796367231577506, 0.0 ], [ 113.732207781217539, -7.796232486102497, 0.0 ], [ 113.73218298412246, -7.796123897997518, 0.0 ], [ 113.732226257767479, -7.796038836267485, 0.0 ], [ 113.732282364742446, -7.795998826872506, 0.0 ], [ 113.732368772792483, -7.795871301855016, 0.0 ], [ 113.732442208269958, -7.795741325680012, 0.0 ], [ 113.732537647082495, -7.795580874832524, 0.0 ], [ 113.732623460447485, -7.795386635764999, 0.0 ], [ 113.73261631075502, -7.795339993799985, 0.0 ], [ 113.73256089368499, -7.795167006994973, 0.0 ], [ 113.73246014403253, -7.794964135114981, 0.0 ], [ 113.732365671807543, -7.794826389519983, 0.0 ], [ 113.732309384270025, -7.79467188537501, 0.0 ], [ 113.732285457642547, -7.79454481247501, 0.0 ] ] ] } },
{ "type": "Feature", "properties": { "NAMOBJ": "Jaringan Irigasi Primer", "REMARK": "DI Sampean Lama" }, "geometry": { "type": "MultiLineString", "coordinates": [ [ [ 114.016669757052455, -7.697649266239978, 0.0 ], [ 114.016619156750039, -7.697353212862481, 0.0 ], [ 114.016675305047556, -7.697161608122485, 0.0 ], [ 114.016880606022482, -7.6970549973625, 0.0 ], [ 114.017751689777469, -7.69690545494251, 0.0 ], [ 114.018412983675034, -7.696905577202472, 0.0 ], [ 114.018685572060008, -7.696827173402482, 0.0 ], [ 114.018918777402519, -7.696600857709996, 0.0 ], [ 114.019504301100028, -7.696051786362489, 0.0 ], [ 114.020819368202524, -7.694990865809984, 0.0 ], [ 114.022067512609965, -7.693954318052477, 0.0 ], [ 114.023420356562497, -7.692816646347524, 0.0 ], [ 114.023524385067503, -7.692619923422512, 0.0 ], [ 114.023893981617448, -7.691355339417498, 0.0 ], [ 114.024323294577471, -7.689727037645014, 0.0 ], [ 114.024629906652535, -7.689041304937518, 0.0 ], [ 114.025062390664971, -7.68802963024001, 0.0 ], [ 114.025958690129983, -7.686202048945006, 0.0 ], [ 114.026571300727483, -7.68491424242751, 0.0 ], [ 114.027327021037536, -7.683535798287494, 0.0 ], [ 114.027624375074993, -7.683150447915011, 0.0 ], [ 114.027745847962478, -7.683049206985004, 0.0 ], [ 114.027968106434969, -7.68302772677248, 0.0 ], [ 114.028306102949955, -7.682995062147484, 0.0 ], [ 114.029445732669956, -7.682542460757475, 0.0 ], [ 114.031340850932452, -7.681188239427513, 0.0 ], [ 114.033160691272542, -7.679518671432504, 0.0 ], [ 114.03442157199504, -7.678205491672486, 0.0 ], [ 114.034720515152458, -7.677792285197484, 0.0 ], [ 114.034818861809981, -7.677471318577489, 0.0 ], [ 114.034830249755032, -7.677050583335017, 0.0 ], [ 114.034876975622524, -7.676882947139973, 0.0 ], [ 114.035157906659947, -7.676632392982526, 0.0 ], [ 114.035410936922517, -7.676501540257505, 0.0 ], [ 114.036293089719948, -7.676232396700016, 0.0 ], [ 114.036718117715054, -7.676031014692512, 0.0 ], [ 114.036994187070036, -7.675770935407513, 0.0 ], [ 114.037144378197468, -7.67566590455499, 0.0 ], [ 114.037248439040013, -7.675643658352499, 0.0 ], [ 114.037599000292516, -7.675702999810028, 0.0 ] ] ] } },
{ "type": "Feature", "properties": { "NAMOBJ": "Jaringan Irigasi Sekunder", "REMARK": "DI Siguwo 3" }, "geometry": { "type": "MultiLineString", "coordinates": [ [ [ 113.927050399932455, -7.755546441077513, 0.0 ], [ 113.927140132645036, -7.755279902980021, 0.0 ], [ 113.927190279300021, -7.755138644187525, 0.0 ], [ 113.92720817823249, -7.755081653412503, 0.0 ], [ 113.927206051019994, -7.755052413430008, 0.0 ], [ 113.927130844962448, -7.755029625702491, 0.0 ], [ 113.926959867717528, -7.755009965092484, 0.0 ], [ 113.926762223082505, -7.754976008432493, 0.0 ], [ 113.926578324470029, -7.754932439557479, 0.0 ], [ 113.926531960622469, -7.754924351207478, 0.0 ], [ 113.92656842772999, -7.754636501287507, 0.0 ], [ 113.926637790247469, -7.754293545187522, 0.0 ], [ 113.926726400067537, -7.75399859923499, 0.0 ], [ 113.926819996435029, -7.753722285654987, 0.0 ], [ 113.926874272645023, -7.753512073125023, 0.0 ], [ 113.926945160500054, -7.753183493295012, 0.0 ], [ 113.926962457559966, -7.753101986892489, 0.0 ], [ 113.926924045600003, -7.753078616185007, 0.0 ], [ 113.926524871117522, -7.752998121752512, 0.0 ], [ 113.926159745480049, -7.752934957350021, 0.0 ], [ 113.92597680177505, -7.752891392332515, 0.0 ], [ 113.925715144992523, -7.752810747375008, 0.0 ], [ 113.925570907897509, -7.752711057857482, 0.0 ], [ 113.925282115702544, -7.752561268130023, 0.0 ], [ 113.925210866725024, -7.752522051159985, 0.0 ], [ 113.925206827897455, -7.752519860272514, 0.0 ], [ 113.925074106307534, -7.752447874907489, 0.0 ], [ 113.924995532465005, -7.75240479447001, 0.0 ], [ 113.924871103222472, -7.752348357022527, 0.0 ], [ 113.92467732134503, -7.752325135092519, 0.0 ], [ 113.92463505291505, -7.752298799750008, 0.0 ] ] ] } },
{ "type": "Feature", "properties": { "NAMOBJ": "Jaringan Irigasi Sekunder", "REMARK": "DI Pandan" }, "geometry": { "type": "MultiLineString", "coordinates": [ [ [ 113.767257764579995, -7.768533274747483, 0.0 ], [ 113.767247126730012, -7.768440748555008, 0.0 ], [ 113.767259522582549, -7.768321695347481, 0.0 ], [ 113.767308820327457, -7.768218876859976, 0.0 ], [ 113.767406124042509, -7.768143637560001, 0.0 ], [ 113.767472609255037, -7.76805166444251, 0.0 ], [ 113.767530881170046, -7.767945565502487, 0.0 ], [ 113.767626310999958, -7.767820953347496, 0.0 ], [ 113.767763591542462, -7.767762077455018, 0.0 ], [ 113.767848220927476, -7.767677797885028, 0.0 ], [ 113.767924764575014, -7.76751607996249, 0.0 ], [ 113.767949171802456, -7.767290239279987, 0.0 ], [ 113.767970186089997, -7.767113002272481, 0.0 ], [ 113.767985425112556, -7.767008646477507, 0.0 ], [ 113.767992404122538, -7.766922656992506, 0.0 ], [ 113.768018152534978, -7.766879972057495, 0.0 ] ] ] } },
{ "type": "Feature", "properties": { "NAMOBJ": "Jaringan Irigasi Primer", "REMARK": "DI Sampean Lama" }, "geometry": { "type": "MultiLineString", "coordinates": [ [ [ 114.003970686207481, -7.698097490235, 0.0 ], [ 113.99809393367002, -7.696719006215005, 0.0 ], [ 113.995843981770008, -7.696196956407505, 0.0 ], [ 113.995398289827449, -7.696150177330026, 0.0 ], [ 113.994995800562492, -7.696156575784983, 0.0 ], [ 113.99438896433503, -7.696236108067524, 0.0 ], [ 113.993756064385025, -7.696186750624975, 0.0 ], [ 113.993247069962536, -7.696128305977481, 0.0 ], [ 113.99198856169005, -7.695885935669992, 0.0 ], [ 113.991702242557494, -7.695818859127485, 0.0 ], [ 113.989178980027532, -7.695786273832482, 0.0 ], [ 113.984964621907466, -7.695674511254992, 0.0 ], [ 113.984029326574955, -7.69555554007502, 0.0 ], [ 113.980393167292505, -7.694678544897499, 0.0 ], [ 113.978359057197508, -7.694184767215006, 0.0 ], [ 113.977132097757476, -7.693902283987484, 0.0 ], [ 113.975812902897474, -7.693501205307484, 0.0 ], [ 113.974070170347545, -7.693043623362485, 0.0 ], [ 113.969701776309989, -7.691786774042498, 0.0 ], [ 113.966671999604955, -7.690919000375004, 0.0 ], [ 113.964017018899995, -7.690207469772474, 0.0 ] ] ] } },
{ "type": "Feature", "properties": { "NAMOBJ": "Jaringan Irigasi Sekunder", "REMARK": "DI Sbr. Baruh" }, "geometry": { "type": "MultiLineString", "coordinates": [ [ [ 113.70654207901498, -7.852918238157486, 0.0 ], [ 113.706514726215005, -7.852804197792523, 0.0 ], [ 113.706506823735026, -7.852727504325003, 0.0 ], [ 113.706588852497475, -7.852577847640021, 0.0 ], [ 113.706629282972472, -7.85252609196499, 0.0 ], [ 113.706676966445002, -7.852397807172508, 0.0 ], [ 113.706681078932547, -7.852336964662527, 0.0 ], [ 113.706667623967519, -7.85225516014998, 0.0 ], [ 113.706605485702539, -7.852188563080006, 0.0 ], [ 113.706562471672555, -7.852083217299992, 0.0 ], [ 113.706574267450037, -7.851999865810001, 0.0 ], [ 113.706620545059991, -7.851938391767476, 0.0 ], [ 113.706690159105051, -7.851839196737501, 0.0 ], [ 113.706786134210006, -7.851722685982509, 0.0 ], [ 113.706890151934999, -7.851544108932501, 0.0 ], [ 113.706936377442503, -7.851469840734978, 0.0 ], [ 113.70700420563503, -7.851393217782515, 0.0 ], [ 113.707190324885005, -7.851307746225018, 0.0 ], [ 113.707207771965045, -7.851108537792527, 0.0 ], [ 113.707262104767551, -7.850978269217478, 0.0 ], [ 113.707311850772498, -7.850853347272505, 0.0 ], [ 113.707430854192467, -7.850732127265019, 0.0 ], [ 113.707536394559952, -7.850641961834981, 0.0 ], [ 113.707622221397514, -7.850568637522485, 0.0 ], [ 113.707703193742532, -7.850502656785011, 0.0 ], [ 113.707840512012467, -7.850417641754973, 0.0 ], [ 113.70792081600996, -7.850377328827506, 0.0 ], [ 113.708065677432501, -7.850221567025017, 0.0 ], [ 113.708215408625051, -7.850107318375024, 0.0 ], [ 113.708391799120022, -7.849936218810001, 0.0 ], [ 113.708575046455053, -7.849717208252514, 0.0 ], [ 113.708709924899949, -7.849483345517513, 0.0 ], [ 113.708811255762498, -7.84932859804502, 0.0 ], [ 113.708897405097446, -7.849191593415014, 0.0 ], [ 113.709054635424991, -7.84889666533752, 0.0 ], [ 113.709239893189988, -7.848696821882527, 0.0 ], [ 113.709497566842515, -7.848434414315022, 0.0 ], [ 113.709666416880054, -7.848261987452474, 0.0 ], [ 113.70982386819253, -7.848081112777493, 0.0 ], [ 113.709914225235025, -7.847919015905006, 0.0 ], [ 113.71004803378753, -7.847863346259999, 0.0 ], [ 113.710150255780036, -7.847845508610021, 0.0 ], [ 113.710291602994971, -7.847821921, 0.0 ], [ 113.710417050927504, -7.847713363625019, 0.0 ], [ 113.710471680175033, -7.847576781177509, 0.0 ], [ 113.71052865941499, -7.847436902132472, 0.0 ], [ 113.710589475360052, -7.847292303610004, 0.0 ], [ 113.710640852704955, -7.847222037387496, 0.0 ] ] ] } },
{ "type": "Feature", "properties": { "NAMOBJ": "Jaringan Irigasi Sekunder", "REMARK": "DI Tenda" }, "geometry": { "type": "MultiLineString", "coordinates": [ [ [ 113.708559887382535, -7.800396604689979, 0.0 ], [ 113.708555012227521, -7.800371843367486, 0.0 ], [ 113.708538230799945, -7.800354213027504, 0.0 ], [ 113.708526382019954, -7.800340410094975, 0.0 ], [ 113.708515924732524, -7.800286959665016, 0.0 ], [ 113.708505309340012, -7.800250370262518, 0.0 ], [ 113.708482300790024, -7.800219017307484, 0.0 ], [ 113.708449983897481, -7.800182718115025, 0.0 ], [ 113.708421589950035, -7.80005764581, 0.0 ], [ 113.708424336100052, -7.800025877639996, 0.0 ], [ 113.708398148412471, -7.799904816210017, 0.0 ], [ 113.708397171942465, -7.799758698762503, 0.0 ], [ 113.708386190937517, -7.799667813082522, 0.0 ], [ 113.70834491514745, -7.799546479802473, 0.0 ], [ 113.7083297183475, -7.799479113405027, 0.0 ], [ 113.708315152165028, -7.799419650949972, 0.0 ], [ 113.708313283667508, -7.799375581132495, 0.0 ], [ 113.708319674282507, -7.799358675430028, 0.0 ], [ 113.708341299427502, -7.799315855865018, 0.0 ], [ 113.708340463995, -7.799291605652513, 0.0 ], [ 113.708315848357529, -7.799264278194983, 0.0 ], [ 113.708313159699969, -7.799197932115021, 0.0 ], [ 113.708332181527453, -7.799051310244977, 0.0 ], [ 113.708360231422489, -7.798952091877482, 0.0 ], [ 113.708397592355027, -7.79883985729748, 0.0 ], [ 113.708426874737484, -7.798744452680012, 0.0 ], [ 113.708434381957545, -7.798659245332487, 0.0 ], [ 113.708438014744956, -7.798586138902522, 0.0 ], [ 113.708433066825023, -7.798462679602494, 0.0 ], [ 113.70846164133502, -7.798370108649976, 0.0 ], [ 113.70850462931503, -7.798287499507524, 0.0 ], [ 113.708528894607525, -7.798173449967521, 0.0 ], [ 113.708534041057533, -7.798088407909972, 0.0 ], [ 113.708552450232446, -7.798033715732515, 0.0 ], [ 113.708570936662454, -7.797910912740008, 0.0 ], [ 113.708542680155006, -7.797784019574976, 0.0 ], [ 113.708522623470003, -7.797698143492482, 0.0 ], [ 113.708504877249993, -7.797622298559986, 0.0 ], [ 113.7084708867975, -7.797505055149998, 0.0 ], [ 113.70845293935497, -7.797424764137475, 0.0 ], [ 113.708445101554958, -7.797343335150003, 0.0 ], [ 113.708445567780018, -7.797212331875016, 0.0 ], [ 113.708426425580001, -7.797028740095016, 0.0 ], [ 113.708429213950012, -7.796879079152518, 0.0 ], [ 113.708439420610034, -7.796796205647524, 0.0 ], [ 113.708472740022444, -7.796439287247495, 0.0 ], [ 113.708548173352483, -7.795943153022506, 0.0 ], [ 113.708594522827525, -7.795682572817498, 0.0 ], [ 113.708608267950012, -7.795598721257477, 0.0 ], [ 113.708626330374955, -7.795488598352506, 0.0 ], [ 113.708656944062454, -7.795277367999972, 0.0 ], [ 113.708626379782459, -7.795100814860007, 0.0 ], [ 113.708593505935028, -7.795011665892503, 0.0 ], [ 113.708536681205032, -7.794854710492473, 0.0 ], [ 113.708461321534969, -7.794664242527517, 0.0 ], [ 113.708443975067553, -7.794576122127523, 0.0 ], [ 113.708404331514998, -7.794489078585002, 0.0 ], [ 113.708399768972527, -7.794407463075004, 0.0 ], [ 113.708409085400035, -7.794245374647517, 0.0 ] ] ] } },
{ "type": "Feature", "properties": { "NAMOBJ": "Jaringan Irigasi Sekunder", "REMARK": "DI Macan" }, "geometry": { "type": "MultiLineString", "coordinates": [ [ [ 114.123974999962456, -7.717684999292487, 0.0 ], [ 114.123913000037533, -7.717830000462527, 0.0 ], [ 114.123902000167504, -7.717867999865007, 0.0 ], [ 114.123873999679972, -7.717910000217501, 0.0 ], [ 114.123915999512519, -7.717942999582476, 0.0 ], [ 114.123897000145007, -7.7179609997375, 0.0 ], [ 114.12378099979253, -7.718014000192511, 0.0 ], [ 114.123801999710054, -7.718016999307508, 0.0 ], [ 114.123773999222522, -7.718049000497501, 0.0 ], [ 114.123732999215008, -7.718108000105019, 0.0 ], [ 114.123720999517445, -7.718147000452518, 0.0 ], [ 114.123747000355024, -7.718137999459998, 0.0 ], [ 114.123758000227554, -7.718124000247485, 0.0 ], [ 114.123769000097468, -7.71813199940749, 0.0 ], [ 114.123730000637465, -7.718191999947521, 0.0 ], [ 114.123706000347511, -7.718217000175002, 0.0 ], [ 114.12364699989746, -7.718313000149976, 0.0 ], [ 114.123597999495018, -7.718428999424987, 0.0 ], [ 114.12358699962499, -7.718470999830004, 0.0 ], [ 114.123538999942525, -7.718532000427501, 0.0 ], [ 114.123541999417512, -7.718568999882507, 0.0 ], [ 114.123479999494975, -7.718674000024976, 0.0 ], [ 114.123455000277545, -7.718734000639984, 0.0 ], [ 114.123437000734953, -7.718752999925016, 0.0 ], [ 114.123389000155044, -7.718830000730009, 0.0 ], [ 114.123365999690009, -7.718861000145012, 0.0 ], [ 114.123374000087551, -7.718887000422512, 0.0 ], [ 114.123361999492545, -7.718922999895028, 0.0 ], [ 114.123297999920055, -7.718883000380004, 0.0 ], [ 114.123309999615003, -7.718911999777504, 0.0 ], [ 114.123282000025029, -7.718992999742511, 0.0 ], [ 114.123236999820051, -7.718987000590005, 0.0 ], [ 114.123205999857532, -7.718989000610009, 0.0 ], [ 114.123159000002488, -7.719026000104975, 0.0 ], [ 114.123203000382546, -7.718988000600007, 0.0 ], [ 114.123159000002488, -7.719025000092472, 0.0 ], [ 114.123142000282542, -7.719132999469991, 0.0 ], [ 114.123113999795009, -7.719190000112519, 0.0 ], [ 114.123020999909954, -7.71919700019248, 0.0 ], [ 114.12295899998503, -7.719269000107488, 0.0 ], [ 114.122700999345057, -7.719425000112494, 0.0 ], [ 114.122712241760041, -7.719455603580002, 0.0 ] ] ] } },
{ "type": "Feature", "properties": { "NAMOBJ": "Jaringan Irigasi Sekunder", "REMARK": "DI Wangkal A" }, "geometry": { "type": "MultiLineString", "coordinates": [ [ [ 113.795707221879979, -7.771590331332504, 0.0 ], [ 113.795828758547486, -7.771269433099974, 0.0 ], [ 113.795889290625041, -7.770917818489977, 0.0 ], [ 113.795927354937476, -7.770625007442504, 0.0 ], [ 113.795903265714969, -7.770518868632507, 0.0 ], [ 113.795819813122534, -7.770399372274994, 0.0 ], [ 113.795660094462505, -7.770291563594981, 0.0 ], [ 113.795618276089954, -7.770247283229992, 0.0 ], [ 113.795607154944946, -7.7702000362425, 0.0 ], [ 113.795611280010007, -7.770065475075, 0.0 ], [ 113.795614057600005, -7.769933886960018, 0.0 ], [ 113.795612588854965, -7.769720151487491, 0.0 ], [ 113.795609231849994, -7.769578144262482, 0.0 ], [ 113.795602951729961, -7.769417657537474, 0.0 ], [ 113.79560252682495, -7.769240152287523, 0.0 ], [ 113.795600680787516, -7.769080301717509, 0.0 ], [ 113.795588996400056, -7.768933565092482, 0.0 ], [ 113.795545688619995, -7.768820085442485, 0.0 ], [ 113.795540006777514, -7.768667962277505, 0.0 ], [ 113.795537275000015, -7.768296661199997, 0.0 ], [ 113.795503271970006, -7.767898118012511, 0.0 ], [ 113.795682154389965, -7.767865648662507, 0.0 ], [ 113.795810325117486, -7.767844447132518, 0.0 ], [ 113.795775545044989, -7.767639135267473, 0.0 ], [ 113.795686092605024, -7.767294445087487, 0.0 ], [ 113.795637000572469, -7.766836001385002, 0.0 ], [ 113.795681404297511, -7.766428506827481, 0.0 ], [ 113.795644833882534, -7.766413209362497, 0.0 ], [ 113.795692389795022, -7.765656955589975, 0.0 ], [ 113.795726646150001, -7.765311942137487, 0.0 ], [ 113.795922359407541, -7.765302284975007, 0.0 ], [ 113.795950552132467, -7.764883264057516, 0.0 ], [ 113.795851898250021, -7.764885273417519, 0.0 ], [ 113.795927369309993, -7.764312428522487, 0.0 ], [ 113.796063127207503, -7.763726278124977, 0.0 ] ] ] } },
{ "type": "Feature", "properties": { "NAMOBJ": "Jaringan Irigasi Sekunder", "REMARK": "DI Batu Ondo" }, "geometry": { "type": "MultiLineString", "coordinates": [ [ [ 113.626353029134975, -7.765483252520028, 0.0 ], [ 113.626459398647512, -7.765374945010024, 0.0 ], [ 113.62652518048003, -7.765310411847508, 0.0 ], [ 113.62661733774496, -7.765211582685026, 0.0 ], [ 113.626681318454985, -7.765169482842509, 0.0 ], [ 113.626730989002453, -7.765132854447472, 0.0 ], [ 113.626801449260029, -7.765072832800001, 0.0 ], [ 113.626852796962453, -7.765020097599972, 0.0 ], [ 113.626905331337525, -7.764955830944984, 0.0 ], [ 113.626944085557511, -7.764866960145014, 0.0 ], [ 113.62693804977755, -7.76478521063251, 0.0 ], [ 113.626877804262449, -7.764681252344985, 0.0 ], [ 113.626802800324981, -7.764606536532483, 0.0 ], [ 113.626702060554976, -7.76453247226749, 0.0 ], [ 113.626584050672477, -7.764497951837484, 0.0 ], [ 113.626509973797511, -7.764483259439999, 0.0 ] ] ] } },
{ "type": "Feature", "properties": { "NAMOBJ": "Jaringan Irigasi Sekunder", "REMARK": "DI Sangkan 1" }, "geometry": { "type": "MultiLineString", "coordinates": [ [ [ 113.766674885520047, -7.749251681632472, 0.0 ], [ 113.766663953022544, -7.749128622442527, 0.0 ], [ 113.766647999842462, -7.749032254295003, 0.0 ], [ 113.766635181779975, -7.748932121272503, 0.0 ], [ 113.766634695792504, -7.748785234544982, 0.0 ], [ 113.766650551057523, -7.748685759477496, 0.0 ], [ 113.76665591848996, -7.748550319905007, 0.0 ], [ 113.766667321704972, -7.748471593792488, 0.0 ], [ 113.766658919762449, -7.748400990597474, 0.0 ], [ 113.76665128677746, -7.74831733164001, 0.0 ], [ 113.766650120765007, -7.748132867364973, 0.0 ], [ 113.766650675922506, -7.748021805777512, 0.0 ], [ 113.766655951729945, -7.747887020662517, 0.0 ], [ 113.766653071730047, -7.74779687225498, 0.0 ], [ 113.766657107860055, -7.747773858612504, 0.0 ], [ 113.766672788852475, -7.747764473762516, 0.0 ], [ 113.766745367337535, -7.747766414604996, 0.0 ], [ 113.766812877527514, -7.74776804247, 0.0 ], [ 113.766885192805034, -7.74777012474749, 0.0 ], [ 113.766941666294997, -7.747779176542508, 0.0 ], [ 113.766993497289945, -7.747782735210023, 0.0 ], [ 113.767050326512503, -7.747758230580018, 0.0 ], [ 113.767078901919945, -7.747718709277478, 0.0 ], [ 113.767096923922509, -7.747597217250018, 0.0 ], [ 113.767118564337466, -7.74737195910501, 0.0 ], [ 113.767148351574974, -7.747137316240014, 0.0 ], [ 113.767169232015021, -7.746946744342495, 0.0 ], [ 113.76719418631501, -7.746703243380011, 0.0 ], [ 113.76720292422749, -7.746615743224993, 0.0 ], [ 113.767191865964946, -7.74653000507999, 0.0 ], [ 113.767182705845016, -7.746485285512506, 0.0 ], [ 113.767180265122533, -7.746383332687515, 0.0 ], [ 113.767190116947518, -7.746272407509991, 0.0 ], [ 113.767214083100043, -7.746132284042517, 0.0 ], [ 113.767221815797484, -7.746052154070014, 0.0 ], [ 113.767229286187444, -7.745936130974997, 0.0 ], [ 113.767222653925046, -7.745811135545011, 0.0 ], [ 113.767220867177457, -7.745761959522497, 0.0 ], [ 113.767172253047534, -7.745749244182491, 0.0 ], [ 113.767088477062543, -7.745741957155019, 0.0 ], [ 113.767035565394963, -7.745741729037491, 0.0 ], [ 113.767014340900005, -7.745731082277473, 0.0 ], [ 113.767014096557546, -7.745695336070014, 0.0 ], [ 113.767019461297537, -7.745647695757498, 0.0 ], [ 113.767039986004988, -7.745510602819991, 0.0 ], [ 113.76705574874245, -7.745368717612507, 0.0 ], [ 113.767064271957452, -7.745267485907505, 0.0 ], [ 113.767084001657508, -7.745243680372482, 0.0 ], [ 113.767113880522516, -7.745226048637505, 0.0 ], [ 113.767176652097532, -7.745231145717526, 0.0 ], [ 113.767250374139962, -7.745238752100022, 0.0 ], [ 113.76730701112001, -7.745246867642493, 0.0 ], [ 113.767354310115024, -7.745250073164982, 0.0 ], [ 113.767410164664966, -7.745254044252476, 0.0 ], [ 113.767453511072517, -7.74525994887, 0.0 ], [ 113.767501260122458, -7.745267260524997, 0.0 ] ] ] } },
{ "type": "Feature", "properties": { "NAMOBJ": "Jaringan Irigasi Sekunder", "REMARK": "DI Asem" }, "geometry": { "type": "MultiLineString", "coordinates": [ [ [ 114.061220000362482, -7.715583999624982, 0.0 ], [ 114.061545999877467, -7.715190000417522, 0.0 ], [ 114.061822999887454, -7.714869999845007, 0.0 ], [ 114.062053999867544, -7.714605999549974, 0.0 ], [ 114.062059999714961, -7.714232000317509, 0.0 ], [ 114.062063999912539, -7.713475000097503, 0.0 ], [ 114.062068999935036, -7.713116999972499, 0.0 ], [ 114.062058000065008, -7.712295000157496, 0.0 ], [ 114.062065999562492, -7.711543999627509, 0.0 ], [ 114.062058999890041, -7.710751999809986, 0.0 ], [ 114.0620730001325, -7.710740999897496, 0.0 ], [ 114.062116999615, -7.710731999969994, 0.0 ], [ 114.06213000003504, -7.710729999987507, 0.0 ], [ 114.06215699979748, -7.710156000455015, 0.0 ] ] ] } },
{ "type": "Feature", "properties": { "NAMOBJ": "Jaringan Irigasi Sekunder", "REMARK": "DI Curahsuri" }, "geometry": { "type": "MultiLineString", "coordinates": [ [ [ 113.678518000054964, -7.764205000057473, 0.0 ], [ 113.678510999482455, -7.764210000634989, 0.0 ], [ 113.678323999885038, -7.764185000487487, 0.0 ], [ 113.67829899977005, -7.764166000122486, 0.0 ], [ 113.678277999855027, -7.76415100021751, 0.0 ], [ 113.678258999587456, -7.764140999977485, 0.0 ], [ 113.678222999602554, -7.764126000075009, 0.0 ], [ 113.678117000195016, -7.764000999382517, 0.0 ], [ 113.678076000187502, -7.764008000185015, 0.0 ], [ 113.67806499942003, -7.763992000172493, 0.0 ], [ 113.67797700045503, -7.763865999402526, 0.0 ], [ 113.677941000470014, -7.763833000185002, 0.0 ], [ 113.677917000179946, -7.763772999704997, 0.0 ], [ 113.677846000034947, -7.763652999685007, 0.0 ], [ 113.677844000384994, -7.763616000027525, 0.0 ], [ 113.67784300055996, -7.76351899993, 0.0 ], [ 113.677846000034947, -7.763484999712489, 0.0 ], [ 113.677815999897462, -7.763469000629982, 0.0 ], [ 113.677810000050044, -7.763414999969996, 0.0 ], [ 113.677835999987451, -7.763364999769976, 0.0 ], [ 113.677853999532545, -7.763293999935001, 0.0 ], [ 113.677871000150049, -7.763239999297525, 0.0 ], [ 113.677831999789987, -7.763170999709985, 0.0 ], [ 113.677824000292503, -7.763045999292501, 0.0 ], [ 113.677837999637518, -7.762965999410028, 0.0 ], [ 113.677849999334967, -7.762892000215004, 0.0 ], [ 113.677855000255022, -7.7627780001975, 0.0 ], [ 113.677868999600037, -7.762711999195005, 0.0 ], [ 113.677905999409973, -7.762576999620023, 0.0 ], [ 113.677897000087455, -7.762499000045011, 0.0 ], [ 113.677888999692527, -7.762371000402482, 0.0 ], [ 113.677887999867494, -7.762333999942484, 0.0 ], [ 113.677821999744992, -7.762243000797525, 0.0 ], [ 113.677721000359952, -7.762218999962499, 0.0 ], [ 113.677669000482524, -7.762137000012501, 0.0 ], [ 113.677609000207553, -7.762104000014972, 0.0 ], [ 113.67752899984248, -7.762064000157523, 0.0 ], [ 113.677522999994949, -7.762035999804993, 0.0 ], [ 113.677500999354947, -7.762007000254982, 0.0 ], [ 113.677470000289986, -7.761962999967523, 0.0 ], [ 113.677551000482481, -7.761832000152481, 0.0 ], [ 113.677577999347477, -7.761799999375, 0.0 ], [ 113.677630999949997, -7.761695000634973, 0.0 ], [ 113.677593000315028, -7.761517000332503, 0.0 ], [ 113.677560999630032, -7.76140300067749, 0.0 ], [ 113.677471999940053, -7.761295999990011, 0.0 ], [ 113.677413000389947, -7.761200999717516, 0.0 ], [ 113.677365999634958, -7.761124000502491, 0.0 ], [ 113.677311000282543, -7.761056999642506, 0.0 ], [ 113.677242000685055, -7.760959000012519, 0.0 ], [ 113.677178000212507, -7.760919999457485, 0.0 ], [ 113.677161000494948, -7.760918999349997, 0.0 ], [ 113.67717900003754, -7.760854000562517, 0.0 ], [ 113.677199000130031, -7.760849000022517, 0.0 ], [ 113.677226999717504, -7.760801999532475, 0.0 ], [ 113.677251999832492, -7.760685999852512, 0.0 ], [ 113.677251000007459, -7.760629000132496, 0.0 ], [ 113.677264999352474, -7.760604000192473, 0.0 ], [ 113.677280000320025, -7.760496999702525, 0.0 ], [ 113.67729600021255, -7.760446000647505, 0.0 ], [ 113.677328, -7.76038, 0.0 ], [ 113.677328999825022, -7.760350000454991, 0.0 ], [ 113.67735399994001, -7.760272000372481, 0.0 ], [ 113.677328, -7.760161999647494, 0.0 ], [ 113.677337000222451, -7.760142999457514, 0.0 ], [ 113.677369000007502, -7.760140000052502, 0.0 ], [ 113.677368000182469, -7.760098999360025, 0.0 ], [ 113.677365999634958, -7.75995000003752, 0.0 ], [ 113.677414000214981, -7.759924000032527, 0.0 ], [ 113.677441999802454, -7.759855000059986, 0.0 ], [ 113.677446000002533, -7.759689000862522, 0.0 ], [ 113.677420000062511, -7.75966600027499, 0.0 ], [ 113.677461999894945, -7.759398999735026, 0.0 ], [ 113.677476000137517, -7.759351000207516, 0.0 ], [ 113.677482999812469, -7.759266999682495, 0.0 ], [ 113.677475000312484, -7.759171999855027, 0.0 ], [ 113.677487000010046, -7.759060000115028, 0.0 ], [ 113.677440999977534, -7.75895199990498, 0.0 ], [ 113.677332000197453, -7.758840000222506, 0.0 ], [ 113.677292999840006, -7.75884900023749, 0.0 ], [ 113.677271999924983, -7.758854999942514, 0.0 ], [ 113.677252999657526, -7.758868000370001, 0.0 ], [ 113.677211999650012, -7.758863999957498, 0.0 ], [ 113.677146999352544, -7.75872999986251, 0.0 ], [ 113.677143000052524, -7.758735999567477, 0.0 ], [ 113.677104000592522, -7.758590000107517, 0.0 ], [ 113.677033999374999, -7.758523999745023, 0.0 ], [ 113.67699900011246, -7.758429000082515, 0.0 ], [ 113.676999999937493, -7.758384000057504, 0.0 ], [ 113.677110999367528, -7.758358000144995, 0.0 ], [ 113.677148999900055, -7.758317999725023, 0.0 ], [ 113.677183000235004, -7.758309999822472, 0.0 ], [ 113.677183000235004, -7.758175999900004, 0.0 ], [ 113.677186999535024, -7.758136999597525, 0.0 ], [ 113.677177000387474, -7.758066000622478, 0.0 ], [ 113.677174000015043, -7.758031000732501, 0.0 ], [ 113.677264999352474, -7.757890000190002, 0.0 ], [ 113.67732099942998, -7.757763999377516, 0.0 ], [ 113.677382999355018, -7.757667999782484, 0.0 ], [ 113.677381999529985, -7.757612999747494, 0.0 ], [ 113.677389000099993, -7.757507999284996, 0.0 ], [ 113.677362999262527, -7.75748900012502, 0.0 ], [ 113.677255000205037, -7.75741199974749, 0.0 ], [ 113.677144000775002, -7.757330999894975, 0.0 ], [ 113.676953000082449, -7.757236999682505, 0.0 ], [ 113.676900000377486, -7.757200999760016, 0.0 ], [ 113.676861999844959, -7.757108000587493, 0.0 ], [ 113.676898999655009, -7.7570200001025, 0.0 ], [ 113.677020999855017, -7.757043999735004, 0.0 ], [ 113.677059000387544, -7.757033000472518, 0.0 ], [ 113.677095000372447, -7.756982, 0.0 ], [ 113.677122999960034, -7.756933999832484, 0.0 ], [ 113.677140000577538, -7.756756999765003, 0.0 ], [ 113.677205999802482, -7.756548000292526, 0.0 ], [ 113.677254000380003, -7.7565119995175, 0.0 ], [ 113.67729600021255, -7.756472999364973, 0.0 ], [ 113.677288999642542, -7.756436999507514, 0.0 ], [ 113.677282999795011, -7.756272999990017, 0.0 ], [ 113.677282999795011, -7.75623999953001, 0.0 ], [ 113.677252999657526, -7.756155000422496, 0.0 ], [ 113.677251999832492, -7.756050999500019, 0.0 ], [ 113.677267999725018, -7.756026999922483, 0.0 ], [ 113.677302999887502, -7.75591700027752, 0.0 ], [ 113.677251000007459, -7.755795999607528, 0.0 ], [ 113.677262000777546, -7.755786000472483, 0.0 ], [ 113.677284999444964, -7.755779999897527, 0.0 ], [ 113.677340000594995, -7.75573999971499, 0.0 ], [ 113.677362999262527, -7.755683999830012, 0.0 ], [ 113.677396000670001, -7.75555400019249, 0.0 ], [ 113.677402999445007, -7.755471000497494, 0.0 ], [ 113.677369000007502, -7.755376000594993, 0.0 ], [ 113.677352000290057, -7.755346999667495, 0.0 ], [ 113.677349999742546, -7.755219000319983, 0.0 ], [ 113.677361999437494, -7.755143000437499, 0.0 ], [ 113.677363999985005, -7.755034000199998, 0.0 ], [ 113.677365999634958, -7.754958999535006, 0.0 ], [ 113.677380999704951, -7.754922999802488, 0.0 ], [ 113.677325999452478, -7.754801000229975, 0.0 ], [ 113.677320000502505, -7.754784999644983, 0.0 ], [ 113.677252999657526, -7.754685000337474, 0.0 ], [ 113.677243999437451, -7.754548999527515, 0.0 ], [ 113.677227999542538, -7.754533999957516, 0.0 ], [ 113.67721900022002, -7.754502999814974, 0.0 ], [ 113.677238000487478, -7.754305000624981, 0.0 ], [ 113.677227999542538, -7.754202000240014, 0.0 ], [ 113.677215999847476, -7.754103000247483, 0.0 ], [ 113.677199999954951, -7.754053999392511, 0.0 ], [ 113.67717300019001, -7.753917999694977, 0.0 ], [ 113.677160000670028, -7.75381700049752, 0.0 ], [ 113.677153000097519, -7.753718000592528, 0.0 ], [ 113.677153999922552, -7.753595000355006, 0.0 ], [ 113.677144000775002, -7.753431000092519, 0.0 ], [ 113.677148999900055, -7.753351999345, 0.0 ], [ 113.677137000204993, -7.753286999869999, 0.0 ], [ 113.677140000577538, -7.75324499973749, 0.0 ], [ 113.677132000182496, -7.75309600004249, 0.0 ], [ 113.677124000685012, -7.75306700018001, 0.0 ], [ 113.677116000287469, -7.752933000060011, 0.0 ], [ 113.677106999169951, -7.752848999867524, 0.0 ], [ 113.677107999892542, -7.752740000209997, 0.0 ], [ 113.677116000287469, -7.752658000232486, 0.0 ], [ 113.677097999847547, -7.75253899973751, 0.0 ], [ 113.677102000045011, -7.752440000124977, 0.0 ], [ 113.677106000242475, -7.752399000164985, 0.0 ], [ 113.677105000417555, -7.752276000302516, 0.0 ], [ 113.677108999717461, -7.752266999512528, 0.0 ], [ 113.677106000242475, -7.752174000487514, 0.0 ], [ 113.677086000152485, -7.752088999444993, 0.0 ], [ 113.677091000174983, -7.752006999592481, 0.0 ], [ 113.677106000242475, -7.751934999712489, 0.0 ], [ 113.677114999564992, -7.75190400066748, 0.0 ], [ 113.677076999930023, -7.751774999515021, 0.0 ], [ 113.677067999709948, -7.751689000287513, 0.0 ], [ 113.677061000037497, -7.751598999819976, 0.0 ], [ 113.677030999900012, -7.751439999832485, 0.0 ], [ 113.677023000402528, -7.751384999679999, 0.0 ], [ 113.677036999747543, -7.751311999817517, 0.0 ], [ 113.677025000052481, -7.751267999705021, 0.0 ], [ 113.676990999717532, -7.75111999986251, 0.0 ], [ 113.676995999740029, -7.751056999982495, 0.0 ], [ 113.677015999830019, -7.751039000280002, 0.0 ], [ 113.677036999747543, -7.751001999877474, 0.0 ], [ 113.677049999267524, -7.750922999572481, 0.0 ], [ 113.677025000052481, -7.750785999862501, 0.0 ], [ 113.677025000052481, -7.750737999467503, 0.0 ], [ 113.677053999464988, -7.750619000414986, 0.0 ], [ 113.677020000029984, -7.750500000479974, 0.0 ], [ 113.677010999807521, -7.750358999660023, 0.0 ], [ 113.677004000134957, -7.750241999964999, 0.0 ], [ 113.676986000592478, -7.750213999465018, 0.0 ], [ 113.676987000417512, -7.750141999882487, 0.0 ], [ 113.676986000592478, -7.750152999882516, 0.0 ], [ 113.676970999625041, -7.750065999982496, 0.0 ], [ 113.676958000104946, -7.74997999927001, 0.0 ], [ 113.676955999557549, -7.749861999594998, 0.0 ], [ 113.676953999907482, -7.749658000217494, 0.0 ], [ 113.676958000104946, -7.749553999947523, 0.0 ], [ 113.67695199935747, -7.749536000305, 0.0 ], [ 113.676945000584965, -7.749483000555017, 0.0 ], [ 113.676954999732516, -7.749340999985009, 0.0 ], [ 113.676953000082449, -7.749315999787484, 0.0 ], [ 113.676949000782542, -7.749207000105002, 0.0 ], [ 113.676946000409998, -7.749134000612514, 0.0 ], [ 113.676950999532551, -7.749111999754973, 0.0 ], [ 113.676922999944964, -7.74902299990498, 0.0 ], [ 113.676896000180022, -7.74884300010001, 0.0 ], [ 113.676927999967461, -7.748783999957482, 0.0 ], [ 113.676927999967461, -7.748782999877506, 0.0 ] ] ] } },
{ "type": "Feature", "properties": { "NAMOBJ": "Jaringan Irigasi Sekunder", "REMARK": "DI Penjalinan A 2" }, "geometry": { "type": "MultiLineString", "coordinates": [ [ [ 113.73787535026247, -7.773706385117521, 0.0 ], [ 113.73787535026247, -7.773706385117521, 0.0 ], [ 113.73782659869255, -7.773673780274976, 0.0 ], [ 113.737736476109944, -7.773662799752515, 0.0 ], [ 113.737628599222489, -7.773644820095001, 0.0 ], [ 113.737567962042476, -7.773644481544977, 0.0 ], [ 113.737497176594957, -7.773613476377477, 0.0 ], [ 113.737326247857482, -7.773576873730008, 0.0 ], [ 113.737221297682481, -7.773549901054992, 0.0 ], [ 113.737028114082477, -7.773518016212506, 0.0 ], [ 113.736874553372445, -7.773473058414993, 0.0 ], [ 113.736802365654967, -7.77343223805002, 0.0 ], [ 113.736684693540042, -7.773356689404977, 0.0 ], [ 113.73663865488254, -7.773217715152498, 0.0 ], [ 113.73662110988505, -7.77311864418499, 0.0 ], [ 113.736646776549946, -7.773011711767481, 0.0 ], [ 113.736494404312452, -7.772924520192475, 0.0 ], [ 113.736331682582545, -7.772827535340014, 0.0 ], [ 113.736164344412487, -7.77273548274502, 0.0 ], [ 113.736059843394969, -7.772711882839985, 0.0 ], [ 113.736000629147497, -7.772678826367496, 0.0 ], [ 113.735993300689984, -7.77254341759749, 0.0 ], [ 113.735957248602517, -7.772410885167517, 0.0 ], [ 113.735864979944949, -7.772323723827526, 0.0 ], [ 113.735725911755026, -7.772268859717485, 0.0 ], [ 113.735623819122452, -7.772232628585016, 0.0 ], [ 113.735470872859992, -7.77216418237748, 0.0 ] ] ] } },
{ "type": "Feature", "properties": { "NAMOBJ": "Jaringan Irigasi Sekunder", "REMARK": "DI Batu Ampar Ii" }, "geometry": { "type": "MultiLineString", "coordinates": [ [ [ 113.672294921822527, -7.795944617715008, 0.0 ], [ 113.672323218752467, -7.795869426500019, 0.0 ], [ 113.672309569750041, -7.795765509987518, 0.0 ], [ 113.672304271487519, -7.795658449659982, 0.0 ], [ 113.672336667430045, -7.795562102140025, 0.0 ], [ 113.672344770234986, -7.795502540755024, 0.0 ], [ 113.672353641097516, -7.79540327757752, 0.0 ], [ 113.672370056014984, -7.795254399279997, 0.0 ], [ 113.672348348225, -7.795143085545021, 0.0 ], [ 113.672302658112471, -7.795042339507518, 0.0 ], [ 113.672266567397514, -7.794911601582498, 0.0 ], [ 113.672268092737454, -7.794793526639978, 0.0 ], [ 113.672149742392548, -7.794708172237506, 0.0 ], [ 113.672096226159965, -7.794672312460023, 0.0 ], [ 113.671975329990005, -7.794593869950006, 0.0 ], [ 113.671917923152478, -7.79453975588001, 0.0 ], [ 113.671871775797513, -7.794454630584994, 0.0 ], [ 113.671834687055025, -7.794392840837475, 0.0 ], [ 113.671724975807479, -7.794333946707525, 0.0 ], [ 113.671674778847546, -7.794314286129975, 0.0 ], [ 113.671624854977495, -7.794258156209992, 0.0 ], [ 113.671550381945053, -7.794188758332496, 0.0 ], [ 113.671511679827518, -7.794142424944994, 0.0 ] ] ] } },
{ "type": "Feature", "properties": { "NAMOBJ": "Jaringan Irigasi Sekunder", "REMARK": "DI Sbr. Krangkeng" }, "geometry": { "type": "MultiLineString", "coordinates": [ [ [ 114.069483228962554, -7.718406514720016, 0.0 ], [ 114.069567709227499, -7.718256952182514, 0.0 ], [ 114.069683523627532, -7.718156892877516, 0.0 ], [ 114.069679806397517, -7.718079606604988, 0.0 ], [ 114.069665180027528, -7.717964148487511, 0.0 ], [ 114.06966526357246, -7.717862454197473, 0.0 ], [ 114.069683164300045, -7.717785546630012, 0.0 ], [ 114.069691401852538, -7.717698670932521, 0.0 ], [ 114.069740908007475, -7.717591933785002, 0.0 ], [ 114.069784493367479, -7.717454488404996, 0.0 ], [ 114.069988040830026, -7.716967631072521, 0.0 ], [ 114.070177643744955, -7.716497076377493, 0.0 ], [ 114.070686383047473, -7.716418901709972, 0.0 ], [ 114.070666535669943, -7.715165994892516, 0.0 ], [ 114.070675334667499, -7.714492492172496, 0.0 ], [ 114.070715437257491, -7.713889144627501, 0.0 ], [ 114.070753908507527, -7.713203043552483, 0.0 ], [ 114.070811891167523, -7.712820070192492, 0.0 ], [ 114.070804822325044, -7.711922294880026, 0.0 ], [ 114.070817805675006, -7.710787667404986, 0.0 ], [ 114.070788000472476, -7.710123509887524, 0.0 ], [ 114.070800924534979, -7.708624505725027, 0.0 ], [ 114.070784057767469, -7.707627954990016, 0.0 ], [ 114.070834031944969, -7.707042614852526, 0.0 ] ] ] } },
{ "type": "Feature", "properties": { "NAMOBJ": "Jaringan Irigasi Primer", "REMARK": "DI Sampean Baru" }, "geometry": { "type": "MultiLineString", "coordinates": [ [ [ 114.089737107990004, -7.783503396355002, 0.0 ], [ 114.090019124192509, -7.783539535354976, 0.0 ], [ 114.091630788049997, -7.783721365620011, 0.0 ], [ 114.092250480069993, -7.783917600655002, 0.0 ], [ 114.096694076572476, -7.785985912357489, 0.0 ], [ 114.098725668690008, -7.787548415287517, 0.0 ], [ 114.098870490587501, -7.787771412092525, 0.0 ], [ 114.099101514822451, -7.788229784989994, 0.0 ], [ 114.099427067875013, -7.788508221409984, 0.0 ], [ 114.100388541010034, -7.788907470827496, 0.0 ], [ 114.100900330092486, -7.789256239227484, 0.0 ], [ 114.101308168824971, -7.789318974567493, 0.0 ], [ 114.101691035289946, -7.789244474412499, 0.0 ], [ 114.102407783987474, -7.788952431149994, 0.0 ], [ 114.103728073895013, -7.788452822299973, 0.0 ], [ 114.103925451727491, -7.788409552102507, 0.0 ], [ 114.104158773852532, -7.788366017264991, 0.0 ], [ 114.104698224754998, -7.788403887809977, 0.0 ], [ 114.105484564142444, -7.788613215734983, 0.0 ], [ 114.10684802079254, -7.789905721014975, 0.0 ], [ 114.107028088090033, -7.789952199042489, 0.0 ], [ 114.107444203002501, -7.789512984577527, 0.0 ], [ 114.10744248362505, -7.789279979660023, 0.0 ], [ 114.10748560186255, -7.787815838444999, 0.0 ], [ 114.107615671627514, -7.787581867129973, 0.0 ], [ 114.107829654817465, -7.787353255422488, 0.0 ], [ 114.108092617752504, -7.787267678917488, 0.0 ], [ 114.108368045709994, -7.787247733032473, 0.0 ], [ 114.108786627395034, -7.787143088552511, 0.0 ], [ 114.109186224084965, -7.78690116462252, 0.0 ], [ 114.109964708602547, -7.78604703016498, 0.0 ], [ 114.110346375817471, -7.785811211877501, 0.0 ], [ 114.110645189617458, -7.785713421982507, 0.0 ], [ 114.110908547810027, -7.785681612895019, 0.0 ], [ 114.111352366765004, -7.785750052125024, 0.0 ], [ 114.113722241062533, -7.786228545745018, 0.0 ], [ 114.114679820900051, -7.786102011014975, 0.0 ], [ 114.116163670662445, -7.785852109159975, 0.0 ], [ 114.11775835007245, -7.786007667792489, 0.0 ], [ 114.118130946099996, -7.786166245232494, 0.0 ], [ 114.118342157092457, -7.786373805350024, 0.0 ], [ 114.118571030757494, -7.786539412385025, 0.0 ], [ 114.118841083197481, -7.786603145672473, 0.0 ], [ 114.120946270692457, -7.786934174732494, 0.0 ], [ 114.121234648762538, -7.787045572122508, 0.0 ], [ 114.121451762585025, -7.787241136114972, 0.0 ], [ 114.121603426052502, -7.78749693302251, 0.0 ], [ 114.122053444280027, -7.788401771570022, 0.0 ], [ 114.122384332427487, -7.788590522050015, 0.0 ], [ 114.122810890252481, -7.788754669832485, 0.0 ], [ 114.12309825233001, -7.788728652577504, 0.0 ], [ 114.123587912312473, -7.788515925287527, 0.0 ], [ 114.126465142505026, -7.786873328742502, 0.0 ] ] ] } },
{ "type": "Feature", "properties": { "NAMOBJ": "Jaringan Irigasi Primer", "REMARK": "DI Sampean Baru" }, "geometry": { "type": "MultiLineString", "coordinates": [ [ [ 114.242910312237541, -7.789365130395026, 0.0 ], [ 114.243425127745013, -7.789480721662528, 0.0 ], [ 114.248177003594947, -7.790446973924986, 0.0 ], [ 114.248392189632455, -7.790387971742518, 0.0 ], [ 114.248997460995042, -7.789957979250005, 0.0 ], [ 114.251171777445052, -7.788470890182509, 0.0 ], [ 114.25165934884501, -7.788314211854981, 0.0 ], [ 114.254185671935033, -7.787816886980011, 0.0 ], [ 114.254656294822553, -7.787947347155011, 0.0 ], [ 114.255207487605048, -7.788248257130022, 0.0 ], [ 114.255411589330038, -7.788461073717485, 0.0 ], [ 114.255425250010035, -7.789041855369987, 0.0 ], [ 114.255542932904973, -7.789314350590018, 0.0 ], [ 114.255762622194993, -7.789425411860009, 0.0 ], [ 114.256025479130017, -7.789486348554988, 0.0 ], [ 114.256229158645056, -7.789591542057508, 0.0 ], [ 114.256678428577516, -7.789687095217516, 0.0 ], [ 114.256771885705007, -7.789862107544991, 0.0 ], [ 114.256868236307469, -7.790330167767479, 0.0 ], [ 114.257102843022494, -7.790618353620005, 0.0 ], [ 114.258001655972521, -7.791119021742475, 0.0 ], [ 114.258608178689997, -7.791317468575016, 0.0 ], [ 114.259709530297528, -7.791213406237489, 0.0 ], [ 114.260898547592546, -7.790827890690025, 0.0 ], [ 114.261357665754986, -7.790555525920013, 0.0 ], [ 114.261736744025029, -7.790003005387518, 0.0 ], [ 114.26186481414004, -7.789524103302483, 0.0 ], [ 114.261982173642537, -7.788435942577507, 0.0 ], [ 114.262045376410015, -7.788088969859984, 0.0 ], [ 114.262151938162447, -7.787926851875, 0.0 ], [ 114.262295088297492, -7.787848089372517, 0.0 ], [ 114.265423750650029, -7.787479580632521, 0.0 ], [ 114.265779447570026, -7.7874660847325, 0.0 ], [ 114.266189657854966, -7.7875310245675, 0.0 ], [ 114.268282424344989, -7.787966145067514, 0.0 ], [ 114.268797739315005, -7.788247670350017, 0.0 ], [ 114.270509490764994, -7.789426667552505, 0.0 ], [ 114.270838397230023, -7.789531442172517, 0.0 ], [ 114.27100092312503, -7.789442174812507, 0.0 ], [ 114.273425554230016, -7.787863696042507, 0.0 ], [ 114.273762340715052, -7.787924630692487, 0.0 ], [ 114.275829179130028, -7.78821441465999, 0.0 ], [ 114.276087421420016, -7.788147898722514, 0.0 ], [ 114.276545735590048, -7.78700454514501, 0.0 ], [ 114.276751939370001, -7.786716204752508, 0.0 ], [ 114.27698137718005, -7.786642741717515, 0.0 ], [ 114.277122708224965, -7.786639261207483, 0.0 ], [ 114.277259380607461, -7.786652539889985, 0.0 ], [ 114.27732436293752, -7.786690269750011, 0.0 ], [ 114.277882249967547, -7.787259441212484, 0.0 ], [ 114.278098242690021, -7.787428860365026, 0.0 ], [ 114.278276922990017, -7.787483390582508, 0.0 ], [ 114.280399594395021, -7.787554410830012, 0.0 ], [ 114.280563675274948, -7.787395432264987, 0.0 ], [ 114.281322446264994, -7.786070534982514, 0.0 ], [ 114.28223141556748, -7.784343632089985, 0.0 ], [ 114.282962820277476, -7.783522038027513, 0.0 ], [ 114.284015607164974, -7.778402719264989, 0.0 ], [ 114.284277688852512, -7.778003224992517, 0.0 ], [ 114.284424454705004, -7.77781387778748, 0.0 ], [ 114.284929316877538, -7.777673414654998, 0.0 ], [ 114.285080593170051, -7.777678006567498, 0.0 ], [ 114.285319895379985, -7.777768865702512, 0.0 ], [ 114.285539334039981, -7.777421436182522, 0.0 ], [ 114.285691204119985, -7.77741476002501, 0.0 ], [ 114.286664269117523, -7.778080758322517, 0.0 ], [ 114.288153062310016, -7.779039228357476, 0.0 ], [ 114.288442120404966, -7.779192792442473, 0.0 ], [ 114.288577948369948, -7.779098545640011, 0.0 ], [ 114.288768031884956, -7.778588107197493, 0.0 ], [ 114.288992150767513, -7.777833672667498, 0.0 ] ] ] } },
{ "type": "Feature", "properties": { "NAMOBJ": "Jaringan Irigasi Sekunder", "REMARK": "DI Legung" }, "geometry": { "type": "MultiLineString", "coordinates": [ [ [ 114.070388574462527, -7.736350206214979, 0.0 ], [ 114.070065661559966, -7.736328877574977, 0.0 ], [ 114.070044891609996, -7.736311194195025, 0.0 ], [ 114.070012098612551, -7.735972671637512, 0.0 ], [ 114.070003173849955, -7.73586301378748, 0.0 ], [ 114.069997397682528, -7.735553006664986, 0.0 ], [ 114.06997376031245, -7.735310524022509, 0.0 ], [ 114.069944150042488, -7.735284739925021, 0.0 ], [ 114.069768411725022, -7.735249204444983, 0.0 ], [ 114.069753306554958, -7.73522305537, 0.0 ], [ 114.069729906339944, -7.734907194412472, 0.0 ], [ 114.069707588594952, -7.734563274887478, 0.0 ], [ 114.06966055011253, -7.73413441286749, 0.0 ], [ 114.069606811095014, -7.734112858047524, 0.0 ], [ 114.069584474485055, -7.734055473125011, 0.0 ], [ 114.069563766522492, -7.733882933350003, 0.0 ], [ 114.069538515777481, -7.733736646645013, 0.0 ], [ 114.069513859717517, -7.73369824255002, 0.0 ], [ 114.069459936544945, -7.733643826792502, 0.0 ], [ 114.06945837347746, -7.733563913557475, 0.0 ], [ 114.069479860280012, -7.733474799197495, 0.0 ], [ 114.069498850665013, -7.733378754807518, 0.0 ], [ 114.069793531317487, -7.733367373829992, 0.0 ], [ 114.069846069284949, -7.733441291327495, 0.0 ], [ 114.069887839150056, -7.733480898007485, 0.0 ], [ 114.069938556235002, -7.733482877110021, 0.0 ], [ 114.07009002117502, -7.73343079724998, 0.0 ], [ 114.070361564817517, -7.733349525417509, 0.0 ], [ 114.070424007609972, -7.733304569972518, 0.0 ], [ 114.070567769497529, -7.733120480725006, 0.0 ], [ 114.070652539019989, -7.733033476947526, 0.0 ], [ 114.070710230622467, -7.733007496809989, 0.0 ], [ 114.070772229649947, -7.733035906797511, 0.0 ], [ 114.070871012890052, -7.733106356022518, 0.0 ], [ 114.070947899695057, -7.733136670297483, 0.0 ], [ 114.071018319527525, -7.73314096884252, 0.0 ], [ 114.071102892317526, -7.733109684634996, 0.0 ], [ 114.071651815957466, -7.732792281354989, 0.0 ], [ 114.071704459030002, -7.732767081375016, 0.0 ], [ 114.071743683067552, -7.732758921355014, 0.0 ], [ 114.072077981219991, -7.732578360769992, 0.0 ], [ 114.072095954712495, -7.732562075412488, 0.0 ], [ 114.072133922007538, -7.732531163524982, 0.0 ], [ 114.072155755559947, -7.732498154835014, 0.0 ], [ 114.072198138075009, -7.732441683484979, 0.0 ], [ 114.072249324079962, -7.73240027846748, 0.0 ], [ 114.072318541967547, -7.732390659452506, 0.0 ], [ 114.072374285127466, -7.732377439922516, 0.0 ], [ 114.072409570949958, -7.732357865200015, 0.0 ], [ 114.072480695062495, -7.732307074762502, 0.0 ], [ 114.072592337687524, -7.732254714922476, 0.0 ], [ 114.072731812812549, -7.732176437957492, 0.0 ], [ 114.072881685039988, -7.732116922729972, 0.0 ], [ 114.072930550697492, -7.732089565765023, 0.0 ], [ 114.073033482357459, -7.73194074580249, 0.0 ], [ 114.073072510562497, -7.731780510284977, 0.0 ], [ 114.073074427567462, -7.731711775762506, 0.0 ], [ 114.073076480217537, -7.731601311477505, 0.0 ], [ 114.073091618627473, -7.731503238225002, 0.0 ], [ 114.073090110354997, -7.731409657872518, 0.0 ], [ 114.073092089344982, -7.731346690969986, 0.0 ], [ 114.073199994077527, -7.731081437900002, 0.0 ], [ 114.073229095002489, -7.730981194972514, 0.0 ], [ 114.073226890535011, -7.730929203920027, 0.0 ], [ 114.073217461817535, -7.730883133719999, 0.0 ], [ 114.073195559992541, -7.730820718012524, 0.0 ], [ 114.073142331219969, -7.730738238592494, 0.0 ], [ 114.07310291763747, -7.730697967904973, 0.0 ], [ 114.07305356509255, -7.730656487320005, 0.0 ], [ 114.072991093552446, -7.730617403727479, 0.0 ], [ 114.072940167162528, -7.730602128514988, 0.0 ], [ 114.072878726887552, -7.730601209685005, 0.0 ], [ 114.072811081052464, -7.730606794749974, 0.0 ], [ 114.072724079217551, -7.730611740192501, 0.0 ], [ 114.072658120417486, -7.730625389429974, 0.0 ], [ 114.072598540554964, -7.730631290199995, 0.0 ], [ 114.072564579744949, -7.730622604652524, 0.0 ], [ 114.072530876752467, -7.73059495215, 0.0 ], [ 114.072509444745037, -7.730558781995001, 0.0 ], [ 114.072486056209982, -7.730518213865025, 0.0 ], [ 114.072462572450036, -7.730463270205007, 0.0 ], [ 114.07246294615004, -7.730413529297493, 0.0 ], [ 114.072487894162464, -7.730361352175009, 0.0 ], [ 114.072514055797456, -7.730293815002483, 0.0 ], [ 114.072534493369972, -7.730229838187483, 0.0 ], [ 114.072572053727527, -7.730129740535006, 0.0 ], [ 114.072590542852481, -7.730076649179978, 0.0 ], [ 114.072585965937492, -7.730010110262526, 0.0 ], [ 114.072581439324949, -7.729963289222496, 0.0 ], [ 114.072535667467491, -7.729803846435004, 0.0 ], [ 114.072522199027503, -7.729696021415009, 0.0 ], [ 114.072521842394963, -7.729592404602499, 0.0 ], [ 114.072538706467526, -7.72953925582749, 0.0 ], [ 114.072578895297511, -7.729466653825, 0.0 ], [ 114.072607885727507, -7.729339853777503, 0.0 ], [ 114.072627826530038, -7.729230771530013, 0.0 ], [ 114.072638615297478, -7.729089893514981, 0.0 ], [ 114.072653364734947, -7.728951285697519, 0.0 ], [ 114.072658074602487, -7.728850750367485, 0.0 ], [ 114.072659325954987, -7.728669037177497, 0.0 ], [ 114.072640527809995, -7.728554036109983, 0.0 ], [ 114.072589228617517, -7.728455736347485, 0.0 ], [ 114.072536400492481, -7.728384288760026, 0.0 ], [ 114.072426870707545, -7.728334982412491, 0.0 ], [ 114.072366677295008, -7.728322367039993, 0.0 ], [ 114.072315546087452, -7.728327171940009, 0.0 ], [ 114.072288783477461, -7.728335552687497, 0.0 ], [ 114.07225372133496, -7.728349394377517, 0.0 ] ] ] } },
{ "type": "Feature", "properties": { "NAMOBJ": "Jaringan Irigasi Primer", "REMARK": "DI Banyuputih" }, "geometry": { "type": "MultiLineString", "coordinates": [ [ [ 114.183167199395029, -7.761416208319986, 0.0 ], [ 114.182314590394981, -7.762038809422506, 0.0 ], [ 114.18215243280747, -7.762095106695028, 0.0 ], [ 114.181606422405025, -7.762026942235025, 0.0 ], [ 114.180997104130029, -7.761841699212482, 0.0 ], [ 114.180244395872478, -7.761716222849998, 0.0 ], [ 114.179181617025051, -7.761508367090016, 0.0 ], [ 114.178212648345038, -7.761336798219986, 0.0 ], [ 114.178093053835028, -7.761300146427516, 0.0 ], [ 114.178014539282458, -7.761213565862477, 0.0 ], [ 114.178019232979977, -7.760869361704977, 0.0 ], [ 114.178021238917495, -7.76029943576998, 0.0 ], [ 114.17795729503996, -7.760184265694988, 0.0 ], [ 114.176707460900047, -7.759455226402508, 0.0 ], [ 114.1762885019225, -7.759205025179995, 0.0 ], [ 114.176139094125006, -7.758967371929998, 0.0 ], [ 114.17580389316754, -7.758018501294998, 0.0 ], [ 114.17569331235245, -7.757888678890026, 0.0 ], [ 114.175159006099989, -7.757684326234994, 0.0 ], [ 114.174520278780051, -7.757504380310024, 0.0 ] ] ] } },
{ "type": "Feature", "properties": { "NAMOBJ": "Jaringan Irigasi Sekunder", "REMARK": "DI Batu Prao" }, "geometry": { "type": "MultiLineString", "coordinates": [ [ [ 113.697602782825015, -7.876276210230003, 0.0 ], [ 113.697688639307444, -7.876183999392481, 0.0 ], [ 113.697786031957548, -7.876016687317474, 0.0 ], [ 113.69786003427248, -7.875861783257506, 0.0 ], [ 113.697963622600014, -7.875687670394996, 0.0 ], [ 113.698052874715017, -7.87558219010748, 0.0 ], [ 113.698005572127499, -7.875423375067498, 0.0 ], [ 113.697925952647552, -7.875279251719974, 0.0 ], [ 113.697822921275019, -7.875168734062527, 0.0 ], [ 113.697686355789983, -7.875109461882516, 0.0 ], [ 113.697508068952516, -7.875021321250017, 0.0 ], [ 113.697421389612487, -7.874963697517501, 0.0 ], [ 113.697335355262453, -7.874783097200009, 0.0 ], [ 113.697321187932516, -7.874588601267476, 0.0 ], [ 113.697323805625047, -7.874444323034993, 0.0 ], [ 113.697324186509945, -7.874423343502485, 0.0 ], [ 113.697418752160047, -7.874277717197515, 0.0 ], [ 113.697442656330054, -7.874240906052478, 0.0 ], [ 113.697464474610001, -7.874130019917516, 0.0 ], [ 113.69746348646504, -7.874035488425022, 0.0 ], [ 113.697410250502458, -7.873977211297472, 0.0 ], [ 113.697308089597527, -7.873894816647521, 0.0 ], [ 113.697233023677541, -7.873792289542507, 0.0 ], [ 113.697178280345042, -7.87370359605751, 0.0 ], [ 113.697160368834943, -7.873674576172505, 0.0 ], [ 113.697200704090051, -7.873506049304979, 0.0 ], [ 113.697345219662452, -7.87335349100249, 0.0 ], [ 113.697452893529999, -7.87316836414999, 0.0 ], [ 113.697494342694995, -7.872995202559991, 0.0 ], [ 113.697495955172485, -7.872989267887476, 0.0 ], [ 113.697521897620049, -7.8728937718775, 0.0 ], [ 113.697646619712486, -7.872689180022519, 0.0 ], [ 113.69758733090498, -7.872480303842508, 0.0 ], [ 113.697508541467528, -7.872215661837515, 0.0 ], [ 113.697437619474954, -7.872041273907485, 0.0 ], [ 113.697438074922502, -7.871711214969991, 0.0 ], [ 113.697429381025017, -7.871434287017507, 0.0 ], [ 113.697369133715029, -7.87129989120001, 0.0 ], [ 113.697254482632502, -7.871226891920003, 0.0 ], [ 113.69716493766748, -7.871120123944991, 0.0 ], [ 113.697109649057552, -7.870950758367485, 0.0 ] ] ] } },
{ "type": "Feature", "properties": { "NAMOBJ": "Jaringan Irigasi Sekunder", "REMARK": "DI Macan" }, "geometry": { "type": "MultiLineString", "coordinates": [ [ [ 114.122331459385009, -7.720330188847527, 0.0 ], [ 114.122322000124996, -7.720337000075006, 0.0 ], [ 114.122316000277465, -7.720371000552518, 0.0 ], [ 114.122327000147493, -7.720402000077513, 0.0 ], [ 114.122314999554987, -7.720420000332524, 0.0 ], [ 114.122206559424967, -7.720773857695008, 0.0 ] ] ] } },
{ "type": "Feature", "properties": { "NAMOBJ": "Jaringan Irigasi Primer", "REMARK": "DI Sampean Baru" }, "geometry": { "type": "MultiLineString", "coordinates": [ [ [ 114.16111052735755, -7.749503305127519, 0.0 ], [ 114.163190473989971, -7.749028380809989, 0.0 ], [ 114.166434683045054, -7.748397249425011, 0.0 ], [ 114.166870795352452, -7.748403562880014, 0.0 ], [ 114.167148137619961, -7.748325025677502, 0.0 ], [ 114.167401202017459, -7.748203653924975, 0.0 ], [ 114.167739370112486, -7.747928700907494, 0.0 ], [ 114.167975520132472, -7.747468104234997, 0.0 ], [ 114.168999576200008, -7.745198150659974, 0.0 ], [ 114.169087440417456, -7.745157220732494, 0.0 ], [ 114.169536705857467, -7.745000931335028, 0.0 ], [ 114.169771909052542, -7.744926530990028, 0.0 ], [ 114.170064696955023, -7.74486317341001, 0.0 ], [ 114.170249924174982, -7.744770026332503, 0.0 ], [ 114.170477630930009, -7.744602271855001, 0.0 ], [ 114.170645665294956, -7.744377067280027, 0.0 ], [ 114.170724646972531, -7.744173825102507, 0.0 ], [ 114.170776467187466, -7.743926813600012, 0.0 ], [ 114.170926548722491, -7.742979342852493, 0.0 ], [ 114.17109752058002, -7.742102863225, 0.0 ], [ 114.171204138924963, -7.740991925592482, 0.0 ], [ 114.171281420090054, -7.740644831334976, 0.0 ], [ 114.171551485105056, -7.740131606972511, 0.0 ], [ 114.171978961907485, -7.739464994712478, 0.0 ] ] ] } },
{ "type": "Feature", "properties": { "NAMOBJ": "Jaringan Irigasi Sekunder", "REMARK": "DI Sbr. Dunung" }, "geometry": { "type": "MultiLineString", "coordinates": [ [ [ 114.067373000122529, -7.702754000014977, 0.0 ], [ 114.067438000419997, -7.702748000172505, 0.0 ], [ 114.067521000259944, -7.702764999724991, 0.0 ], [ 114.06759400005501, -7.702760999829991, 0.0 ], [ 114.067630000040026, -7.702760999829991, 0.0 ], [ 114.067666999849962, -7.702761999802476, 0.0 ], [ 114.067718999727504, -7.702770999565018, 0.0 ], [ 114.067753999887486, -7.702775000372526, 0.0 ], [ 114.067891000154987, -7.702789999977483, 0.0 ], [ 114.067979000020046, -7.702790999950025, 0.0 ], [ 114.068119999587452, -7.702812000310018, 0.0 ], [ 114.068237999587495, -7.702823999995019, 0.0 ], [ 114.068305000432474, -7.702823000019976, 0.0 ], [ 114.068451999847525, -7.702848000277527, 0.0 ], [ 114.068508999749952, -7.702872999620013, 0.0 ], [ 114.068569000022535, -7.702863999857527, 0.0 ], [ 114.0686390003425, -7.702860999935012, 0.0 ], [ 114.068723000009982, -7.702858000014999, 0.0 ], [ 114.068793000329947, -7.702869999699999, 0.0 ], [ 114.06883199978995, -7.702879000377493, 0.0 ], [ 114.068897000087532, -7.702900999802523, 0.0 ], [ 114.068947000315006, -7.70289599993248, 0.0 ], [ 114.068984000125056, -7.702894999957493, 0.0 ], [ 114.069071000164968, -7.702894999957493, 0.0 ], [ 114.06910600032495, -7.702920000217489, 0.0 ], [ 114.069154999829948, -7.702918000270017, 0.0 ], [ 114.069180999767468, -7.702925000087475, 0.0 ], [ 114.06922699979998, -7.702923000140004, 0.0 ], [ 114.069272999829991, -7.702914000375017, 0.0 ], [ 114.069326000432511, -7.702913000399974, 0.0 ], [ 114.069354000019985, -7.702922000167518, 0.0 ], [ 114.069436999862546, -7.70293199990499, 0.0 ], [ 114.069477000045026, -7.702927000035004, 0.0 ], [ 114.069576999605033, -7.702940999672478, 0.0 ], [ 114.069672000037485, -7.702953000272487, 0.0 ], [ 114.069771999597492, -7.702991000197528, 0.0 ], [ 114.069806999757475, -7.702985000355, 0.0 ], [ 114.069841000092538, -7.702983000405027, 0.0 ], [ 114.069887000122549, -7.702983000405027, 0.0 ], [ 114.069918999909987, -7.702975999675004, 0.0 ], [ 114.070002999574967, -7.702983000405027, 0.0 ], [ 114.070031999887533, -7.702988000275013, 0.0 ], [ 114.070026999865036, -7.702990000224986, 0.0 ], [ 114.070055000352454, -7.702988000275013, 0.0 ], [ 114.070092000162504, -7.702992000172515, 0.0 ], [ 114.070144000042546, -7.702997000042501, 0.0 ], [ 114.070270000437517, -7.703020000360027, 0.0 ], [ 114.070383000414949, -7.703032000049973, 0.0 ], [ 114.070462000057546, -7.703033000025016, 0.0 ], [ 114.070510999565045, -7.703035999947474, 0.0 ], [ 114.070691000387455, -7.70307199993249, 0.0 ], [ 114.070717000327477, -7.703075999829991, 0.0 ], [ 114.070780000075047, -7.70307199993249, 0.0 ], [ 114.070914999795036, -7.703079999727493, 0.0 ], [ 114.071114999812494, -7.703123000449978, 0.0 ], [ 114.071318000202496, -7.703145999859998, 0.0 ], [ 114.071488000079967, -7.703156999580017, 0.0 ], [ 114.071702000339997, -7.703178999932504, 0.0 ], [ 114.071893000137493, -7.703199000335019, 0.0 ], [ 114.071945999839954, -7.703197000384989, 0.0 ], [ 114.072145999857526, -7.703228999572502, 0.0 ], [ 114.072237999917547, -7.703236000307527, 0.0 ], [ 114.072391999904994, -7.703258999724994, 0.0 ], [ 114.072428999715044, -7.703265999550013, 0.0 ], [ 114.072539000217489, -7.703285999957473, 0.0 ], [ 114.072632999927464, -7.703308000315019, 0.0 ], [ 114.07280000033245, -7.703330999734987, 0.0 ], [ 114.072909999937451, -7.703362999845012, 0.0 ], [ 114.072976999884986, -7.703371999620003, 0.0 ], [ 114.07309800025746, -7.703382000282488, 0.0 ], [ 114.073221000282501, -7.703392000032522, 0.0 ], [ 114.073285999682525, -7.703406999657489, 0.0 ], [ 114.073357999652444, -7.703403999732473, 0.0 ], [ 114.073438000017518, -7.703393999982495, 0.0 ], [ 114.073448000062513, -7.703320999987511, 0.0 ], [ 114.073448000062513, -7.703205000182493, 0.0 ], [ 114.073451000435057, -7.703143999912527, 0.0 ], [ 114.073448000062513, -7.702962000037473, 0.0 ], [ 114.073454999734963, -7.702805999554982, 0.0 ], [ 114.073457000284975, -7.702726999817514, 0.0 ], [ 114.073463999957539, -7.702633999555019, 0.0 ], [ 114.073468000155003, -7.702614000090023, 0.0 ], [ 114.07369199956247, -7.702651999987495, 0.0 ] ] ] } },
{ "type": "Feature", "properties": { "NAMOBJ": "Jaringan Irigasi Sekunder", "REMARK": "DI Mandar I" }, "geometry": { "type": "MultiLineString", "coordinates": [ [ [ 113.702233999662553, -7.764700999169975, 0.0 ], [ 113.702337000492548, -7.764416999932507, 0.0 ], [ 113.702436000227522, -7.764292999270026, 0.0 ], [ 113.702529999937497, -7.764190000152496, 0.0 ], [ 113.702642999915042, -7.764071000130002, 0.0 ], [ 113.702886000487524, -7.764051999770004, 0.0 ], [ 113.703011999987552, -7.764040999417489, 0.0 ], [ 113.703090999630035, -7.764010000414999, 0.0 ], [ 113.703153000452517, -7.763745999355024, 0.0 ], [ 113.703267000254982, -7.763774999934981, 0.0 ], [ 113.703418999692531, -7.763824999270014, 0.0 ], [ 113.7035500001125, -7.763835000414986, 0.0 ], [ 113.703617000060035, -7.763218000459972, 0.0 ], [ 113.703617000060035, -7.762893999527478, 0.0 ], [ 113.703621000257499, -7.762622000082501, 0.0 ], [ 113.703499000057491, -7.762033999585014, 0.0 ], [ 113.703374999312473, -7.761602999690012, 0.0 ], [ 113.70339899960004, -7.761194999979978, 0.0 ], [ 113.703401999974972, -7.761002000090002, 0.0 ], [ 113.703474999770037, -7.76065400007252, 0.0 ], [ 113.703491000560007, -7.760480999820004, 0.0 ], [ 113.703452999130036, -7.760261000117509, 0.0 ], [ 113.703515999777551, -7.759648000212508, 0.0 ], [ 113.703520999800048, -7.759544000275014, 0.0 ], [ 113.703638999799978, -7.759090999674982, 0.0 ], [ 113.70376799967255, -7.758515000649993, 0.0 ], [ 113.703835000517529, -7.758344999735016, 0.0 ], [ 113.704076999467475, -7.757693000462496, 0.0 ], [ 113.704126999697451, -7.757125000445001, 0.0 ], [ 113.704348000527489, -7.756560999737474, 0.0 ] ] ] } },
{ "type": "Feature", "properties": { "NAMOBJ": "Jaringan Irigasi Sekunder", "REMARK": "DI Sekolahan" }, "geometry": { "type": "MultiLineString", "coordinates": [ [ [ 113.793865281185049, -7.772150076474986, 0.0 ], [ 113.793889970482496, -7.772091728345004, 0.0 ], [ 113.793885258819955, -7.772040746167477, 0.0 ], [ 113.793862301474974, -7.771959969880015, 0.0 ], [ 113.793818860744977, -7.771894012184987, 0.0 ], [ 113.793763485895056, -7.771838598784996, 0.0 ], [ 113.793724340907488, -7.771807346452476, 0.0 ], [ 113.793665329677538, -7.771776304005016, 0.0 ], [ 113.79356315170503, -7.771742619785016, 0.0 ], [ 113.793521567792482, -7.771723598097481, 0.0 ], [ 113.793412525792519, -7.771669015122484, 0.0 ], [ 113.793320849122551, -7.771641183877477, 0.0 ], [ 113.793238204117529, -7.771619410004973, 0.0 ], [ 113.793194104022518, -7.771619477532511, 0.0 ], [ 113.793132771547448, -7.771631809457517, 0.0 ], [ 113.793072347267525, -7.77164878707498, 0.0 ], [ 113.792953479495054, -7.771642163019976, 0.0 ], [ 113.792910305562486, -7.771634768792524, 0.0 ], [ 113.792906585640026, -7.771601538110019, 0.0 ], [ 113.792875283844978, -7.771561050082482, 0.0 ], [ 113.79289429668745, -7.771519726182476, 0.0 ], [ 113.792875134722522, -7.771493619627506, 0.0 ], [ 113.792650322340023, -7.771508000177505, 0.0 ], [ 113.792437223090019, -7.771496465805001, 0.0 ], [ 113.792334268972468, -7.771558402835012, 0.0 ], [ 113.792205875465015, -7.771668525094981, 0.0 ], [ 113.792183127425005, -7.771831168964979, 0.0 ], [ 113.792183704145032, -7.771888655632495, 0.0 ], [ 113.792164768557541, -7.771943490492504, 0.0 ], [ 113.792121134687477, -7.771996695580015, 0.0 ], [ 113.792074257002469, -7.77200978765751, 0.0 ], [ 113.791988301705032, -7.772019105505024, 0.0 ], [ 113.791930732272476, -7.771983108914981, 0.0 ], [ 113.791900114095029, -7.77188874597249, 0.0 ], [ 113.791847481802506, -7.771800845587507, 0.0 ], [ 113.791755865320056, -7.771734836815028, 0.0 ], [ 113.791774425412541, -7.771617157879973, 0.0 ], [ 113.791781413407534, -7.771493194387517, 0.0 ], [ 113.791798286462495, -7.771355390599979, 0.0 ], [ 113.79177893855001, -7.77110248869252, 0.0 ], [ 113.791718334607481, -7.770981231907513, 0.0 ], [ 113.791621937292462, -7.770882230802499, 0.0 ], [ 113.791564577164991, -7.770826683392499, 0.0 ], [ 113.791502506275037, -7.770770680637497, 0.0 ], [ 113.791481954617552, -7.770722861439992, 0.0 ], [ 113.79146881316251, -7.770658433330027, 0.0 ], [ 113.791423095202504, -7.770627042379999, 0.0 ], [ 113.791325519300017, -7.77057549004752, 0.0 ], [ 113.79122686272251, -7.770523367392514, 0.0 ], [ 113.791135871467532, -7.770478429982518, 0.0 ], [ 113.791101381549993, -7.770404254294988, 0.0 ], [ 113.791038930672471, -7.77033683497001, 0.0 ], [ 113.790966903752519, -7.770287616915027, 0.0 ], [ 113.790863902024967, -7.770285514454997, 0.0 ], [ 113.790747162360049, -7.770239890850007, 0.0 ], [ 113.790538194462556, -7.770123920572473, 0.0 ], [ 113.790414892604986, -7.770060158697504, 0.0 ], [ 113.79034257642752, -7.770016215077476, 0.0 ] ] ] } },
{ "type": "Feature", "properties": { "NAMOBJ": "Jaringan Irigasi Primer", "REMARK": "DI Sampean Baru" }, "geometry": { "type": "MultiLineString", "coordinates": [ [ [ 114.237988559577502, -7.789451274935004, 0.0 ], [ 114.237793101442549, -7.78803274493248, 0.0 ], [ 114.237667148657465, -7.78614112335498, 0.0 ], [ 114.237709971347499, -7.785415305299978, 0.0 ], [ 114.238097158710048, -7.782982135280008, 0.0 ], [ 114.238441185614988, -7.781448950922481, 0.0 ], [ 114.239478622987463, -7.77932525030252, 0.0 ], [ 114.240382575199988, -7.778477194732488, 0.0 ], [ 114.242284683254979, -7.776570076402493, 0.0 ], [ 114.242464928419963, -7.776329737107517, 0.0 ], [ 114.243011423912549, -7.775111633400002, 0.0 ], [ 114.244584735994977, -7.771577313184991, 0.0 ], [ 114.248236007637502, -7.763368002847528, 0.0 ], [ 114.250676490415003, -7.757891617142491, 0.0 ], [ 114.251283182912516, -7.756560749712492, 0.0 ], [ 114.251630134735024, -7.754945117755028, 0.0 ] ] ] } },
{ "type": "Feature", "properties": { "NAMOBJ": "Jaringan Irigasi Primer", "REMARK": "DI Nangger" }, "geometry": { "type": "MultiLineString", "coordinates": [ [ [ 113.729944789372553, -7.756556009287522, 0.0 ], [ 113.729945040002463, -7.756553519992508, 0.0 ], [ 113.729983200434958, -7.756174079822472, 0.0 ], [ 113.730002279752512, -7.756098119925014, 0.0 ], [ 113.72996412021746, -7.755946379929981, 0.0 ], [ 113.73007895994499, -7.755452999697525, 0.0 ], [ 113.73013619969754, -7.754788889607482, 0.0 ], [ 113.730460920012547, -7.754162669972516, 0.0 ], [ 113.730556680420023, -7.75334682004501, 0.0 ], [ 113.730575759739963, -7.752625740075018, 0.0 ], [ 113.730480000227544, -7.751658059659974, 0.0 ], [ 113.730709320357505, -7.750880099957499, 0.0 ], [ 113.731243920360043, -7.750102230167499, 0.0 ], [ 113.731683480399965, -7.749419130404988, 0.0 ], [ 113.732409600322512, -7.748014950317497, 0.0 ], [ 113.732543160042496, -7.747597530229996, 0.0 ], [ 113.732734319739961, -7.747142129560018, 0.0 ], [ 113.732829719925007, -7.747028279694973, 0.0 ] ] ] } },
{ "type": "Feature", "properties": { "NAMOBJ": "Jaringan Irigasi Primer", "REMARK": "DI Sampean Lama" }, "geometry": { "type": "MultiLineString", "coordinates": [ [ [ 114.008807581312453, -7.682196766187474, 0.0 ], [ 114.008603655657453, -7.682140890742517, 0.0 ], [ 114.008464219160032, -7.682141868772476, 0.0 ], [ 114.008204397632539, -7.682195317387482, 0.0 ], [ 114.007848637832467, -7.68230249837751, 0.0 ], [ 114.007713494382529, -7.682300576985028, 0.0 ], [ 114.007486128987466, -7.682267751840016, 0.0 ], [ 114.007052354995039, -7.682115909922516, 0.0 ], [ 114.006189148564999, -7.681816495085002, 0.0 ], [ 114.001256045692458, -7.680107036387483, 0.0 ], [ 113.997090964654944, -7.678673188604989, 0.0 ], [ 113.996954252747514, -7.678652630980025, 0.0 ], [ 113.996543020179956, -7.678639726012477, 0.0 ], [ 113.996306044607536, -7.678671495312528, 0.0 ], [ 113.994489289982539, -7.678970749245025, 0.0 ], [ 113.992878678050033, -7.6791674550675, 0.0 ], [ 113.990904426294946, -7.679511055249975, 0.0 ], [ 113.990229452852532, -7.679608972632479, 0.0 ], [ 113.990062047307447, -7.679596395164992, 0.0 ], [ 113.988065338569982, -7.678785681252521, 0.0 ], [ 113.98602616197752, -7.678068467452476, 0.0 ], [ 113.982244051612497, -7.677025132955009, 0.0 ], [ 113.977197257955027, -7.675691748067493, 0.0 ], [ 113.975978996004983, -7.675359484732496, 0.0 ] ] ] } },
{ "type": "Feature", "properties": { "NAMOBJ": "Jaringan Irigasi Sekunder", "REMARK": "DI Lembano" }, "geometry": { "type": "MultiLineString", "coordinates": [ [ [ 113.60931015653, -7.788595023737514, 0.0 ], [ 113.60931561559255, -7.788333542720011, 0.0 ], [ 113.609324231334995, -7.788191916284973, 0.0 ], [ 113.609352265957455, -7.788075304204995, 0.0 ], [ 113.609389338530036, -7.787960295530013, 0.0 ], [ 113.609371335395053, -7.787861343452505, 0.0 ], [ 113.609300744879988, -7.787723498837522, 0.0 ], [ 113.609208155525039, -7.787567923157496, 0.0 ], [ 113.609159099425028, -7.787433761742477, 0.0 ], [ 113.609103279012515, -7.787301599795001, 0.0 ], [ 113.609101410514995, -7.787249883029972, 0.0 ], [ 113.609171803400045, -7.787124655699984, 0.0 ], [ 113.609227474692489, -7.787044083734997, 0.0 ], [ 113.609247976045026, -7.786966494947478, 0.0 ], [ 113.609233365844943, -7.786896751472511, 0.0 ], [ 113.609211329272512, -7.786843514430018, 0.0 ], [ 113.609135764787538, -7.786740670532481, 0.0 ], [ 113.609131142954993, -7.786662910240011, 0.0 ], [ 113.609117506529969, -7.786549719767493, 0.0 ], [ 113.60909504685003, -7.786410407260007, 0.0 ], [ 113.60909288640255, -7.786330839245011, 0.0 ], [ 113.609120519477528, -7.786257851719995, 0.0 ], [ 113.609120979415025, -7.786194458867499, 0.0 ], [ 113.609106672847474, -7.786109379940001, 0.0 ], [ 113.608998168937546, -7.786062546430003, 0.0 ], [ 113.608939428999975, -7.785985569234981, 0.0 ], [ 113.608929170237502, -7.785891602927506, 0.0 ], [ 113.608945974125049, -7.785813735105023, 0.0 ], [ 113.608949897964976, -7.785739864310017, 0.0 ], [ 113.608936508574971, -7.785686984219979, 0.0 ], [ 113.608870088939966, -7.785671352987492, 0.0 ], [ 113.60878891178254, -7.785654032610012, 0.0 ], [ 113.608714778312446, -7.78560691808002, 0.0 ], [ 113.608682955492554, -7.785532310885003, 0.0 ], [ 113.608702641175, -7.785472712560022, 0.0 ], [ 113.608749743437556, -7.785430754922515, 0.0 ], [ 113.608754869224981, -7.785353638219988, 0.0 ], [ 113.608774316852532, -7.785290484592508, 0.0 ], [ 113.60877189589246, -7.785254924007518, 0.0 ], [ 113.608742637764976, -7.785226255067528, 0.0 ], [ 113.608708493699964, -7.785203089769993, 0.0 ], [ 113.608697766915043, -7.785168266539984, 0.0 ], [ 113.608700402572481, -7.785114644610019, 0.0 ], [ 113.608702042897448, -7.78508487787002, 0.0 ] ] ] } },
{ "type": "Feature", "properties": { "NAMOBJ": "Jaringan Irigasi Sekunder", "REMARK": "DI Sbr. Pareng 1" }, "geometry": { "type": "MultiLineString", "coordinates": [ [ [ 114.076720287757553, -7.709508209597516, 0.0 ], [ 114.076758972807511, -7.709365699315015, 0.0 ], [ 114.076779009729989, -7.709318035620015, 0.0 ], [ 114.076785536890043, -7.709270006057523, 0.0 ], [ 114.076773943232524, -7.709241146902514, 0.0 ], [ 114.076740764855003, -7.709191110984989, 0.0 ], [ 114.076693001432545, -7.709159881422522, 0.0 ], [ 114.076587341587469, -7.709141606089986, 0.0 ], [ 114.076570175682491, -7.70912753235001, 0.0 ], [ 114.076572558912517, -7.709107828202491, 0.0 ], [ 114.076655434785039, -7.708838704647519, 0.0 ], [ 114.076676679942466, -7.708789907812502, 0.0 ], [ 114.076681005329988, -7.708743265152521, 0.0 ], [ 114.076674842887542, -7.708706547554982, 0.0 ], [ 114.076708529710004, -7.708593320912485, 0.0 ], [ 114.076715693774986, -7.708561443589986, 0.0 ], [ 114.076696552472526, -7.708536043377478, 0.0 ], [ 114.076589147202526, -7.708507094852507, 0.0 ], [ 114.076442571792541, -7.708477522252508, 0.0 ], [ 114.076410819042508, -7.708461802570014, 0.0 ], [ 114.076407223084971, -7.708441165984993, 0.0 ], [ 114.076427727132454, -7.7083572556175, 0.0 ], [ 114.076477112912471, -7.708182944149996, 0.0 ], [ 114.076484093719955, -7.708164197147482, 0.0 ], [ 114.076472113787531, -7.708138491305021, 0.0 ], [ 114.075972711574991, -7.708042129532487, 0.0 ], [ 114.075992517632471, -7.707872139292476, 0.0 ], [ 114.07602509323749, -7.707743821852489, 0.0 ], [ 114.076041971684958, -7.707587372582509, 0.0 ], [ 114.076054316332488, -7.707402256845, 0.0 ], [ 114.076081268487542, -7.707137980070002, 0.0 ], [ 114.0761099040825, -7.706961465657514, 0.0 ], [ 114.07615066693495, -7.706735006924987, 0.0 ], [ 114.076216376002549, -7.706479115440004, 0.0 ], [ 114.076247777512549, -7.706302104042493, 0.0 ], [ 114.076271184015013, -7.706177608162477, 0.0 ], [ 114.076292664530001, -7.706096106034977, 0.0 ] ] ] } },
{ "type": "Feature", "properties": { "NAMOBJ": "Jaringan Irigasi Sekunder", "REMARK": "DI Bukor" }, "geometry": { "type": "MultiLineString", "coordinates": [ [ [ 113.71813742221002, -7.859841857259994, 0.0 ], [ 113.718212912134959, -7.859830822504989, 0.0 ], [ 113.718404198495023, -7.859775816674983, 0.0 ], [ 113.718549898047513, -7.859691516280009, 0.0 ], [ 113.718661550552497, -7.859570699005019, 0.0 ], [ 113.718806490129964, -7.85939107269752, 0.0 ], [ 113.718884583372528, -7.859285185722513, 0.0 ], [ 113.718908236912512, -7.859246099559982, 0.0 ], [ 113.718947281287456, -7.859203451982523, 0.0 ], [ 113.71901935402002, -7.859167719144978, 0.0 ], [ 113.719096573202478, -7.85913810789998, 0.0 ], [ 113.71918053603747, -7.859080847750022, 0.0 ], [ 113.719232736239974, -7.859040580552517, 0.0 ], [ 113.71930792163505, -7.859032936557526, 0.0 ], [ 113.719425961162528, -7.859060558989995, 0.0 ], [ 113.71953879944499, -7.859087579030017, 0.0 ], [ 113.719637057169962, -7.859118532880018, 0.0 ], [ 113.719810661090037, -7.85914328299998, 0.0 ], [ 113.719976308632454, -7.859169925180026, 0.0 ], [ 113.720104292507472, -7.859162321342524, 0.0 ], [ 113.720204967600012, -7.859136067064981, 0.0 ], [ 113.720292790495023, -7.859102269192476, 0.0 ], [ 113.720360254872503, -7.859113909972507, 0.0 ], [ 113.720423086637538, -7.859139155697505, 0.0 ], [ 113.720477228997538, -7.859195951280014, 0.0 ], [ 113.720538640524978, -7.859232445325006, 0.0 ], [ 113.720700367817471, -7.859243605107508, 0.0 ], [ 113.720746462172542, -7.859226358420017, 0.0 ], [ 113.720809037917547, -7.85916799296001, 0.0 ], [ 113.720850083737446, -7.859153933482503, 0.0 ], [ 113.720972999319997, -7.859126108422515, 0.0 ], [ 113.721049337254954, -7.859111114322502, 0.0 ], [ 113.721128185979978, -7.859085092792498, 0.0 ], [ 113.721225230980053, -7.859042471699979, 0.0 ], [ 113.721305181042453, -7.858951249412485, 0.0 ], [ 113.721405193177475, -7.858849327384974, 0.0 ], [ 113.721473871177523, -7.85877563657499, 0.0 ], [ 113.721534852412447, -7.858737136422519, 0.0 ], [ 113.721674857545054, -7.858666203855023, 0.0 ], [ 113.721817087802492, -7.858607121990019, 0.0 ], [ 113.722038330280043, -7.858531574759979, 0.0 ], [ 113.722169549890054, -7.85850641486752, 0.0 ], [ 113.722219436032447, -7.858487945175, 0.0 ], [ 113.722383183637476, -7.858484927739994, 0.0 ], [ 113.72246679702755, -7.858470171882516, 0.0 ], [ 113.722511207040043, -7.85844503389751, 0.0 ], [ 113.722689666354995, -7.858351612097522, 0.0 ], [ 113.722774637097473, -7.858313687905024, 0.0 ], [ 113.722898388112526, -7.858261497082481, 0.0 ], [ 113.723061338912544, -7.858196720852504, 0.0 ], [ 113.723197591782537, -7.858152280807474, 0.0 ], [ 113.723407691557554, -7.858092515392514, 0.0 ], [ 113.723529492330044, -7.858070599309997, 0.0 ], [ 113.723636911972449, -7.858039731332497, 0.0 ], [ 113.723750653959996, -7.857987992334984, 0.0 ], [ 113.723880901589951, -7.857914562709993, 0.0 ], [ 113.724145247932483, -7.857894386267503, 0.0 ], [ 113.724295576502527, -7.857883676490019, 0.0 ], [ 113.724470381470042, -7.857867432017485, 0.0 ], [ 113.724521872004971, -7.857869371535003, 0.0 ], [ 113.724592282855042, -7.857916804334991, 0.0 ], [ 113.724747239544968, -7.858042257725003, 0.0 ], [ 113.72486533117501, -7.858125715357517, 0.0 ] ] ] } },
{ "type": "Feature", "properties": { "NAMOBJ": "Jaringan Irigasi Sekunder", "REMARK": "DI Kancil" }, "geometry": { "type": "MultiLineString", "coordinates": [ [ [ 113.701338932684962, -7.752055483744982, 0.0 ], [ 113.70125781122249, -7.751964784237487, 0.0 ], [ 113.701273865014969, -7.751885232612494, 0.0 ], [ 113.701233344707475, -7.75180123901248, 0.0 ], [ 113.701190003690044, -7.751749638742524, 0.0 ], [ 113.701115848662539, -7.751709616120024, 0.0 ], [ 113.701057149147459, -7.751701373619994, 0.0 ], [ 113.701055167465029, -7.751614616129984, 0.0 ], [ 113.701100604249973, -7.751467734877508, 0.0 ], [ 113.701174956909995, -7.751303390504972, 0.0 ], [ 113.701213093087517, -7.751241772102503, 0.0 ], [ 113.701277692737449, -7.751133534775022, 0.0 ], [ 113.701326694937507, -7.751057353115016, 0.0 ], [ 113.701319198494957, -7.75102892460751, 0.0 ], [ 113.701291047990026, -7.751011927727518, 0.0 ], [ 113.701271932737541, -7.750987905614977, 0.0 ], [ 113.701256405360027, -7.750907274700012, 0.0 ], [ 113.701230535674995, -7.750787881407518, 0.0 ], [ 113.701194080245045, -7.750609219485, 0.0 ], [ 113.701166251335053, -7.750424970489973, 0.0 ], [ 113.701050656124949, -7.749795955852505, 0.0 ], [ 113.70081211568754, -7.748383721899984, 0.0 ] ] ] } },
{ "type": "Feature", "properties": { "NAMOBJ": "Jaringan Irigasi Sekunder", "REMARK": "DI Sbr. Glantang" }, "geometry": { "type": "MultiLineString", "coordinates": [ [ [ 113.657219760337512, -7.740831823597489, 0.0 ], [ 113.65742002266245, -7.74085379300999, 0.0 ], [ 113.657560651225026, -7.740850010842507, 0.0 ], [ 113.657608508074986, -7.740861268832475, 0.0 ], [ 113.65764971828753, -7.74088041599498, 0.0 ], [ 113.657714674567501, -7.740880468005003, 0.0 ], [ 113.657752473877508, -7.740883188974976, 0.0 ], [ 113.657800902054987, -7.740909061914977, 0.0 ], [ 113.657861620982544, -7.740967673185025, 0.0 ], [ 113.657880522432492, -7.741015186152481, 0.0 ], [ 113.657895212582503, -7.74105150591248, 0.0 ], [ 113.657895368889967, -7.741151930015008, 0.0 ], [ 113.657917295867492, -7.741271317912492, 0.0 ], [ 113.657917788145028, -7.74133693058252, 0.0 ], [ 113.657878379952535, -7.741414967397475, 0.0 ], [ 113.657850538465027, -7.741452966129998, 0.0 ], [ 113.6578209677225, -7.741533626307501, 0.0 ], [ 113.65780979986755, -7.741600853169984, 0.0 ], [ 113.657810169972549, -7.741636606337522, 0.0 ], [ 113.657798812572537, -7.74166145736001, 0.0 ], [ 113.657775927992475, -7.741742250795028, 0.0 ], [ 113.657762240362445, -7.741804085012518, 0.0 ], [ 113.657736294319989, -7.741874846814994, 0.0 ], [ 113.657730182184991, -7.74192826353999, 0.0 ], [ 113.657754367527446, -7.741997021585007, 0.0 ], [ 113.657688324285004, -7.742137923872519, 0.0 ], [ 113.657617516380014, -7.742279826270021, 0.0 ], [ 113.657532028204969, -7.742397822962516, 0.0 ], [ 113.657432991640007, -7.742501625335024, 0.0 ], [ 113.65728503282503, -7.742662149510011, 0.0 ], [ 113.657041115969946, -7.742867067179986, 0.0 ], [ 113.656952676829974, -7.742942074874975, 0.0 ], [ 113.656811175104963, -7.743021197817484, 0.0 ], [ 113.656724429289966, -7.743040906242527, 0.0 ], [ 113.656608101952543, -7.74321752932002, 0.0 ], [ 113.656568972237551, -7.743324289202519, 0.0 ], [ 113.656503467087532, -7.743375072720028, 0.0 ], [ 113.656445488022541, -7.743405326579989, 0.0 ], [ 113.656451943315005, -7.743528456225022, 0.0 ], [ 113.656411698789952, -7.743625474650003, 0.0 ], [ 113.656298855119985, -7.743831052495011, 0.0 ], [ 113.656285322000031, -7.743867981109986, 0.0 ] ] ] } },
{ "type": "Feature", "properties": { "NAMOBJ": "Jaringan Irigasi Sekunder", "REMARK": "DI Loteng" }, "geometry": { "type": "MultiLineString", "coordinates": [ [ [ 113.708707886622506, -7.884540145929975, 0.0 ], [ 113.70877413737503, -7.884521762732504, 0.0 ], [ 113.708837814455023, -7.884504649199982, 0.0 ], [ 113.708887315219954, -7.884510446205013, 0.0 ], [ 113.70896833607253, -7.88450545700249, 0.0 ], [ 113.709017217897554, -7.884494056499989, 0.0 ], [ 113.709082202924947, -7.884460386224987, 0.0 ], [ 113.709142652357514, -7.884452822097501, 0.0 ], [ 113.709233941850016, -7.884461858525015, 0.0 ], [ 113.709339425624989, -7.884435245792474, 0.0 ], [ 113.709462915230006, -7.884406110167504, 0.0 ], [ 113.709534330397446, -7.884372447202509, 0.0 ], [ 113.70963132060001, -7.884354976782504, 0.0 ], [ 113.709761851200028, -7.884349414362475, 0.0 ], [ 113.709779857930016, -7.884346890552479, 0.0 ], [ 113.709790177774948, -7.884322702145028, 0.0 ], [ 113.70978319607002, -7.884254544700013, 0.0 ], [ 113.709799979294985, -7.88420488910748, 0.0 ], [ 113.709825221952542, -7.884079453564993, 0.0 ], [ 113.709852927792554, -7.884035542962522, 0.0 ], [ 113.709892270410023, -7.883944518867509, 0.0 ], [ 113.709932877854953, -7.883868780935018, 0.0 ], [ 113.709957399164978, -7.883802575974983, 0.0 ], [ 113.70999267870252, -7.883778931609982, 0.0 ], [ 113.710064000444959, -7.883815327357524, 0.0 ], [ 113.710188814167509, -7.883756896457498, 0.0 ], [ 113.710313611720039, -7.88371120234001, 0.0 ], [ 113.710374112354998, -7.883665424252513, 0.0 ], [ 113.710403754962499, -7.883615785157474, 0.0 ], [ 113.710431512007517, -7.883533660645014, 0.0 ], [ 113.710447684377527, -7.883460438374982, 0.0 ], [ 113.710458063512533, -7.883391666775026, 0.0 ], [ 113.710472281147531, -7.883336911647518, 0.0 ], [ 113.710494228787525, -7.883271976430024, 0.0 ], [ 113.71050521069003, -7.883233139990011, 0.0 ], [ 113.71053161756754, -7.883199419612481, 0.0 ], [ 113.710579911895024, -7.883145345437526, 0.0 ], [ 113.71060568186499, -7.883107165287527, 0.0 ], [ 113.710662945872514, -7.883077305927486, 0.0 ], [ 113.710723454592539, -7.8830251586175, 0.0 ], [ 113.71079237154504, -7.882935446384977, 0.0 ], [ 113.710857381722462, -7.882882668372474, 0.0 ], [ 113.710960952985033, -7.882842679142527, 0.0 ], [ 113.711007914212473, -7.882824270459992, 0.0 ], [ 113.711080585224977, -7.882812263925018, 0.0 ], [ 113.711170014307527, -7.882769708915021, 0.0 ], [ 113.711261372072499, -7.882727792842502, 0.0 ], [ 113.711419085694956, -7.882670786007509, 0.0 ], [ 113.711498056590017, -7.882657937907481, 0.0 ], [ 113.711547620237525, -7.882621764062492, 0.0 ], [ 113.711618985100017, -7.882505807147481, 0.0 ], [ 113.711737645362518, -7.882381014695, 0.0 ], [ 113.711786905379995, -7.882329503667506, 0.0 ], [ 113.711803012172481, -7.882322148602498, 0.0 ], [ 113.711850050655016, -7.88238965311001, 0.0 ], [ 113.711909472414959, -7.882466978992511, 0.0 ], [ 113.711980996277475, -7.882488482847521, 0.0 ], [ 113.712089085164962, -7.88245846927498, 0.0 ], [ 113.71221420521249, -7.88242938307252, 0.0 ], [ 113.712370308154959, -7.882361968010002, 0.0 ], [ 113.712501007639958, -7.882319695087517, 0.0 ], [ 113.712769859929949, -7.882188219417515, 0.0 ], [ 113.7128550292, -7.882167705014979, 0.0 ], [ 113.712944492419979, -7.882236147822482, 0.0 ], [ 113.712992172300005, -7.88225886747, 0.0 ], [ 113.713039215274989, -7.88231379588251, 0.0 ], [ 113.713097111694992, -7.882339587904994, 0.0 ], [ 113.713189367777545, -7.88239514887249, 0.0 ], [ 113.713234888107536, -7.882398543449995, 0.0 ], [ 113.713284114887529, -7.882422490777515, 0.0 ], [ 113.713341433689948, -7.882354725212508, 0.0 ], [ 113.713364992907486, -7.882300442120027, 0.0 ], [ 113.713438087024997, -7.882272867470022, 0.0 ], [ 113.713497240187507, -7.882259395962478, 0.0 ], [ 113.713541218109981, -7.882248985869978, 0.0 ], [ 113.713599737062509, -7.882267723122482, 0.0 ], [ 113.713644925914991, -7.882318661837473, 0.0 ] ] ] } },
{ "type": "Feature", "properties": { "NAMOBJ": "Jaringan Irigasi Sekunder", "REMARK": "DI Palangan" }, "geometry": { "type": "MultiLineString", "coordinates": [ [ [ 114.162634613560044, -7.729364659384999, 0.0 ], [ 114.162632000359963, -7.729361000497477, 0.0 ], [ 114.162625372590014, -7.729363339082511, 0.0 ] ] ] } },
{ "type": "Feature", "properties": { "NAMOBJ": "Jaringan Irigasi Sekunder", "REMARK": "DI Sbr. Pandan" }, "geometry": { "type": "MultiLineString", "coordinates": [ [ [ 113.676484196284946, -7.767867021095014, 0.0 ], [ 113.676643910455027, -7.767907717742503, 0.0 ], [ 113.676710533107553, -7.767933062127497, 0.0 ], [ 113.676890616577452, -7.767963018397495, 0.0 ], [ 113.676974574919996, -7.767952328202512, 0.0 ], [ 113.677164389837458, -7.767868492992477, 0.0 ], [ 113.677230604657552, -7.767820471537505, 0.0 ], [ 113.677295196222531, -7.767754713404997, 0.0 ], [ 113.677331844790046, -7.767662006702494, 0.0 ], [ 113.677405264097501, -7.767536018547503, 0.0 ], [ 113.677457042092556, -7.767289417097516, 0.0 ] ] ] } },
{ "type": "Feature", "properties": { "NAMOBJ": "Jaringan Irigasi Primer", "REMARK": "DI Sampean Lama" }, "geometry": { "type": "MultiLineString", "coordinates": [ [ [ 114.004273813717532, -7.70542277794749, 0.0 ], [ 114.00418300392505, -7.70528717579748, 0.0 ], [ 114.004074680574945, -7.705216232010002, 0.0 ], [ 114.003948236409997, -7.705123903647518, 0.0 ], [ 114.003853580032455, -7.704952478450025, 0.0 ], [ 114.003784386397456, -7.704823895452478, 0.0 ], [ 114.003737108065025, -7.704745352455006, 0.0 ], [ 114.003690209720048, -7.704720583837513, 0.0 ], [ 114.003610942377463, -7.704692459454975, 0.0 ], [ 114.003492342302479, -7.704693290640023, 0.0 ], [ 114.003381132667528, -7.704722752584985, 0.0 ], [ 114.003298245115047, -7.704691068062516, 0.0 ], [ 114.003225734902458, -7.7046019459425, 0.0 ], [ 114.003224370362545, -7.70440835265498, 0.0 ], [ 114.003614727877448, -7.700845485332479, 0.0 ], [ 114.003741075922449, -7.698997809909997, 0.0 ], [ 114.003970686207481, -7.698097490235, 0.0 ], [ 114.004061671172508, -7.697740732647503, 0.0 ], [ 114.004788093827528, -7.695846524927504, 0.0 ], [ 114.005246544542501, -7.694943576847493, 0.0 ], [ 114.005351483937488, -7.694736891727473, 0.0 ], [ 114.00538582203751, -7.694509587205005, 0.0 ], [ 114.005360052067545, -7.694252827037474, 0.0 ], [ 114.005334745627465, -7.694061792064986, 0.0 ], [ 114.006000983852459, -7.691702825830021, 0.0 ], [ 114.006178273559954, -7.691360987842472, 0.0 ], [ 114.006444029357453, -7.690964251600008, 0.0 ], [ 114.006918465592548, -7.689013705259981, 0.0 ], [ 114.00767350677495, -7.686309142422488, 0.0 ], [ 114.008373016802466, -7.683718040939993, 0.0 ], [ 114.008807581312453, -7.682196766187474, 0.0 ], [ 114.008934552787537, -7.681752277244982, 0.0 ], [ 114.009170080274998, -7.680749753789996, 0.0 ], [ 114.009813018000045, -7.678072792822491, 0.0 ], [ 114.01028483384755, -7.676176497387473, 0.0 ], [ 114.010774720207451, -7.674253043885017, 0.0 ], [ 114.010808123162519, -7.674121892630012, 0.0 ], [ 114.010541814002522, -7.673865624345012, 0.0 ], [ 114.010418813080037, -7.673750324832497, 0.0 ], [ 114.010194992437505, -7.673403410150001, 0.0 ], [ 114.009135406205019, -7.671685110265003, 0.0 ], [ 114.007931371770042, -7.669704459762499, 0.0 ], [ 114.006138055985048, -7.666803412929994, 0.0 ], [ 114.005182601562524, -7.665098504277523, 0.0 ], [ 114.005144602824998, -7.664804781119983, 0.0 ], [ 114.005304723929953, -7.664065105635018, 0.0 ], [ 114.005612654732545, -7.662879831322527, 0.0 ], [ 114.005733742242455, -7.662538190154976, 0.0 ], [ 114.005792007870014, -7.662305937662495, 0.0 ], [ 114.005817921572543, -7.661901821777519, 0.0 ], [ 114.005818301559998, -7.661273209772503, 0.0 ], [ 114.005969000235041, -7.659116999962521, 0.0 ], [ 114.006409016622456, -7.654600570732498, 0.0 ], [ 114.006695428279954, -7.653298024565004, 0.0 ], [ 114.006735848874996, -7.652775734734973, 0.0 ], [ 114.006730473357493, -7.652009013190025, 0.0 ], [ 114.006739093589999, -7.648770493710003, 0.0 ], [ 114.006753908604992, -7.645140265329985, 0.0 ], [ 114.006726026694992, -7.642682366807492, 0.0 ] ] ] } },
{ "type": "Feature", "properties": { "NAMOBJ": "Jaringan Irigasi Sekunder", "REMARK": "DI Sbr. Krasak" }, "geometry": { "type": "MultiLineString", "coordinates": [ [ [ 113.805826629467447, -7.72251914745749, 0.0 ], [ 113.805752639730031, -7.722494672539995, 0.0 ], [ 113.805723265717461, -7.722501317740011, 0.0 ], [ 113.805689189925033, -7.722500534877497, 0.0 ], [ 113.805653494469993, -7.72249614154498, 0.0 ], [ 113.805622457674986, -7.722478623877521, 0.0 ], [ 113.805584305327557, -7.722446213592491, 0.0 ], [ 113.805568761777522, -7.722411044135015, 0.0 ], [ 113.805557693635023, -7.722363326087475, 0.0 ], [ 113.80555912644752, -7.72228253535252, 0.0 ], [ 113.805565485622537, -7.722202354132492, 0.0 ], [ 113.80556892257755, -7.722166822459997, 0.0 ], [ 113.805584247834986, -7.722084482462492, 0.0 ], [ 113.805594723987497, -7.722035268987497, 0.0 ], [ 113.805595551337547, -7.721969161054972, 0.0 ], [ 113.805592955205043, -7.721906104282482, 0.0 ], [ 113.805590213547475, -7.721846899775016, 0.0 ], [ 113.805605796622444, -7.721753358002502, 0.0 ], [ 113.805626310549997, -7.721661898402488, 0.0 ], [ 113.805638264432446, -7.721590604309995, 0.0 ], [ 113.805670202234978, -7.721461857625002, 0.0 ], [ 113.80571869868254, -7.721291370339998, 0.0 ], [ 113.805748019694988, -7.721119968872472, 0.0 ], [ 113.805741246397474, -7.720999834687518, 0.0 ], [ 113.805739940247463, -7.720880288137494, 0.0 ] ] ] } },
{ "type": "Feature", "properties": { "NAMOBJ": "Jaringan Irigasi Sekunder", "REMARK": "DI Macan" }, "geometry": { "type": "MultiLineString", "coordinates": [ [ [ 114.119148000699965, -7.725724999547481, 0.0 ], [ 114.119280999870057, -7.725738999919997, 0.0 ], [ 114.119368999732501, -7.725763999667492, 0.0 ], [ 114.119365999359957, -7.725815999225006, 0.0 ], [ 114.119372999932466, -7.725832000564992, 0.0 ], [ 114.119389999650025, -7.725829000485021, 0.0 ], [ 114.119444000077465, -7.725777000012499, 0.0 ], [ 114.119516999872531, -7.725778000040009, 0.0 ], [ 114.119578000869978, -7.725796999632507, 0.0 ], [ 114.119649999939952, -7.725830000512474, 0.0 ], [ 114.119754999522456, -7.725858999462503, 0.0 ], [ 114.119912999707481, -7.725916000077518, 0.0 ], [ 114.119942999842465, -7.72591800012998, 0.0 ], [ 114.119999999745005, -7.725929000427527, 0.0 ], [ 114.120096999830025, -7.725926000344998, 0.0 ], [ 114.120221000577544, -7.725973999814983, 0.0 ], [ 114.12038599953496, -7.726002999687523, 0.0 ], [ 114.120424999892521, -7.725999999604994, 0.0 ], [ 114.120465000075001, -7.725939999810009, 0.0 ], [ 114.120456000752483, -7.725912000882488, 0.0 ], [ 114.12046299952749, -7.72584800008002, 0.0 ], [ 114.120488000540036, -7.725820000244994, 0.0 ], [ 114.120521999977541, -7.725783000172498, 0.0 ], [ 114.120553000837504, -7.725717999362473, 0.0 ], [ 114.120593999947459, -7.725625999680005, 0.0 ], [ 114.120629999932476, -7.725551999572474, 0.0 ], [ 114.120660999894994, -7.725468000129979, 0.0 ], [ 114.120675000137453, -7.725429000037479, 0.0 ], [ 114.120711999947503, -7.725301000410013, 0.0 ], [ 114.120752000129983, -7.725238999747489, 0.0 ], [ 114.120799999809947, -7.725111000177492, 0.0 ], [ 114.120819999902551, -7.72507999940251, 0.0 ], [ 114.120839000170008, -7.725068000015028, 0.0 ], [ 114.120851999689989, -7.725041000254976, 0.0 ], [ 114.120893999522536, -7.725027999932479, 0.0 ], [ 114.120900000267511, -7.725020999759977, 0.0 ], [ 114.12091199996496, -7.725025999882519, 0.0 ], [ 114.120935000429995, -7.724945999729982, 0.0 ], [ 114.120933999705017, -7.724878000797503, 0.0 ], [ 114.120927000032452, -7.724744999387497, 0.0 ], [ 114.120936000252527, -7.724699000102476, 0.0 ], [ 114.120958999820004, -7.724604000562522, 0.0 ], [ 114.120988000132456, -7.724543000024994, 0.0 ], [ 114.121018000270055, -7.724471999260004, 0.0 ], [ 114.121046999682449, -7.724410000542491, 0.0 ], [ 114.121074000344947, -7.724331000525012, 0.0 ], [ 114.121114000530042, -7.724195000125007, 0.0 ], [ 114.121136000269985, -7.724144999894975, 0.0 ], [ 114.121148999789966, -7.724127000397516, 0.0 ], [ 114.121173999904954, -7.724074000107521, 0.0 ], [ 114.121179999752485, -7.724033000095005, 0.0 ], [ 114.121195000720036, -7.723942000792476, 0.0 ], [ 114.121278999487458, -7.723793000227488, 0.0 ], [ 114.121306999974991, -7.723702000062474, 0.0 ], [ 114.121306999974991, -7.723697999975002, 0.0 ], [ 114.121356999305021, -7.723558999710008, 0.0 ], [ 114.12146400033248, -7.723398999960011, 0.0 ], [ 114.121460000135016, -7.723403000042481, 0.0 ], [ 114.121467000707526, -7.723268999977506, 0.0 ], [ 114.121484000424971, -7.723227000017516, 0.0 ], [ 114.121484000424971, -7.723254000577526, 0.0 ], [ 114.121522000060054, -7.723135999972499, 0.0 ], [ 114.121514999487545, -7.723083000715008, 0.0 ], [ 114.121510999289967, -7.723058000207516, 0.0 ], [ 114.12155899986999, -7.722830000205022, 0.0 ], [ 114.121573000112448, -7.722703999557496, 0.0 ], [ 114.121581000509991, -7.722672000759985, 0.0 ], [ 114.121599999877503, -7.722610000475015, 0.0 ], [ 114.121640999885017, -7.722508000347489, 0.0 ], [ 114.121724999549997, -7.722319000444998, 0.0 ], [ 114.121741000342467, -7.722242999950026, 0.0 ], [ 114.121742000167501, -7.722223000494978, 0.0 ], [ 114.121804999917458, -7.72199299998249, 0.0 ], [ 114.121750999490018, -7.721956999342524, 0.0 ], [ 114.12173299994754, -7.721907000282499, 0.0 ], [ 114.121740000517548, -7.721847000142475, 0.0 ], [ 114.121761000434958, -7.721755000367523, 0.0 ], [ 114.121829000207526, -7.721674999905019, 0.0 ], [ 114.121892999780016, -7.721612999759998, 0.0 ], [ 114.121996999537487, -7.721524999190024, 0.0 ], [ 114.122004999932528, -7.721447999732504, 0.0 ], [ 114.122037999545, -7.721333999682486, 0.0 ], [ 114.122033000419947, -7.721299000024999, 0.0 ], [ 114.122068000580043, -7.721209000397494, 0.0 ], [ 114.122101000192515, -7.721111000665019, 0.0 ], [ 114.122123999759992, -7.72100499991501, 0.0 ], [ 114.122163999942472, -7.72086999966001, 0.0 ], [ 114.122199000102455, -7.720792000302481, 0.0 ], [ 114.122206559424967, -7.720773857695008, 0.0 ] ] ] } },
{ "type": "Feature", "properties": { "NAMOBJ": "Jaringan Irigasi Sekunder", "REMARK": "DI Banyeman 4" }, "geometry": { "type": "MultiLineString", "coordinates": [ [ [ 114.130361567084947, -7.786199069125018, 0.0 ], [ 114.130557260577461, -7.786223508409989, 0.0 ], [ 114.13076449203254, -7.786267084095016, 0.0 ], [ 114.130960029217476, -7.786310778419988, 0.0 ], [ 114.131091723137502, -7.786337341242472, 0.0 ], [ 114.131341493412492, -7.786368715085018, 0.0 ], [ 114.131487086067523, -7.786377180914997, 0.0 ], [ 114.131604938742498, -7.786052591307509, 0.0 ], [ 114.131748309862473, -7.785713009505002, 0.0 ], [ 114.131983359447531, -7.785321142002488, 0.0 ], [ 114.132156243817462, -7.784977253502518, 0.0 ], [ 114.132278537765046, -7.784802434799985, 0.0 ], [ 114.132582942677459, -7.784273190019974, 0.0 ], [ 114.132668482954955, -7.783823315405016, 0.0 ], [ 114.132757713510046, -7.783341986414996, 0.0 ], [ 114.132920543935029, -7.782920105352503, 0.0 ], [ 114.133429616512444, -7.782174489437523, 0.0 ], [ 114.133655177192509, -7.781629791099988, 0.0 ], [ 114.134117684697458, -7.780722240092473, 0.0 ], [ 114.134217905242508, -7.780568586032473, 0.0 ], [ 114.134885437039998, -7.779648873924998, 0.0 ], [ 114.135224826842546, -7.77938637538, 0.0 ], [ 114.135680489187507, -7.779302485929975, 0.0 ], [ 114.136201388982499, -7.779267760820005, 0.0 ], [ 114.13698467858751, -7.779197941937525, 0.0 ], [ 114.137373011302543, -7.779187445837522, 0.0 ], [ 114.138038551535033, -7.778800555817497, 0.0 ], [ 114.138686617742451, -7.778305959490012, 0.0 ], [ 114.138926119375014, -7.777626041837493, 0.0 ], [ 114.138845827955038, -7.77725574778998, 0.0 ], [ 114.138827522985025, -7.776818573032472, 0.0 ], [ 114.138934926460024, -7.776474595505022, 0.0 ], [ 114.139717773195002, -7.7756987072475, 0.0 ], [ 114.140055419367513, -7.775296464179974, 0.0 ], [ 114.140214225339946, -7.775195213592497, 0.0 ], [ 114.140837290532545, -7.774797965307528, 0.0 ], [ 114.1415453650975, -7.774454380872498, 0.0 ], [ 114.142163089804967, -7.77412622311499, 0.0 ], [ 114.14273412188254, -7.773755310637512, 0.0 ], [ 114.143246089730042, -7.773546442552515, 0.0 ], [ 114.143981032905003, -7.773229122730015, 0.0 ], [ 114.144445825725029, -7.773064642314978, 0.0 ], [ 114.144658533307506, -7.7728772418875, 0.0 ], [ 114.145408213345036, -7.772464433425, 0.0 ], [ 114.145924347580035, -7.772152084042489, 0.0 ], [ 114.146525703185034, -7.771583772982524, 0.0 ], [ 114.14713700134746, -7.770886588124995, 0.0 ], [ 114.147827963905002, -7.769892669979981, 0.0 ], [ 114.148187876617499, -7.769238486930021, 0.0 ], [ 114.148497509727463, -7.768481865932472, 0.0 ], [ 114.148688886814966, -7.7680021911425, 0.0 ], [ 114.149045521574976, -7.767359914792507, 0.0 ], [ 114.149523047115053, -7.766377446845013, 0.0 ], [ 114.1498786569, -7.765597814447517, 0.0 ], [ 114.150025556599985, -7.765230221740012, 0.0 ], [ 114.150229784090016, -7.764915891962517, 0.0 ], [ 114.150510712432492, -7.76422002825251, 0.0 ], [ 114.150816343544989, -7.763690525865002, 0.0 ], [ 114.150978475979969, -7.763129396469992, 0.0 ], [ 114.151490216552475, -7.76215982005499, 0.0 ], [ 114.151817105400028, -7.76140389950001, 0.0 ], [ 114.152295469967498, -7.760250418700025, 0.0 ], [ 114.152684691115041, -7.759255413624999, 0.0 ], [ 114.153105538350019, -7.758047750599985, 0.0 ], [ 114.153500806957481, -7.757218663920014, 0.0 ], [ 114.15362896241254, -7.756782943915027, 0.0 ], [ 114.153781390344989, -7.756368388817521, 0.0 ], [ 114.153982997447542, -7.755907906337484, 0.0 ], [ 114.154157353259961, -7.755458313159977, 0.0 ], [ 114.154352364032547, -7.754996214712492, 0.0 ], [ 114.15442261857504, -7.754839586872492, 0.0 ], [ 114.154313585557475, -7.754763988554998, 0.0 ], [ 114.154442016794974, -7.754538744925014, 0.0 ], [ 114.154516632660034, -7.754376171445017, 0.0 ], [ 114.154589479742526, -7.754168137630018, 0.0 ], [ 114.154657956520055, -7.753925651855013, 0.0 ], [ 114.154704677897485, -7.753730329270013, 0.0 ], [ 114.154805672789962, -7.753426868332497, 0.0 ] ] ] } },
{ "type": "Feature", "properties": { "NAMOBJ": "Jaringan Irigasi Sekunder", "REMARK": "DI Wringinanom" }, "geometry": { "type": "MultiLineString", "coordinates": [ [ [ 113.680781592872449, -7.782165061859985, 0.0 ], [ 113.680772999589976, -7.78214099969, 0.0 ], [ 113.680778999437507, -7.782121999444996, 0.0 ], [ 113.680841000259989, -7.782063000227481, 0.0 ], [ 113.68089399996245, -7.781980999239977, 0.0 ], [ 113.680912999332463, -7.781938999962506, 0.0 ], [ 113.680926000647446, -7.781901999647516, 0.0 ], [ 113.680969999232502, -7.781813000334978, 0.0 ], [ 113.680995000245048, -7.781755000404985, 0.0 ], [ 113.680986999850006, -7.781745000667513, 0.0 ], [ 113.680965999932482, -7.781738000487508, 0.0 ], [ 113.680980000177556, -7.781725999527509, 0.0 ], [ 113.68102799985752, -7.781712000082507, 0.0 ], [ 113.681052000147474, -7.781697999722496, 0.0 ], [ 113.681045999399998, -7.781650999694989, 0.0 ], [ 113.681041000274945, -7.78159799965249, 0.0 ], [ 113.68104400064999, -7.781573999565012, 0.0 ], [ 113.681057999995005, -7.781515999664975, 0.0 ], [ 113.68107499971245, -7.781451000510003, 0.0 ], [ 113.681086999407512, -7.781407000062472, 0.0 ], [ 113.68107499971245, -7.781322999802512, 0.0 ], [ 113.681094999805055, -7.781221999662478, 0.0 ], [ 113.68115199970498, -7.781196000199998, 0.0 ], [ 113.681196999912459, -7.781082000819993, 0.0 ], [ 113.681227000049944, -7.781068999724994, 0.0 ], [ 113.681232999897475, -7.781013000200005, 0.0 ], [ 113.681249999615034, -7.780971000107513, 0.0 ], [ 113.681284999775016, -7.780908999672477, 0.0 ], [ 113.681318000285046, -7.780870000050015, 0.0 ], [ 113.681340999852523, -7.780821999959983, 0.0 ], [ 113.681350000072484, -7.780751999227505, 0.0 ], [ 113.681377999662459, -7.780710000072474, 0.0 ], [ 113.681414000545033, -7.780642999819975, 0.0 ], [ 113.681447000157505, -7.780591000052482, 0.0 ], [ 113.681491000537449, -7.780512999957523, 0.0 ], [ 113.681517999404946, -7.780415000467485, 0.0 ], [ 113.681535000019949, -7.780383999377477, 0.0 ], [ 113.681576000027462, -7.780295000377521, 0.0 ], [ 113.681645000525009, -7.780230999735011, 0.0 ], [ 113.68167800013498, -7.780180000169992, 0.0 ], [ 113.681685000707489, -7.780155000009984, 0.0 ], [ 113.681742000607528, -7.780080000452472, 0.0 ], [ 113.681783000615042, -7.780037000297511, 0.0 ], [ 113.681804000532452, -7.77997999984251, 0.0 ], [ 113.6818189997025, -7.779933000002472, 0.0 ], [ 113.681840000517468, -7.779867000022477, 0.0 ], [ 113.681850999490052, -7.779793000667496, 0.0 ], [ 113.681856000409994, -7.779719999647511, 0.0 ], [ 113.681853999862483, -7.779659999695014, 0.0 ], [ 113.681897000420008, -7.779538000425021, 0.0 ], [ 113.681945999925006, -7.779463000062492, 0.0 ], [ 113.681976999887524, -7.779388999862476, 0.0 ], [ 113.682010000397554, -7.779303999845013, 0.0 ], [ 113.682040000535039, -7.779211999705012, 0.0 ], [ 113.682108000304993, -7.779136999397508, 0.0 ], [ 113.682159999287478, -7.779112999447477, 0.0 ], [ 113.682163999485056, -7.779095999637491, 0.0 ], [ 113.682166000032453, -7.779029000547496, 0.0 ], [ 113.682182999750012, -7.77894000000498, 0.0 ], [ 113.682232000154954, -7.778876000475009, 0.0 ], [ 113.682263999942506, -7.778843999344986, 0.0 ], [ 113.682263000117473, -7.778795000242496, 0.0 ], [ 113.682279999835032, -7.778735000419999, 0.0 ], [ 113.68228800022996, -7.778727000140009, 0.0 ], [ 113.682321999667465, -7.778629999379973, 0.0 ], [ 113.682313999272537, -7.778605000222512, 0.0 ], [ 113.682319000192479, -7.778556000235028, 0.0 ], [ 113.682317999470001, -7.778524000042523, 0.0 ], [ 113.682336999737458, -7.778442999874983, 0.0 ], [ 113.682373999547508, -7.778349000537503, 0.0 ], [ 113.682876000584997, -7.777099000537476, 0.0 ] ] ] } },
{ "type": "Feature", "properties": { "NAMOBJ": "Jaringan Irigasi Sekunder", "REMARK": "DI Deluwang" }, "geometry": { "type": "MultiLineString", "coordinates": [ [ [ 113.726194221550031, -7.853712333152487, 0.0 ], [ 113.726176460062447, -7.853667012817482, 0.0 ], [ 113.726176573249973, -7.853604314599977, 0.0 ], [ 113.726203116670035, -7.853536041595021, 0.0 ], [ 113.726258024394951, -7.853458800372493, 0.0 ], [ 113.726284919954992, -7.853405582437517, 0.0 ], [ 113.726314396372459, -7.853342311992492, 0.0 ], [ 113.726328578974972, -7.853254399477521, 0.0 ], [ 113.726331786859987, -7.853166896782511, 0.0 ], [ 113.726339222214961, -7.853109982437502, 0.0 ], [ 113.726340336124963, -7.853049633597493, 0.0 ], [ 113.726343570957511, -7.852998056754984, 0.0 ], [ 113.726336715914954, -7.852939892030008, 0.0 ], [ 113.726338756887458, -7.852904765752498, 0.0 ], [ 113.726363774967467, -7.852844017177517, 0.0 ], [ 113.726382556044996, -7.852819480082474, 0.0 ], [ 113.726396999157487, -7.852727084480023, 0.0 ], [ 113.726430589862503, -7.852627558869983, 0.0 ], [ 113.726442705440036, -7.852560403167502, 0.0 ], [ 113.726454350299946, -7.85248320866998, 0.0 ], [ 113.726466272742528, -7.852397258637495, 0.0 ], [ 113.726478628169957, -7.852356350442506, 0.0 ], [ 113.726531613500015, -7.852331587024992, 0.0 ], [ 113.726576844572492, -7.852287525452482, 0.0 ], [ 113.726685722182538, -7.852287402237494, 0.0 ], [ 113.726753344662484, -7.852285324017487, 0.0 ], [ 113.726786806007453, -7.852285051117519, 0.0 ], [ 113.726835524340004, -7.852255567215025, 0.0 ], [ 113.726843197749986, -7.852210646797516, 0.0 ], [ 113.72685198506997, -7.852144562672493, 0.0 ], [ 113.726839644912502, -7.852077177044976, 0.0 ], [ 113.726831243867537, -7.852005676062504, 0.0 ], [ 113.72682555573499, -7.851963108612495, 0.0 ], [ 113.726814024062492, -7.851885649540009, 0.0 ], [ 113.726813469802551, -7.851809565920007, 0.0 ], [ 113.726828673787509, -7.851737273669983, 0.0 ], [ 113.726861916844996, -7.851651178670011, 0.0 ], [ 113.726901109442451, -7.851540182500003, 0.0 ], [ 113.726908319320046, -7.851441419269975, 0.0 ], [ 113.726921864117458, -7.851341360027504, 0.0 ], [ 113.726932352847484, -7.851239091167486, 0.0 ], [ 113.726941329712531, -7.851108514062503, 0.0 ], [ 113.726915145617454, -7.851000876762498, 0.0 ], [ 113.726899990140055, -7.850893438459991, 0.0 ], [ 113.726892286190036, -7.850808228947528, 0.0 ], [ 113.726876911522481, -7.850694384464987, 0.0 ], [ 113.726863572440038, -7.850653618812487, 0.0 ], [ 113.726865215457451, -7.850586409572486, 0.0 ], [ 113.726855621449999, -7.850552184320009, 0.0 ], [ 113.726858506840017, -7.850340884827517, 0.0 ], [ 113.726866526997469, -7.850201663844985, 0.0 ], [ 113.726875160705049, -7.850119308472472, 0.0 ], [ 113.726919514125029, -7.850005943340022, 0.0 ], [ 113.727000518807472, -7.849993370032507, 0.0 ], [ 113.727060714914955, -7.849965182317476, 0.0 ], [ 113.727103193549965, -7.849896543902503, 0.0 ], [ 113.7271581982925, -7.849826479867488, 0.0 ], [ 113.72723159424504, -7.849752978632523, 0.0 ], [ 113.727283766599953, -7.849674910277486, 0.0 ], [ 113.727332537932512, -7.849599162925017, 0.0 ], [ 113.727403055682544, -7.849483926905009, 0.0 ], [ 113.72744505012497, -7.849395050464977, 0.0 ], [ 113.727402970342496, -7.849333511994985, 0.0 ], [ 113.727368550495044, -7.84926288674751, 0.0 ], [ 113.727352693432522, -7.849173976582506, 0.0 ], [ 113.727358958284981, -7.849071253717511, 0.0 ], [ 113.727421549299947, -7.84887702598752, 0.0 ], [ 113.727471821717472, -7.84876514248748, 0.0 ], [ 113.727522797517508, -7.848657481134978, 0.0 ], [ 113.727552292800056, -7.848542790247507, 0.0 ], [ 113.727570993927543, -7.84839731881749, 0.0 ], [ 113.727628204035, -7.847995339782528, 0.0 ], [ 113.727629777884999, -7.847801528727473, 0.0 ], [ 113.727650280134981, -7.84761756387752, 0.0 ], [ 113.727639985439964, -7.847480045950022, 0.0 ], [ 113.727673831264951, -7.847419697907526, 0.0 ], [ 113.727733420112486, -7.847357319137473, 0.0 ], [ 113.727812751232477, -7.847335728522523, 0.0 ], [ 113.72792876685503, -7.847349679914998, 0.0 ], [ 113.72801502758, -7.847363413172502, 0.0 ], [ 113.728075195840006, -7.847267765009974, 0.0 ], [ 113.728129274419985, -7.847181962060006, 0.0 ], [ 113.728148950219975, -7.847080838707484, 0.0 ], [ 113.728164872857519, -7.847010161807475, 0.0 ], [ 113.728241168572481, -7.846899250809997, 0.0 ], [ 113.728307311524986, -7.846824822787482, 0.0 ], [ 113.728439819317487, -7.846788201114975, 0.0 ] ] ] } },
{ "type": "Feature", "properties": { "NAMOBJ": "Jaringan Irigasi Sekunder", "REMARK": "DI Mandar Ii" }, "geometry": { "type": "MultiLineString", "coordinates": [ [ [ 113.701810000237515, -7.763597999800027, 0.0 ], [ 113.701790000145024, -7.763788999712517, 0.0 ], [ 113.701758999284948, -7.76386799963251, 0.0 ], [ 113.701707000304964, -7.76385299973748, 0.0 ], [ 113.701667000122484, -7.763848000077473, 0.0 ], [ 113.701615000245056, -7.763878999980022, 0.0 ], [ 113.701463000807507, -7.763856000082512, 0.0 ], [ 113.701366999647462, -7.763812999720017, 0.0 ], [ 113.701313000119967, -7.763715999577528, 0.0 ], [ 113.701276000310031, -7.763628000482527, 0.0 ], [ 113.701189000272507, -7.76354099969501, 0.0 ], [ 113.701179000225011, -7.763509000617489, 0.0 ], [ 113.701189000272507, -7.763454999952501, 0.0 ], [ 113.701215000210027, -7.763313000262485, 0.0 ], [ 113.701208000537463, -7.763199000134989, 0.0 ], [ 113.701187000622554, -7.76311300046001, 0.0 ], [ 113.701175999852467, -7.762991999597489, 0.0 ], [ 113.701161999610008, -7.762940000135018, 0.0 ], [ 113.701209000362496, -7.762788000407511, 0.0 ], [ 113.701277000134951, -7.762653000807518, 0.0 ], [ 113.701347999382506, -7.762456000732527, 0.0 ], [ 113.701394000309961, -7.762364999734984, 0.0 ], [ 113.70137199967246, -7.762352000117517, 0.0 ], [ 113.70121699985998, -7.762357000672523, 0.0 ], [ 113.701027999715052, -7.76228999962251, 0.0 ], [ 113.700913000087553, -7.762224999714988, 0.0 ], [ 113.70083500026999, -7.762116999624993, 0.0 ], [ 113.700876000277503, -7.762052999854973, 0.0 ], [ 113.700956000642464, -7.761986999874978, 0.0 ], [ 113.701000000124964, -7.7618900001425, 0.0 ], [ 113.701015000194957, -7.761711000562514, 0.0 ], [ 113.701036999935013, -7.761490000122478, 0.0 ], [ 113.701054999479993, -7.761274999534976, 0.0 ], [ 113.701077999942527, -7.760985000079984, 0.0 ], [ 113.701103000057515, -7.760870999655026, 0.0 ] ] ] } },
{ "type": "Feature", "properties": { "NAMOBJ": "Jaringan Irigasi Sekunder", "REMARK": "DI Dullah" }, "geometry": { "type": "MultiLineString", "coordinates": [ [ [ 113.767535089777539, -7.768642609639983, 0.0 ], [ 113.767580432242539, -7.768538419552499, 0.0 ], [ 113.767627132060056, -7.768513702037524, 0.0 ], [ 113.76770697162749, -7.76853132012252, 0.0 ], [ 113.767743196192555, -7.768518475447479, 0.0 ], [ 113.767763450507459, -7.768449590904993, 0.0 ], [ 113.767802011587492, -7.768329638857495, 0.0 ], [ 113.767841388340003, -7.768181518189976, 0.0 ], [ 113.767880472242496, -7.768167270977472, 0.0 ], [ 113.767895879247476, -7.768123140482487, 0.0 ], [ 113.767946460685039, -7.767947020062479, 0.0 ], [ 113.767970901149965, -7.767843857642504, 0.0 ], [ 113.768070354532483, -7.767872849372509, 0.0 ], [ 113.768151777829985, -7.767891195622497, 0.0 ], [ 113.768205963310038, -7.767866697149998, 0.0 ], [ 113.768276814334968, -7.7678815812925, 0.0 ], [ 113.768310316105044, -7.767887933357486, 0.0 ], [ 113.768340906435014, -7.767867493782489, 0.0 ], [ 113.768364273412544, -7.767802328782523, 0.0 ], [ 113.768397870405011, -7.76770897782751, 0.0 ], [ 113.768423302607516, -7.767663442097501, 0.0 ], [ 113.768472432370004, -7.767674185212513, 0.0 ], [ 113.768558202615054, -7.767699291412498, 0.0 ], [ 113.768730942354978, -7.767738930432472, 0.0 ], [ 113.768809126327483, -7.767767390154972, 0.0 ], [ 113.768938684952445, -7.767772748480013, 0.0 ], [ 113.768992028710045, -7.767661808684977, 0.0 ], [ 113.769036276127508, -7.767513311375012, 0.0 ], [ 113.769084677354954, -7.767373618115016, 0.0 ], [ 113.769143428072539, -7.767211256070027, 0.0 ], [ 113.769194018495, -7.767077157569986, 0.0 ] ] ] } },
{ "type": "Feature", "properties": { "NAMOBJ": "Jaringan Irigasi Sekunder", "REMARK": "DI Sbr. Baruh" }, "geometry": { "type": "MultiLineString", "coordinates": [ [ [ 113.603267738244995, -7.793787006160017, 0.0 ], [ 113.603260427097553, -7.793755259569991, 0.0 ], [ 113.603259545850051, -7.793677274430024, 0.0 ], [ 113.60327291098497, -7.793606411047506, 0.0 ], [ 113.603278671880048, -7.793559029175015, 0.0 ], [ 113.603288098800022, -7.793511086072499, 0.0 ], [ 113.603286118912479, -7.793498367499978, 0.0 ], [ 113.603279046477496, -7.793452946765001, 0.0 ], [ 113.603228939349947, -7.793360165172487, 0.0 ], [ 113.603211286555052, -7.7933070623925, 0.0 ] ] ] } },
{ "type": "Feature", "properties": { "NAMOBJ": "Jaringan Irigasi Primer", "REMARK": "DI Bajulmati" }, "geometry": { "type": "MultiLineString", "coordinates": [ [ [ 114.395594441304979, -7.922643364327485, 0.0 ], [ 114.39512316354751, -7.922640417637524, 0.0 ], [ 114.394715562870033, -7.922601730035012, 0.0 ], [ 114.394371450622543, -7.922545370527473, 0.0 ], [ 114.39376485604248, -7.922442104117522, 0.0 ], [ 114.393311664962539, -7.922439268800019, 0.0 ], [ 114.392703704942505, -7.922553006537498, 0.0 ], [ 114.392295252660006, -7.922649831887497, 0.0 ], [ 114.39181468722245, -7.92267392754502, 0.0 ], [ 114.391605967257533, -7.922717793767504, 0.0 ], [ 114.391452035544944, -7.922689726285, 0.0 ], [ 114.391216111900007, -7.922733422717499, 0.0 ], [ 114.390953384322529, -7.922713707837488, 0.0 ], [ 114.390663072180018, -7.922766098285024, 0.0 ], [ 114.390472780257483, -7.922755871594973, 0.0 ], [ 114.390428042359986, -7.922656209987508, 0.0 ], [ 114.390156499615046, -7.922600301422506, 0.0 ], [ 114.38992097482253, -7.922580756337481, 0.0 ], [ 114.38980165609496, -7.922823944859999, 0.0 ], [ 114.38955655885502, -7.922876617389988, 0.0 ], [ 114.389330418759982, -7.922802922770018, 0.0 ], [ 114.389158458757493, -7.92276570667002, 0.0 ], [ 114.388931179600036, -7.922872698512492, 0.0 ], [ 114.388786195107514, -7.922871789310022, 0.0 ], [ 114.388595389347529, -7.922942960817522, 0.0 ], [ 114.388560397272499, -7.922743889487492, 0.0 ], [ 114.388506748985037, -7.922635136787505, 0.0 ], [ 114.388471225107537, -7.922508429219988, 0.0 ], [ 114.388000064129983, -7.922487406232506, 0.0 ], [ 114.387726812789992, -7.922702524479973, 0.0 ], [ 114.387590129629984, -7.922819117692484, 0.0 ], [ 114.387235495417485, -7.922997677242506, 0.0 ], [ 114.387135856979967, -7.922987927969984, 0.0 ], [ 114.386783520657445, -7.922814059574989, 0.0 ], [ 114.386601359385054, -7.922948526485015, 0.0 ], [ 114.386554645195019, -7.923174099877485, 0.0 ], [ 114.386174347012457, -7.923108471180001, 0.0 ], [ 114.38592915275251, -7.923188244547475, 0.0 ], [ 114.385883578524954, -7.923233132307473, 0.0 ], [ 114.385675241242552, -7.923204720645003, 0.0 ], [ 114.385503851670023, -7.923077160302512, 0.0 ], [ 114.385214548334943, -7.922957894185004, 0.0 ], [ 114.385107065809962, -7.922758368247514, 0.0 ], [ 114.384989741342451, -7.922685354632506, 0.0 ], [ 114.38488047117005, -7.922756945109995, 0.0 ], [ 114.384853154300004, -7.922774843415027, 0.0 ], [ 114.384615709807463, -7.922822771842505, 0.0 ], [ 114.384506955267511, -7.922836544967481, 0.0 ], [ 114.384289706699974, -7.922799042232498, 0.0 ], [ 114.384123323437507, -7.922754631939995, 0.0 ], [ 114.38397909801995, -7.922645310527514, 0.0 ], [ 114.383748172600008, -7.922477714482511, 0.0 ], [ 114.383633264602508, -7.922317983632524, 0.0 ], [ 114.383307353122518, -7.922279798127477, 0.0 ], [ 114.383097794132482, -7.922184612345006, 0.0 ], [ 114.3829245441475, -7.922067881467513, 0.0 ], [ 114.382642174010016, -7.922022740970021, 0.0 ], [ 114.382432524290039, -7.921941919869994, 0.0 ], [ 114.382338761735014, -7.921936723009992, 0.0 ], [ 114.382329833380027, -7.921918597440026, 0.0 ], [ 114.382193238252512, -7.921962099355028, 0.0 ], [ 114.381910274327538, -7.922010915897488, 0.0 ], [ 114.381634605619979, -7.922052549214982, 0.0 ], [ 114.381424271384958, -7.922080138322485, 0.0 ], [ 114.381177707194979, -7.922093044214989, 0.0 ], [ 114.380844119612448, -7.922134313314984, 0.0 ], [ 114.380568679077555, -7.922139809592522, 0.0 ], [ 114.380424927072454, -7.922168719599995, 0.0 ], [ 114.380260925245011, -7.92230320729999, 0.0 ], [ 114.380134484672453, -7.922230135342488, 0.0 ], [ 114.380134770337463, -7.922184964705025, 0.0 ], [ 114.379808367479995, -7.922200981599985, 0.0 ], [ 114.379627995652527, -7.922064327737473, 0.0 ], [ 114.379410845000052, -7.921999720689996, 0.0 ], [ 114.379148749837555, -7.921880531555018, 0.0 ], [ 114.378932189377451, -7.921734616012486, 0.0 ], [ 114.378800940124961, -7.921716871109993, 0.0 ] ] ] } },
{ "type": "Feature", "properties": { "NAMOBJ": "Jaringan Irigasi Sekunder", "REMARK": "DI Bales" }, "geometry": { "type": "MultiLineString", "coordinates": [ [ [ 113.716319000310023, -7.771909999714978, 0.0 ], [ 113.716397000127472, -7.771798000320018, 0.0 ], [ 113.716461999527496, -7.771670999875028, 0.0 ], [ 113.716495000037526, -7.771578000320005, 0.0 ], [ 113.716477000495047, -7.771523000337481, 0.0 ], [ 113.716456000577523, -7.771449999807487, 0.0 ], [ 113.716464000075007, -7.771376000072507, 0.0 ], [ 113.71646599972496, -7.771301000214976, 0.0 ], [ 113.716460000774987, -7.771184000319977, 0.0 ], [ 113.716436000485032, -7.771090999957494, 0.0 ], [ 113.716421999345016, -7.771076000724975, 0.0 ], [ 113.716397999952505, -7.77108299982001, 0.0 ], [ 113.716361999967489, -7.771085000082508, 0.0 ], [ 113.716346000074964, -7.771053000442521, 0.0 ], [ 113.716341000052466, -7.771006999882502, 0.0 ], [ 113.716314000287525, -7.770619000275019, 0.0 ], [ 113.71628400015004, -7.770489000700024, 0.0 ], [ 113.71618700006502, -7.770326999752513, 0.0 ], [ 113.716177000020025, -7.770296000299993, 0.0 ], [ 113.716177999844945, -7.770240999569978, 0.0 ], [ 113.716169999450017, -7.770183999499977, 0.0 ], [ 113.716155000279969, -7.770122000615004, 0.0 ], [ 113.716161000127499, -7.770062000175017, 0.0 ], [ 113.716159000477546, -7.769999000267489, 0.0 ], [ 113.716147000779984, -7.769950999562525, 0.0 ], [ 113.716156999927534, -7.769898000044975, 0.0 ], [ 113.716112999547477, -7.769771999374996, 0.0 ] ] ] } },
{ "type": "Feature", "properties": { "NAMOBJ": "Jaringan Irigasi Primer", "REMARK": "DI Sampean Lama" }, "geometry": { "type": "MultiLineString", "coordinates": [ [ [ 114.046488879259982, -7.691037057015023, 0.0 ], [ 114.046632306972469, -7.688128677202485, 0.0 ], [ 114.046625944207449, -7.686565623292495, 0.0 ], [ 114.046750298889947, -7.684518848637481, 0.0 ], [ 114.046944725757498, -7.683069730150009, 0.0 ], [ 114.047556303294982, -7.68114378204001, 0.0 ], [ 114.047909472354945, -7.680273683932512, 0.0 ] ] ] } },
{ "type": "Feature", "properties": { "NAMOBJ": "Jaringan Irigasi Sekunder", "REMARK": "DI Gugur B" }, "geometry": { "type": "MultiLineString", "coordinates": [ [ [ 113.70767841101997, -7.81338490938748, 0.0 ], [ 113.707683135260027, -7.813358285572519, 0.0 ], [ 113.707658496267527, -7.813340545187486, 0.0 ], [ 113.707645251507529, -7.813280861782516, 0.0 ], [ 113.707651042945031, -7.813231805822511, 0.0 ], [ 113.70767217581249, -7.813129912942486, 0.0 ], [ 113.707694779222493, -7.813007086467508, 0.0 ], [ 113.707716298364971, -7.812944368654996, 0.0 ], [ 113.70774433388749, -7.812885346952498, 0.0 ], [ 113.707725518672532, -7.812801124249972, 0.0 ], [ 113.707702881127489, -7.812736940804996, 0.0 ], [ 113.707719353535026, -7.812674238547515, 0.0 ], [ 113.707801131667452, -7.812578370894983, 0.0 ], [ 113.707912076299976, -7.812508676195023, 0.0 ] ] ] } },
{ "type": "Feature", "properties": { "NAMOBJ": "Jaringan Irigasi Sekunder", "REMARK": "DI Macan" }, "geometry": { "type": "MultiLineString", "coordinates": [ [ [ 113.663709836737553, -7.813085008497524, 0.0 ], [ 113.663757158190037, -7.813046376479974, 0.0 ], [ 113.663794747295015, -7.812999564672509, 0.0 ], [ 113.663816867409992, -7.812966729607524, 0.0 ], [ 113.663874573387488, -7.812931059955019, 0.0 ], [ 113.663970642817503, -7.812893482022503, 0.0 ], [ 113.664039806805022, -7.812851940597511, 0.0 ], [ 113.664108714775011, -7.812829491127502, 0.0 ], [ 113.664134261064987, -7.812798339855021, 0.0 ], [ 113.664221812670007, -7.812741014727521, 0.0 ], [ 113.664271752709965, -7.812716124924975, 0.0 ], [ 113.664342235425011, -7.812661893580014, 0.0 ], [ 113.664405594502455, -7.812601601552501, 0.0 ], [ 113.664433793517446, -7.812547738007481, 0.0 ], [ 113.664460528277459, -7.812506243157486, 0.0 ], [ 113.66449936603999, -7.812478784354994, 0.0 ], [ 113.664534411117529, -7.812412108602473, 0.0 ], [ 113.664556160227448, -7.812367205144994, 0.0 ], [ 113.664576229489967, -7.81231890585002, 0.0 ], [ 113.664606860245044, -7.812270800032479, 0.0 ], [ 113.664656246922505, -7.812162073715001, 0.0 ], [ 113.664688171252465, -7.812096492240016, 0.0 ], [ 113.664744893574948, -7.812008386512503, 0.0 ], [ 113.664872316005017, -7.811904266229988, 0.0 ], [ 113.664942019879959, -7.811841740230022, 0.0 ], [ 113.665077072599956, -7.811755254445018, 0.0 ], [ 113.665134407572509, -7.811679608717498, 0.0 ], [ 113.665186495485045, -7.811604950449976, 0.0 ], [ 113.665232425447471, -7.81152653313751, 0.0 ], [ 113.665276070994992, -7.811432901647493, 0.0 ], [ 113.665327515715035, -7.811263116197495, 0.0 ], [ 113.665378645124974, -7.811147226117498, 0.0 ], [ 113.665450970284951, -7.811021408662498, 0.0 ] ] ] } },
{ "type": "Feature", "properties": { "NAMOBJ": "Jaringan Irigasi Sekunder", "REMARK": "DI Sekarputih" }, "geometry": { "type": "MultiLineString", "coordinates": [ [ [ 114.284844000280032, -7.792450000452504, 0.0 ], [ 114.284885000290046, -7.792468000060012, 0.0 ], [ 114.284834000235037, -7.792451000632525, 0.0 ], [ 114.284773999959953, -7.792368000222496, 0.0 ], [ 114.284746000372479, -7.792353000249989, 0.0 ], [ 114.28471899970998, -7.792293000360019, 0.0 ], [ 114.284743, -7.792244999907496, 0.0 ], [ 114.284778999984951, -7.792182999674992, 0.0 ], [ 114.284812000494981, -7.792081999722484, 0.0 ], [ 114.284922999925016, -7.791937000097505, 0.0 ], [ 114.284972999255046, -7.791862000310005, 0.0 ], [ 114.285057999642504, -7.791791999607483, 0.0 ], [ 114.285127999962469, -7.791770999492485, 0.0 ], [ 114.285146000405007, -7.791741999765009, 0.0 ], [ 114.285179000017479, -7.791740000319976, 0.0 ], [ 114.285208999255019, -7.791741000499997, 0.0 ], [ 114.285247999614967, -7.791709000237518, 0.0 ], [ 114.285291000169991, -7.791671999995003, 0.0 ], [ 114.285966000562553, -7.791220000477495, 0.0 ], [ 114.286018000439981, -7.791166999254983, 0.0 ], [ 114.286141999392498, -7.791103000645023, 0.0 ], [ 114.286280999307451, -7.791015999784975, 0.0 ], [ 114.286286000230007, -7.791010999809998, 0.0 ], [ 114.28650200013999, -7.790902999804985, 0.0 ], [ 114.286554000017532, -7.790873999225028, 0.0 ], [ 114.286696000307529, -7.790853999330011, 0.0 ], [ 114.286745000712472, -7.790845999737485, 0.0 ], [ 114.287038000614984, -7.79084400029501, 0.0 ], [ 114.287095000517525, -7.790834999612514, 0.0 ], [ 114.287282999939976, -7.790834999612514, 0.0 ], [ 114.287298999832501, -7.79084099976501, 0.0 ], [ 114.287278999742512, -7.790827000022489, 0.0 ] ] ] } },
{ "type": "Feature", "properties": { "NAMOBJ": "Jaringan Irigasi Sekunder", "REMARK": "DI Pancoran" }, "geometry": { "type": "MultiLineString", "coordinates": [ [ [ 113.606439646632452, -7.795306366139982, 0.0 ], [ 113.606451309459999, -7.795228510302479, 0.0 ], [ 113.606490341260042, -7.795159540267491, 0.0 ], [ 113.606528465759993, -7.795089756222524, 0.0 ], [ 113.606552064502466, -7.795029869112511, 0.0 ], [ 113.606541887490039, -7.794944574892497, 0.0 ], [ 113.606521670902453, -7.794861345854997, 0.0 ], [ 113.606507568252482, -7.794817176122478, 0.0 ], [ 113.606493267969995, -7.794787565674994, 0.0 ], [ 113.606494115082455, -7.794757088282495, 0.0 ], [ 113.60652603851247, -7.7946872066575, 0.0 ], [ 113.606554373172457, -7.794645003547487, 0.0 ], [ 113.606572551482486, -7.794618622727512, 0.0 ], [ 113.606601178095048, -7.794601638730001, 0.0 ], [ 113.60663558177248, -7.794585776292479, 0.0 ], [ 113.606683519470039, -7.794554890990014, 0.0 ], [ 113.606725591167447, -7.794512540970004, 0.0 ], [ 113.606761040485026, -7.794474569504985, 0.0 ], [ 113.606787210207472, -7.794449979172498, 0.0 ], [ 113.606814215360032, -7.794403134715026, 0.0 ], [ 113.606845020387482, -7.794330346587515, 0.0 ], [ 113.606862656115027, -7.794264775134991, 0.0 ], [ 113.606861216115021, -7.79420674432248, 0.0 ], [ 113.606850488432542, -7.794158332084976, 0.0 ], [ 113.606819189332555, -7.794093381210018, 0.0 ], [ 113.606814451617538, -7.794056519475021, 0.0 ], [ 113.606809000640055, -7.794006449102483, 0.0 ], [ 113.60678599119251, -7.793947954735017, 0.0 ], [ 113.606781234612527, -7.793913010335018, 0.0 ], [ 113.606783201024996, -7.793867417992487, 0.0 ], [ 113.606800520544994, -7.79382349202001, 0.0 ], [ 113.606828194044965, -7.793757568389992, 0.0 ], [ 113.606859891100044, -7.793677773607499, 0.0 ], [ 113.606882918514998, -7.793581180137494, 0.0 ], [ 113.606887599635002, -7.793517805370016, 0.0 ], [ 113.606883240110051, -7.793465444492483, 0.0 ], [ 113.606871513502483, -7.793412217587502, 0.0 ], [ 113.606868647877491, -7.793372385477483, 0.0 ], [ 113.606873922784985, -7.793323215894986, 0.0 ], [ 113.606886844152541, -7.793287817995008, 0.0 ], [ 113.60691260244505, -7.793250143225009, 0.0 ], [ 113.606957897297548, -7.793215498207474, 0.0 ], [ 113.607011799807537, -7.793187390882508, 0.0 ], [ 113.607083855472524, -7.793152520465014, 0.0 ], [ 113.607130970312483, -7.793105314770003, 0.0 ], [ 113.607164422675055, -7.793066727440021, 0.0 ], [ 113.607186346059962, -7.793053331747501, 0.0 ], [ 113.607202514837468, -7.793056724702524, 0.0 ], [ 113.607212911937495, -7.793078937694986, 0.0 ], [ 113.60726360027752, -7.793115651509993, 0.0 ] ] ] } },
{ "type": "Feature", "properties": { "NAMOBJ": "Jaringan Irigasi Sekunder", "REMARK": "DI Basiyan" }, "geometry": { "type": "MultiLineString", "coordinates": [ [ [ 113.692626161964995, -7.797234589799984, 0.0 ], [ 113.692619131750007, -7.797213994602487, 0.0 ], [ 113.692630775712473, -7.797188762569988, 0.0 ], [ 113.692649379822456, -7.797145019687491, 0.0 ], [ 113.692703841084949, -7.797091902747525, 0.0 ], [ 113.692717334677468, -7.797052018277498, 0.0 ], [ 113.692736422980033, -7.79697010934251, 0.0 ], [ 113.692754720765038, -7.796879549132484, 0.0 ], [ 113.692759788159947, -7.796757932827518, 0.0 ], [ 113.692763873697459, -7.796659880357481, 0.0 ], [ 113.692750974789988, -7.79655229050752, 0.0 ], [ 113.69273191972502, -7.796489293112472, 0.0 ], [ 113.692712763152485, -7.796401263594987, 0.0 ], [ 113.692668461834955, -7.796235449254993, 0.0 ], [ 113.692659971857552, -7.796166923484975, 0.0 ], [ 113.692639020449974, -7.796090473782499, 0.0 ], [ 113.692624647404955, -7.796004966719977, 0.0 ], [ 113.692614701260027, -7.795900456997515, 0.0 ], [ 113.69261212399249, -7.795864314220012, 0.0 ], [ 113.692619928555018, -7.795833538334989, 0.0 ], [ 113.692614741682519, -7.795732178882474, 0.0 ], [ 113.692617682767491, -7.79563748403001, 0.0 ], [ 113.692616311937513, -7.795514159727475, 0.0 ], [ 113.692647904787464, -7.795432850650002, 0.0 ], [ 113.692669952140022, -7.795344023752477, 0.0 ], [ 113.692649660097459, -7.795285440682505, 0.0 ], [ 113.692617591139992, -7.795212023637475, 0.0 ], [ 113.692578000587446, -7.795145648979997, 0.0 ], [ 113.692531028579992, -7.79508148460252, 0.0 ], [ 113.692486013102553, -7.795034296947506, 0.0 ], [ 113.692422317159981, -7.794957578232527, 0.0 ], [ 113.692370675709981, -7.794886032029979, 0.0 ], [ 113.692334724232524, -7.794863270484996, 0.0 ], [ 113.692292077612478, -7.794818565979995, 0.0 ], [ 113.69220245898498, -7.794709698069994, 0.0 ], [ 113.692123348850032, -7.794574532415027, 0.0 ], [ 113.69208125199998, -7.794510505007509, 0.0 ], [ 113.692048494932465, -7.794461242212492, 0.0 ], [ 113.691971773417549, -7.794345000762519, 0.0 ], [ 113.691910928724951, -7.794253858882485, 0.0 ], [ 113.69186605069001, -7.794201840129972, 0.0 ], [ 113.691807850639975, -7.79410351903249, 0.0 ], [ 113.691763592442499, -7.794029760884996, 0.0 ], [ 113.691721702204973, -7.793958486785016, 0.0 ], [ 113.691705667277461, -7.793921778375022, 0.0 ], [ 113.691645030097447, -7.793823388897522, 0.0 ], [ 113.691612479642458, -7.793766880322494, 0.0 ], [ 113.691573096602497, -7.793693259120005, 0.0 ], [ 113.691536082420043, -7.79362212104752, 0.0 ], [ 113.691553391157527, -7.793528327374986, 0.0 ], [ 113.691575094454947, -7.793451576987479, 0.0 ], [ 113.691593329357488, -7.793410991997519, 0.0 ], [ 113.691594117179989, -7.793368349152502, 0.0 ], [ 113.691556338529949, -7.793281475594995, 0.0 ], [ 113.691549887727547, -7.793213150149995, 0.0 ], [ 113.691584504307457, -7.793103579962519, 0.0 ], [ 113.691612679067475, -7.793042137190014, 0.0 ], [ 113.691676897832508, -7.792973382872503, 0.0 ], [ 113.691739372067445, -7.792900543882524, 0.0 ], [ 113.691773976069953, -7.792816697427497, 0.0 ], [ 113.691783671587473, -7.792698681465026, 0.0 ], [ 113.691772558527532, -7.79260414424499, 0.0 ], [ 113.691748158487485, -7.792541078072475, 0.0 ] ] ] } },
{ "type": "Feature", "properties": { "NAMOBJ": "Jaringan Irigasi Primer", "REMARK": "DI Sampean Lama" }, "geometry": { "type": "MultiLineString", "coordinates": [ [ [ 114.004273813717532, -7.70542277794749, 0.0 ], [ 114.004433510820036, -7.705210266805011, 0.0 ], [ 114.005058359167492, -7.702758369424998, 0.0 ], [ 114.006375927177487, -7.700684034135008, 0.0 ], [ 114.007172724750035, -7.699512050387511, 0.0 ], [ 114.007867001192494, -7.698751889774996, 0.0 ], [ 114.008254126570023, -7.697926962844974, 0.0 ], [ 114.009591851877531, -7.694638297622475, 0.0 ], [ 114.010722573902513, -7.691896040312486, 0.0 ], [ 114.013849235707539, -7.684384599617488, 0.0 ], [ 114.01582898065999, -7.679733846837507, 0.0 ], [ 114.016285612284946, -7.678621142677514, 0.0 ], [ 114.018216909297507, -7.679159692004987, 0.0 ], [ 114.018544889597479, -7.67810573260499, 0.0 ], [ 114.018950647832526, -7.677039277729989, 0.0 ], [ 114.019732837900051, -7.675746902859998, 0.0 ], [ 114.020046540375006, -7.67479180678248, 0.0 ] ] ] } },
{ "type": "Feature", "properties": { "NAMOBJ": "Jaringan Irigasi Sekunder", "REMARK": "DI Pao" }, "geometry": { "type": "MultiLineString", "coordinates": [ [ [ 113.722223602417444, -7.869785856487511, 0.0 ], [ 113.722242419427516, -7.869725691487474, 0.0 ], [ 113.722252535357484, -7.869691064007498, 0.0 ], [ 113.722235003834953, -7.869649696867498, 0.0 ], [ 113.722211537144972, -7.869559147737505, 0.0 ], [ 113.722200813955055, -7.869461966669974, 0.0 ], [ 113.722210975697521, -7.869398397202474, 0.0 ], [ 113.72224917385995, -7.869288632255007, 0.0 ], [ 113.722256858947503, -7.869179653204981, 0.0 ], [ 113.722246167199955, -7.869116852302511, 0.0 ], [ 113.722284626772534, -7.869041475717495, 0.0 ], [ 113.722349019807552, -7.868872241487509, 0.0 ], [ 113.722374687370007, -7.868789252719978, 0.0 ], [ 113.722384855402538, -7.868706061342493, 0.0 ], [ 113.722367685002496, -7.868646938837514, 0.0 ], [ 113.722362102872466, -7.868565837652511, 0.0 ], [ 113.722380257824966, -7.868487888160018, 0.0 ], [ 113.722431891190013, -7.868360409984973, 0.0 ], [ 113.722470088454997, -7.868319392555009, 0.0 ], [ 113.722467272235008, -7.868247722727517, 0.0 ], [ 113.722495645524987, -7.868159596295015, 0.0 ], [ 113.72250331444252, -7.867987772987476, 0.0 ], [ 113.722492290317518, -7.867902811972499, 0.0 ], [ 113.722477685507556, -7.867738223099991, 0.0 ], [ 113.72248593563495, -7.867617087739973, 0.0 ], [ 113.722475970622554, -7.867510116217488, 0.0 ], [ 113.722467722292549, -7.867323012187512, 0.0 ], [ 113.72245787136751, -7.86723052581749, 0.0 ], [ 113.722480921237548, -7.867119249945006, 0.0 ], [ 113.722518633412506, -7.867012911072493, 0.0 ], [ 113.722547392077445, -7.866974862890004, 0.0 ], [ 113.722599481787483, -7.866949232442494, 0.0 ], [ 113.722658796647465, -7.866933485977484, 0.0 ], [ 113.722698436605015, -7.866889095222518, 0.0 ], [ 113.722719495812498, -7.866829074842485, 0.0 ], [ 113.722751357257494, -7.866688556045005, 0.0 ], [ 113.722779525729948, -7.866600920072472, 0.0 ], [ 113.722828421030044, -7.866543381450015, 0.0 ], [ 113.723009418985043, -7.866516863852496, 0.0 ], [ 113.723120597180014, -7.866522634142484, 0.0 ], [ 113.723223156037534, -7.866534579064989, 0.0 ], [ 113.723282125945047, -7.866515745755009, 0.0 ], [ 113.723335753570041, -7.866474943905018, 0.0 ], [ 113.723500958242539, -7.866444208577491, 0.0 ], [ 113.723574244599945, -7.866449976130014, 0.0 ], [ 113.723629623042484, -7.866322734962523, 0.0 ], [ 113.723712464779965, -7.866258730590005, 0.0 ], [ 113.723846715304944, -7.866234810642482, 0.0 ], [ 113.723926825265039, -7.866133259264984, 0.0 ], [ 113.724024296965013, -7.866108084317489, 0.0 ], [ 113.724108234647474, -7.866046548002487, 0.0 ], [ 113.724197443642538, -7.865950424680022, 0.0 ], [ 113.724199721769992, -7.865863356575005, 0.0 ], [ 113.724188498219974, -7.865796045449997, 0.0 ], [ 113.724243862287494, -7.86563960898502, 0.0 ], [ 113.724266628292526, -7.865585011307473, 0.0 ], [ 113.724297844747525, -7.865474027937523, 0.0 ], [ 113.724309325217519, -7.865275854307527, 0.0 ], [ 113.724281194474997, -7.865096071342521, 0.0 ] ] ] } },
{ "type": "Feature", "properties": { "NAMOBJ": "Jaringan Irigasi Sekunder", "REMARK": "DI Kolpoh" }, "geometry": { "type": "MultiLineString", "coordinates": [ [ [ 113.802461066102524, -7.732578617167519, 0.0 ], [ 113.802296959172509, -7.732579353512506, 0.0 ], [ 113.802160205042469, -7.732572634252506, 0.0 ], [ 113.802096843272466, -7.732444804054978, 0.0 ], [ 113.802058803215004, -7.732193216935002, 0.0 ], [ 113.802048924439987, -7.731733205457488, 0.0 ], [ 113.802027295704988, -7.731331467742507, 0.0 ], [ 113.802029891834991, -7.731263922205017, 0.0 ], [ 113.802062246457467, -7.731161161802504, 0.0 ], [ 113.802095202949999, -7.731046095290026, 0.0 ], [ 113.802070192054998, -7.730995930942527, 0.0 ], [ 113.801949589635001, -7.730929460317498, 0.0 ], [ 113.801787674592447, -7.730855194694982, 0.0 ], [ 113.801619227002448, -7.730696330979981, 0.0 ], [ 113.801545465437471, -7.730547961332491, 0.0 ], [ 113.801480483105024, -7.730259763562515, 0.0 ], [ 113.80142325592999, -7.729967365099981, 0.0 ], [ 113.801398669939999, -7.729736955357509, 0.0 ], [ 113.801563455099995, -7.729661343174996, 0.0 ], [ 113.801471506242478, -7.729222465587497, 0.0 ], [ 113.801386232765026, -7.728724207809989, 0.0 ], [ 113.80120867805249, -7.7274712727625, 0.0 ], [ 113.801166168875056, -7.727271528584993, 0.0 ] ] ] } },
{ "type": "Feature", "properties": { "NAMOBJ": "Jaringan Irigasi Sekunder", "REMARK": "DI Sbr. Burung" }, "geometry": { "type": "MultiLineString", "coordinates": [ [ [ 114.115847048660044, -7.715956602204983, 0.0 ], [ 114.115815083010034, -7.715720273784996, 0.0 ], [ 114.115832534580022, -7.715561241342527, 0.0 ], [ 114.115901827927473, -7.715368822922528, 0.0 ], [ 114.116012516539968, -7.715227054332502, 0.0 ], [ 114.116075507305027, -7.715109482002504, 0.0 ], [ 114.116058336907486, -7.715028858677499, 0.0 ], [ 114.115896326645043, -7.715006756447508, 0.0 ], [ 114.115719041427496, -7.714833646692512, 0.0 ], [ 114.115483771757454, -7.714640505965008, 0.0 ], [ 114.115449695962525, -7.714536170117526, 0.0 ], [ 114.115485112042506, -7.714336427332512, 0.0 ], [ 114.115548178267545, -7.714134446499997, 0.0 ], [ 114.115622009902495, -7.713794479570026, 0.0 ], [ 114.11568371966996, -7.71358066324251, 0.0 ], [ 114.115695964607539, -7.713424974642521, 0.0 ], [ 114.115656639057534, -7.713332803294975, 0.0 ], [ 114.115605881549982, -7.713282074390008, 0.0 ], [ 114.115575477169955, -7.713233831799982, 0.0 ], [ 114.115507773842523, -7.713209131127485, 0.0 ], [ 114.115360232742546, -7.713263752349974, 0.0 ], [ 114.115180248987485, -7.713329179215009, 0.0 ], [ 114.11508327136255, -7.71333766642249, 0.0 ], [ 114.114820988452493, -7.713387863399987, 0.0 ], [ 114.114794531270036, -7.713339238499998, 0.0 ], [ 114.114756131884974, -7.713328340712508, 0.0 ] ] ] } },
{ "type": "Feature", "properties": { "NAMOBJ": "Jaringan Irigasi Sekunder", "REMARK": "DI Macan" }, "geometry": { "type": "MultiLineString", "coordinates": [ [ [ 114.122712241760041, -7.719455603580002, 0.0 ], [ 114.122718999784979, -7.719474000700018, 0.0 ], [ 114.122723999807477, -7.71945500047002, 0.0 ], [ 114.122712241760041, -7.719455603580002, 0.0 ] ] ] } },
{ "type": "Feature", "properties": { "NAMOBJ": "Jaringan Irigasi Primer", "REMARK": "DI Banyuputih" }, "geometry": { "type": "MultiLineString", "coordinates": [ [ [ 114.23306207998246, -7.781359522805019, 0.0 ], [ 114.232215160907458, -7.78073073318501, 0.0 ], [ 114.231787802682447, -7.780106381292512, 0.0 ], [ 114.231208296799991, -7.778925214947492, 0.0 ], [ 114.230827976157457, -7.778438630615028, 0.0 ], [ 114.230450762790042, -7.778209059204983, 0.0 ], [ 114.230002057900037, -7.778098551092512, 0.0 ], [ 114.228247205280013, -7.778140874860014, 0.0 ], [ 114.226722571105029, -7.778166768282517, 0.0 ], [ 114.226506405904956, -7.778233487087505, 0.0 ], [ 114.22444670999505, -7.779252756739993, 0.0 ], [ 114.223961087040038, -7.779289024052503, 0.0 ], [ 114.22341507663748, -7.779213730804997, 0.0 ], [ 114.221817872062502, -7.778794477355007, 0.0 ], [ 114.219203982995055, -7.778179218114985, 0.0 ], [ 114.218779412242498, -7.778226636622492, 0.0 ], [ 114.218534509037454, -7.778289576589998, 0.0 ], [ 114.218180518917507, -7.778538267672502, 0.0 ], [ 114.216651514437444, -7.780099933230019, 0.0 ], [ 114.216208854310025, -7.780694244915026, 0.0 ], [ 114.216050434612498, -7.78087297678502, 0.0 ], [ 114.21591743544252, -7.780977290309977, 0.0 ], [ 114.215711861379987, -7.781037139877526, 0.0 ], [ 114.215451234962529, -7.781012478222522, 0.0 ], [ 114.214851621187449, -7.780924390729979, 0.0 ], [ 114.213804266414968, -7.780689925820013, 0.0 ], [ 114.211707505117488, -7.780244634114979, 0.0 ], [ 114.209550533340007, -7.77870827198501, 0.0 ], [ 114.208954580200043, -7.778303454557488, 0.0 ], [ 114.208094241194999, -7.777555517825022, 0.0 ], [ 114.207583644177475, -7.776969095737513, 0.0 ], [ 114.206472948294959, -7.775572726785015, 0.0 ], [ 114.206396677735029, -7.775507680162491, 0.0 ], [ 114.206305867940046, -7.775466441660001, 0.0 ], [ 114.206171727009973, -7.775453605905, 0.0 ], [ 114.205893191779978, -7.775528269755, 0.0 ], [ 114.205588609897518, -7.775554951454978, 0.0 ], [ 114.205027918329961, -7.775527351742483, 0.0 ], [ 114.201194798927531, -7.77507668231749, 0.0 ], [ 114.199710083187483, -7.774902733629972, 0.0 ], [ 114.199595482412519, -7.774835041665028, 0.0 ], [ 114.198786006017485, -7.774734075897527, 0.0 ], [ 114.198704245852468, -7.774774176394999, 0.0 ], [ 114.197493859432484, -7.774768574334985, 0.0 ] ] ] } },
{ "type": "Feature", "properties": { "NAMOBJ": "Jaringan Irigasi Primer", "REMARK": "DI Banyuputih" }, "geometry": { "type": "MultiLineString", "coordinates": [ [ [ 114.203121962789965, -7.762824207935012, 0.0 ], [ 114.202208528859956, -7.762861225774998, 0.0 ], [ 114.200270961607544, -7.76336482639249, 0.0 ], [ 114.197430394355024, -7.764500739569996, 0.0 ], [ 114.192611832967486, -7.764615667154999, 0.0 ], [ 114.190516942862473, -7.764267143180007, 0.0 ], [ 114.188114624109971, -7.76329503472499, 0.0 ], [ 114.18572526715252, -7.762358262672478, 0.0 ], [ 114.184866273822536, -7.76202771057001, 0.0 ], [ 114.184745632775048, -7.760708293302514, 0.0 ], [ 114.184401722650023, -7.760524334740012, 0.0 ], [ 114.184283588799985, -7.760538294260016, 0.0 ], [ 114.183557612607501, -7.761131117147499, 0.0 ], [ 114.183167199395029, -7.761416208319986, 0.0 ] ] ] } },
{ "type": "Feature", "properties": { "NAMOBJ": "Jaringan Irigasi Sekunder", "REMARK": "DI Nogosromo" }, "geometry": { "type": "MultiLineString", "coordinates": [ [ [ 113.693972483252537, -7.782781351592519, 0.0 ], [ 113.69397318573499, -7.782758435552523, 0.0 ], [ 113.693980365070047, -7.782588354812503, 0.0 ], [ 113.693995810702518, -7.782222448612515, 0.0 ], [ 113.694170480025036, -7.781646251692507, 0.0 ], [ 113.693791828455005, -7.780248861949985, 0.0 ], [ 113.693783877464966, -7.779548429007491, 0.0 ], [ 113.693732718410047, -7.779235569852517, 0.0 ], [ 113.693621707302555, -7.778912505017502, 0.0 ], [ 113.69342526191997, -7.778509780774982, 0.0 ], [ 113.693387586577501, -7.778204632455015, 0.0 ], [ 113.69351155768004, -7.7777143358025, 0.0 ], [ 113.693426966922516, -7.777465016452481, 0.0 ], [ 113.693329688359995, -7.777268234097505, 0.0 ], [ 113.693382472467533, -7.777054995059984, 0.0 ], [ 113.693429492087489, -7.77688901023248, 0.0 ], [ 113.693448362995014, -7.776732517712503, 0.0 ], [ 113.693441772055053, -7.776554231055002, 0.0 ], [ 113.693368003302453, -7.776403482182502, 0.0 ], [ 113.693354404607476, -7.776294246615009, 0.0 ], [ 113.693393817292531, -7.775938860032511, 0.0 ], [ 113.693588090547451, -7.775518885214979, 0.0 ], [ 113.693591054987451, -7.775278119439974, 0.0 ], [ 113.693645938460008, -7.775070460639995, 0.0 ], [ 113.693705983650034, -7.774941526477505, 0.0 ], [ 113.693773158767499, -7.7747573337125, 0.0 ], [ 113.693698701904964, -7.774562389524988, 0.0 ], [ 113.693659215560047, -7.774352141295026, 0.0 ], [ 113.693751829169969, -7.774125781447481, 0.0 ], [ 113.693848578624966, -7.773997858657481, 0.0 ], [ 113.69385570136501, -7.77388475181499, 0.0 ], [ 113.693829539730018, -7.773682024107472, 0.0 ], [ 113.693823375489956, -7.773409854515023, 0.0 ], [ 113.69375953491749, -7.773029643947496, 0.0 ], [ 113.693729159284999, -7.772899032249995, 0.0 ], [ 113.69372877300998, -7.772895963402505, 0.0 ], [ 113.693142440827501, -7.77238868966748, 0.0 ], [ 113.693060054534953, -7.77216331182251, 0.0 ], [ 113.692902516085041, -7.771938528152475, 0.0 ], [ 113.692874786890002, -7.771503998737501, 0.0 ], [ 113.692559647107487, -7.771082707810024, 0.0 ], [ 113.692631271582513, -7.770666662504993, 0.0 ], [ 113.69250731575255, -7.770130021724981, 0.0 ], [ 113.69271970084003, -7.769703530745005, 0.0 ], [ 113.692867966880044, -7.769148742875018, 0.0 ], [ 113.692927305994999, -7.768872851222511, 0.0 ], [ 113.692899384559951, -7.768584057577527, 0.0 ], [ 113.692814703072486, -7.768477980407511, 0.0 ], [ 113.692735174322479, -7.768399192260006, 0.0 ], [ 113.692690079792555, -7.767895928875021, 0.0 ], [ 113.692633425742542, -7.767535317732495, 0.0 ], [ 113.692539161927471, -7.767446373399991, 0.0 ], [ 113.692403741795033, -7.767411641942488, 0.0 ], [ 113.692239720204952, -7.767266815789981, 0.0 ], [ 113.692221798815012, -7.767045845355028, 0.0 ], [ 113.692365711617526, -7.76683239237002, 0.0 ], [ 113.692462330817534, -7.766656238712528, 0.0 ], [ 113.69248786363255, -7.766422382002474, 0.0 ], [ 113.692676370602499, -7.766267185407514, 0.0 ], [ 113.692869706917463, -7.765794061304973, 0.0 ], [ 113.692846811555, -7.765448192714985, 0.0 ], [ 113.692788240500022, -7.765197021665017, 0.0 ], [ 113.692794799100056, -7.764998885257512, 0.0 ], [ 113.692831476414995, -7.764955371947508, 0.0 ], [ 113.693019801027503, -7.764991673647501, 0.0 ], [ 113.693089000050009, -7.764727902852485, 0.0 ], [ 113.69325742698004, -7.764514487514987, 0.0 ], [ 113.693343258310051, -7.764360587377496, 0.0 ], [ 113.693316920604957, -7.764299021864986, 0.0 ], [ 113.693098535667446, -7.764266905927514, 0.0 ], [ 113.693017635190017, -7.764248359990006, 0.0 ], [ 113.69297949092504, -7.764198268442499, 0.0 ], [ 113.693050843210017, -7.764040100590023, 0.0 ], [ 113.693189434394981, -7.763975735529982, 0.0 ], [ 113.693301240512483, -7.763622320090008, 0.0 ], [ 113.69338151126999, -7.763271527500024, 0.0 ], [ 113.693577569479999, -7.762889626772505, 0.0 ], [ 113.693774603259953, -7.761405935304992, 0.0 ], [ 113.693585909437502, -7.760433742042494, 0.0 ], [ 113.693665825362473, -7.759631937397501, 0.0 ], [ 113.693806640775051, -7.758771953989992, 0.0 ], [ 113.694056002317552, -7.757905181464992, 0.0 ], [ 113.694234898214972, -7.756392163024998, 0.0 ], [ 113.694273075715046, -7.755676194340026, 0.0 ], [ 113.694300192260016, -7.755167646924974, 0.0 ] ] ] } },
{ "type": "Feature", "properties": { "NAMOBJ": "Jaringan Irigasi Primer", "REMARK": "DI Sampean Lama" }, "geometry": { "type": "MultiLineString", "coordinates": [ [ [ 113.963980276010034, -7.732637106870015, 0.0 ], [ 113.962287054107492, -7.731166470402513, 0.0 ], [ 113.961201183167532, -7.730272076972483, 0.0 ], [ 113.960612686942454, -7.729727361947482, 0.0 ], [ 113.95959580482247, -7.72884451384499, 0.0 ], [ 113.959245602894953, -7.72868074103252, 0.0 ], [ 113.958193944294976, -7.728382080657525, 0.0 ], [ 113.956861916102525, -7.72808297065751, 0.0 ] ] ] } },
{ "type": "Feature", "properties": { "NAMOBJ": "Jaringan Irigasi Sekunder", "REMARK": "DI Tobba" }, "geometry": { "type": "MultiLineString", "coordinates": [ [ [ 113.703291120020026, -7.852918608715015, 0.0 ], [ 113.703262293979947, -7.852916675610004, 0.0 ], [ 113.703204921279962, -7.852839524857472, 0.0 ], [ 113.703161063730022, -7.852729692072501, 0.0 ], [ 113.703081664337446, -7.852605277987493, 0.0 ], [ 113.702854429197487, -7.852472468907479, 0.0 ], [ 113.702621660435057, -7.852255890312506, 0.0 ], [ 113.702573267292451, -7.85218219059999, 0.0 ], [ 113.702551912542503, -7.851990884835004, 0.0 ], [ 113.702508538287475, -7.85193353802498, 0.0 ], [ 113.70231278999745, -7.851922616649972, 0.0 ], [ 113.702269961917523, -7.851886732914977, 0.0 ], [ 113.702174872550017, -7.851926693682515, 0.0 ], [ 113.702160229112451, -7.851892469237498, 0.0 ], [ 113.702128478160034, -7.851875780509999, 0.0 ], [ 113.702068928837548, -7.85187208955, 0.0 ], [ 113.701970141107495, -7.851882452350026, 0.0 ], [ 113.701862374712505, -7.851897115797499, 0.0 ], [ 113.701843633162525, -7.851847758780025, 0.0 ], [ 113.701859683359999, -7.851733471359978, 0.0 ], [ 113.701892885095049, -7.851620596832504, 0.0 ], [ 113.701927800812541, -7.851476549075016, 0.0 ], [ 113.701880791972485, -7.851414553957511, 0.0 ], [ 113.701829208015056, -7.851341674909975, 0.0 ], [ 113.70185197940998, -7.85125355562252, 0.0 ], [ 113.701906117277531, -7.851223515044978, 0.0 ], [ 113.701959761972489, -7.85110906533248, 0.0 ], [ 113.701930546065, -7.851001192554975, 0.0 ], [ 113.701873264990013, -7.850900056435023, 0.0 ], [ 113.701946879232537, -7.85069708970002, 0.0 ], [ 113.701925444532549, -7.850634835489984, 0.0 ], [ 113.701884606220005, -7.850566157722483, 0.0 ], [ 113.701790397202444, -7.85035323088249, 0.0 ], [ 113.701778002247465, -7.850186523114985, 0.0 ], [ 113.701757903339967, -7.850047118730004, 0.0 ], [ 113.701699917089968, -7.849963142440004, 0.0 ], [ 113.701621162687502, -7.849881164969986, 0.0 ], [ 113.701566472355012, -7.849825881137519, 0.0 ], [ 113.701539158180026, -7.849718919557517, 0.0 ], [ 113.701484099537538, -7.849701266194984, 0.0 ], [ 113.701390719662527, -7.849689271547504, 0.0 ], [ 113.701285147854946, -7.84966056909002, 0.0 ], [ 113.701231228277493, -7.849565916162476, 0.0 ], [ 113.701273657504998, -7.849476485699995, 0.0 ], [ 113.701336684202488, -7.849339628877487, 0.0 ], [ 113.701353567140018, -7.849240086714985, 0.0 ], [ 113.701372799172532, -7.849157413912508, 0.0 ], [ 113.70137841543999, -7.849076688814989, 0.0 ], [ 113.701285258347525, -7.848979492337492, 0.0 ], [ 113.701245492625048, -7.848916456197514, 0.0 ], [ 113.701330226214964, -7.848832701002493, 0.0 ], [ 113.701414999330041, -7.848542992865021, 0.0 ], [ 113.701395558887498, -7.848342700529997, 0.0 ], [ 113.701322422549993, -7.848263048912486, 0.0 ], [ 113.701215897627549, -7.848135858807495, 0.0 ], [ 113.701124715032506, -7.848049009737508, 0.0 ], [ 113.701024024670005, -7.847943167562505, 0.0 ], [ 113.701007404039956, -7.847792711212492, 0.0 ], [ 113.701002811852504, -7.847720136709995, 0.0 ], [ 113.700949818437493, -7.847711692487508, 0.0 ], [ 113.70080338406251, -7.847745901994983, 0.0 ], [ 113.700732599512548, -7.847720300994979, 0.0 ], [ 113.700663021402534, -7.847683310517482, 0.0 ], [ 113.700626244372529, -7.847631215914987, 0.0 ] ] ] } },
{ "type": "Feature", "properties": { "NAMOBJ": "Jaringan Irigasi Primer", "REMARK": "DI Sampean Lama" }, "geometry": { "type": "MultiLineString", "coordinates": [ [ [ 114.016669757052455, -7.697649266239978, 0.0 ], [ 114.017812857862509, -7.697509758814988, 0.0 ], [ 114.018913099150041, -7.697239094135, 0.0 ], [ 114.019541846187508, -7.69721076221748, 0.0 ], [ 114.020038566030053, -7.697147508312526, 0.0 ], [ 114.021128984242523, -7.696843743904992, 0.0 ], [ 114.021480795050024, -7.696787486125004, 0.0 ], [ 114.021782927227491, -7.696821207399978, 0.0 ], [ 114.022074152057485, -7.696837079027489, 0.0 ], [ 114.022512341270044, -7.696798136244979, 0.0 ], [ 114.022742444730056, -7.696810852887495, 0.0 ], [ 114.023473051737483, -7.696956275, 0.0 ], [ 114.025547913905029, -7.697117299647516, 0.0 ], [ 114.027273310767555, -7.697158889252478, 0.0 ], [ 114.027618873792449, -7.697235320560026, 0.0 ], [ 114.027787985237524, -7.697262806712502, 0.0 ], [ 114.028018292615002, -7.697304201082488, 0.0 ], [ 114.028308956000046, -7.697241198980009, 0.0 ], [ 114.028600205087514, -7.697260650774979, 0.0 ], [ 114.02888867478498, -7.697394847195028, 0.0 ], [ 114.029061940040037, -7.697501176114997, 0.0 ], [ 114.029310292774994, -7.697553197837522, 0.0 ], [ 114.029601236435042, -7.69752962939998, 0.0 ], [ 114.029951972857475, -7.697322796162496, 0.0 ], [ 114.030637083789998, -7.697101407025002, 0.0 ], [ 114.031040197382481, -7.697184599007528, 0.0 ], [ 114.031308124407474, -7.697125341302524, 0.0 ], [ 114.031881086964972, -7.696834476027504, 0.0 ], [ 114.033611456899962, -7.696229486079972, 0.0 ], [ 114.034098438105048, -7.695977469222498, 0.0 ], [ 114.034366436997516, -7.695748990745017, 0.0 ], [ 114.034557355044967, -7.695642475214981, 0.0 ], [ 114.034801388679966, -7.695592945402495, 0.0 ], [ 114.035557040717549, -7.695386825645016, 0.0 ], [ 114.036438296097458, -7.695323219832517, 0.0 ], [ 114.037272415972552, -7.695369891159999, 0.0 ], [ 114.037468532572461, -7.695320698955015, 0.0 ], [ 114.037578059664952, -7.69522431995, 0.0 ], [ 114.037809819617451, -7.69479724304, 0.0 ], [ 114.037942622955029, -7.694605094742485, 0.0 ], [ 114.038061868919954, -7.694527767949978, 0.0 ], [ 114.038291730732453, -7.694507017065007, 0.0 ], [ 114.038665206209998, -7.6944661284125, 0.0 ], [ 114.038894317930044, -7.694340219924982, 0.0 ], [ 114.039018150692527, -7.694234179172497, 0.0 ], [ 114.039152043687523, -7.694194987547519, 0.0 ], [ 114.039401275872478, -7.694202780982494, 0.0 ], [ 114.039746885610043, -7.694286372027477, 0.0 ], [ 114.040048962092555, -7.694312910957478, 0.0 ], [ 114.040292824147514, -7.694239479110024, 0.0 ], [ 114.040593468714974, -7.694065259969989, 0.0 ], [ 114.040917491935033, -7.693809614062502, 0.0 ], [ 114.041142219877543, -7.693741098127475, 0.0 ], [ 114.041338334679949, -7.69369190519501, 0.0 ], [ 114.042237000307523, -7.69331999957501, 0.0 ], [ 114.044051775945036, -7.692525410797487, 0.0 ], [ 114.046488879259982, -7.691037057015023, 0.0 ] ] ] } },
{ "type": "Feature", "properties": { "NAMOBJ": "Jaringan Irigasi Sekunder", "REMARK": "DI Sbr. Sawiyah" }, "geometry": { "type": "MultiLineString", "coordinates": [ [ [ 114.116547422867484, -7.722255928109973, 0.0 ], [ 114.116394390367532, -7.722263672777501, 0.0 ], [ 114.116301870179996, -7.722335168627524, 0.0 ], [ 114.11614364451998, -7.722326914824976, 0.0 ], [ 114.116027736694946, -7.722255137035006, 0.0 ], [ 114.115936730170006, -7.722261174555001, 0.0 ], [ 114.115834498297545, -7.72222306071501, 0.0 ], [ 114.115805937262508, -7.722106094167486, 0.0 ], [ 114.115930339555007, -7.721811954822499, 0.0 ], [ 114.115998108459962, -7.721612747932511, 0.0 ], [ 114.116060883629984, -7.721352002712479, 0.0 ], [ 114.116068238137473, -7.721142052250002, 0.0 ], [ 114.116134285869975, -7.720923299747483, 0.0 ], [ 114.116142456047555, -7.720787474687484, 0.0 ], [ 114.116175301149951, -7.720468201750009, 0.0 ], [ 114.116113400040035, -7.72035476857252, 0.0 ], [ 114.115983429990024, -7.720284884385023, 0.0 ], [ 114.115870766879993, -7.720231369957503, 0.0 ], [ 114.115759138629983, -7.720095168285013, 0.0 ], [ 114.115620943602494, -7.720022405449981, 0.0 ], [ 114.115450064272522, -7.719917813744985, 0.0 ], [ 114.115427919902459, -7.71983788296501, 0.0 ] ] ] } },
{ "type": "Feature", "properties": { "NAMOBJ": "Jaringan Irigasi Sekunder", "REMARK": "DI Wringinanom" }, "geometry": { "type": "MultiLineString", "coordinates": [ [ [ 113.677717000162488, -7.786258999720019, 0.0 ], [ 113.677723042232515, -7.786262405397508, 0.0 ], [ 113.677733999882548, -7.786267000140015, 0.0 ], [ 113.677762000369967, -7.786259999887477, 0.0 ], [ 113.677786000657534, -7.786239000039984, 0.0 ], [ 113.677861999927472, -7.786243999959993, 0.0 ], [ 113.677933999897505, -7.786240000207499, 0.0 ], [ 113.677982000477527, -7.786092000227484, 0.0 ], [ 113.678001000742483, -7.786077999725023, 0.0 ], [ 113.678024999235049, -7.78604700005252, 0.0 ], [ 113.678043999502506, -7.785984999797506, 0.0 ], [ 113.678091000257496, -7.785935000629991, 0.0 ], [ 113.67813800011254, -7.785895000387484, 0.0 ], [ 113.678161999502549, -7.785868999729985, 0.0 ], [ 113.678195000014966, -7.785855000147478, 0.0 ], [ 113.678247999717541, -7.785801999587477, 0.0 ], [ 113.678300999420003, -7.785695000142482, 0.0 ], [ 113.678327000257468, -7.785624000279995, 0.0 ], [ 113.678332000282467, -7.785613999539976, 0.0 ], [ 113.678348000174992, -7.785574999492496, 0.0 ], [ 113.678361999520007, -7.785548999767514, 0.0 ], [ 113.67841000010003, -7.785471999852518, 0.0 ], [ 113.678468000722546, -7.785420999667508, 0.0 ], [ 113.678543000167451, -7.785375999562518, 0.0 ], [ 113.67859099985003, -7.785370000400007, 0.0 ], [ 113.678685000457449, -7.785351000012497, 0.0 ], [ 113.678769999949964, -7.785319000227503, 0.0 ], [ 113.678803999384968, -7.785260999822526, 0.0 ], [ 113.678781000717549, -7.785218000062514, 0.0 ], [ 113.678759999902468, -7.785197000267488, 0.0 ], [ 113.678747999309962, -7.785016999970026, 0.0 ], [ 113.678767999399952, -7.784964999675026, 0.0 ], [ 113.67875199950754, -7.784906999317514, 0.0 ], [ 113.678743000185023, -7.784851000207482, 0.0 ], [ 113.678802999560048, -7.784753999892473, 0.0 ], [ 113.678848999592446, -7.784646000547525, 0.0 ], [ 113.678919999737445, -7.784602999934975, 0.0 ], [ 113.678954999897542, -7.784553000017524, 0.0 ], [ 113.678961999569992, -7.784525000027486, 0.0 ], [ 113.679014000347479, -7.784456000682496, 0.0 ], [ 113.679090000514975, -7.784428999947522, 0.0 ], [ 113.679151000614979, -7.78437500031248, 0.0 ], [ 113.679246000149988, -7.784315000624986, 0.0 ], [ 113.679283999784957, -7.784290000224985, 0.0 ], [ 113.679293999829952, -7.784233000120025, 0.0 ], [ 113.679317000294986, -7.784132000209979, 0.0 ], [ 113.67931800012002, -7.784070999482481, 0.0 ], [ 113.679364000150031, -7.784097000029988, 0.0 ], [ 113.679397999587536, -7.784082000344995, 0.0 ], [ 113.679444000517492, -7.784039999952483, 0.0 ], [ 113.679488999825026, -7.784029000002477, 0.0 ], [ 113.679521000510022, -7.784018000052527, 0.0 ], [ 113.679559999970024, -7.783989999184996, 0.0 ], [ 113.67959000010751, -7.783940000250027, 0.0 ], [ 113.679607999649988, -7.783900000192489, 0.0 ], [ 113.679600999977538, -7.783851999764977, 0.0 ], [ 113.679585999910046, -7.783724000167524, 0.0 ], [ 113.67959000010751, -7.783672000029981, 0.0 ], [ 113.679606999824955, -7.783617000327524, 0.0 ], [ 113.679621000070028, -7.783584999757522, 0.0 ], [ 113.679657999879964, -7.783501999232499, 0.0 ], [ 113.679724, -7.783406999542478, 0.0 ], [ 113.679774000230054, -7.783323000717473, 0.0 ], [ 113.679800999994995, -7.783266000740014, 0.0 ], [ 113.679816999887521, -7.783224000427481, 0.0 ], [ 113.679876999262547, -7.783100999989983, 0.0 ], [ 113.679894000779996, -7.783082999862472, 0.0 ], [ 113.679992000687548, -7.782999999432491, 0.0 ], [ 113.680044000567477, -7.782955999740011, 0.0 ], [ 113.680079999652548, -7.782975000022475, 0.0 ], [ 113.680099999745039, -7.782964000097479, 0.0 ], [ 113.680113999987498, -7.782924000132482, 0.0 ], [ 113.680146000674995, -7.782869000527512, 0.0 ], [ 113.680193999455014, -7.782804000254998, 0.0 ], [ 113.680237999837459, -7.782761999987486, 0.0 ], [ 113.680308999982458, -7.782730999640023, 0.0 ], [ 113.680355000012469, -7.782745000032492, 0.0 ], [ 113.680460999420006, -7.782774000062489, 0.0 ], [ 113.680495000652513, -7.782803000097488, 0.0 ], [ 113.68051200037246, -7.782729000235008, 0.0 ], [ 113.68052199952001, -7.78269799988999, 0.0 ], [ 113.680596000037553, -7.782590000147479, 0.0 ], [ 113.680611999929965, -7.782525000829992, 0.0 ], [ 113.680632000022456, -7.782474000080015, 0.0 ], [ 113.680650000464993, -7.782364000080008, 0.0 ], [ 113.680698000144957, -7.782291000450016, 0.0 ], [ 113.680737999429994, -7.782228999825008, 0.0 ], [ 113.680781592872449, -7.782165061859985, 0.0 ] ] ] } },
{ "type": "Feature", "properties": { "NAMOBJ": "Jaringan Irigasi Primer", "REMARK": "DI Sampean Lama" }, "geometry": { "type": "MultiLineString", "coordinates": [ [ [ 114.012280770034977, -7.717404428732493, 0.0 ], [ 114.009396027229968, -7.716076717655028, 0.0 ], [ 114.00892640955999, -7.716080025152507, 0.0 ], [ 114.00845787705498, -7.716236290437507, 0.0 ], [ 114.00740485121753, -7.716415793120007, 0.0 ], [ 114.006589804370037, -7.716364164215008, 0.0 ], [ 114.004985014419958, -7.715773132544996, 0.0 ], [ 114.002783000215004, -7.714576000437489, 0.0 ], [ 114.001877966430015, -7.714179222037501, 0.0 ], [ 114.001011491932445, -7.713630789080014, 0.0 ], [ 114.000512517317475, -7.713548246322489, 0.0 ], [ 113.999334221414983, -7.713632998932496, 0.0 ], [ 113.998529635447539, -7.713705567264981, 0.0 ], [ 113.998165035324973, -7.713650758942492, 0.0 ], [ 113.997300317032455, -7.713350882634984, 0.0 ], [ 113.996849327725045, -7.713277558890013, 0.0 ], [ 113.995815529430047, -7.713466455405012, 0.0 ], [ 113.995298258827461, -7.713508323032499, 0.0 ], [ 113.994635679439966, -7.713331310597482, 0.0 ], [ 113.994456383794954, -7.713389930915014, 0.0 ], [ 113.994320667219995, -7.713512780139979, 0.0 ] ] ] } },
{ "type": "Feature", "properties": { "NAMOBJ": "Jaringan Irigasi Sekunder", "REMARK": "DI Koras" }, "geometry": { "type": "MultiLineString", "coordinates": [ [ [ 113.760826022079982, -7.749402892774981, 0.0 ], [ 113.760227208702531, -7.749290696645005, 0.0 ], [ 113.76063548042498, -7.746650232114973, 0.0 ], [ 113.760846049120005, -7.745356417460016, 0.0 ], [ 113.76103381228495, -7.744199961032507, 0.0 ], [ 113.761173063729984, -7.743431808287482, 0.0 ], [ 113.761373732094967, -7.742165942097472, 0.0 ] ] ] } },
{ "type": "Feature", "properties": { "NAMOBJ": "Jaringan Irigasi Sekunder", "REMARK": "DI Montor" }, "geometry": { "type": "MultiLineString", "coordinates": [ [ [ 113.664764425642488, -7.881305548759997, 0.0 ], [ 113.664739984280004, -7.881166710142509, 0.0 ], [ 113.66471356482748, -7.880948628237491, 0.0 ], [ 113.664730233967475, -7.880857977209985, 0.0 ], [ 113.664795059989956, -7.880715249460025, 0.0 ], [ 113.664854583259967, -7.880539080897506, 0.0 ], [ 113.664990935842525, -7.880426559275008, 0.0 ], [ 113.665089397484962, -7.880390166555003, 0.0 ], [ 113.665132347735039, -7.880326074267487, 0.0 ], [ 113.665319431774947, -7.880064540807496, 0.0 ], [ 113.66537070491745, -7.879937907119995, 0.0 ], [ 113.665334683372521, -7.879864419854982, 0.0 ], [ 113.665330551122452, -7.879768653950009, 0.0 ], [ 113.665397373202495, -7.879640068870003, 0.0 ], [ 113.665487171492487, -7.879517807424975, 0.0 ], [ 113.665643630167551, -7.879464774264989, 0.0 ], [ 113.665894459557535, -7.879515542870024, 0.0 ], [ 113.666141156697449, -7.879597525127508, 0.0 ], [ 113.666195932369988, -7.87956813517502, 0.0 ], [ 113.666242447137506, -7.879427981837523, 0.0 ], [ 113.666205160765003, -7.879248075147473, 0.0 ], [ 113.666118006215015, -7.879043740372481, 0.0 ], [ 113.666019096312539, -7.878896948717511, 0.0 ], [ 113.666000880274964, -7.878765003125011, 0.0 ], [ 113.666041635940019, -7.878654671677509, 0.0 ], [ 113.666155314147545, -7.878640158827523, 0.0 ], [ 113.666286308277449, -7.878664469219984, 0.0 ], [ 113.666422281772498, -7.878806443257474, 0.0 ], [ 113.666583557212448, -7.878864490117508, 0.0 ], [ 113.666742777307491, -7.878859701787519, 0.0 ], [ 113.666899466850055, -7.878838149739977, 0.0 ], [ 113.666924552304977, -7.878716635162505, 0.0 ], [ 113.666948983785005, -7.878512142735019, 0.0 ], [ 113.667016114887474, -7.878374351050013, 0.0 ], [ 113.667144981807496, -7.878300302712489, 0.0 ], [ 113.667311722599948, -7.878268853667521, 0.0 ], [ 113.667392883587468, -7.878177193702527, 0.0 ], [ 113.667335182102534, -7.87798463491248, 0.0 ], [ 113.667127673967457, -7.877822934665005, 0.0 ], [ 113.667071947877503, -7.877666677242473, 0.0 ], [ 113.667125689587465, -7.877517524764983, 0.0 ], [ 113.667253852230033, -7.877386150982488, 0.0 ], [ 113.667421586557452, -7.877398553499972, 0.0 ], [ 113.667545468727553, -7.877498517545007, 0.0 ], [ 113.667608423559955, -7.877649305674993, 0.0 ], [ 113.667660779172479, -7.877850895122492, 0.0 ], [ 113.667764151007532, -7.877987163247496, 0.0 ], [ 113.667894390552533, -7.877975477224993, 0.0 ], [ 113.667989347870048, -7.877940210145027, 0.0 ], [ 113.668133571489989, -7.877974642054994, 0.0 ], [ 113.668297948812551, -7.878078537477506, 0.0 ], [ 113.668492626312513, -7.878109977380007, 0.0 ], [ 113.668567008615014, -7.878192870299983, 0.0 ], [ 113.668698118627503, -7.878213242122513, 0.0 ], [ 113.668800485247516, -7.878203506657485, 0.0 ] ] ] } },
{ "type": "Feature", "properties": { "NAMOBJ": "Jaringan Irigasi Sekunder", "REMARK": "DI Sbr. Tengah" }, "geometry": { "type": "MultiLineString", "coordinates": [ [ [ 113.701504767077495, -7.886262068157521, 0.0 ], [ 113.701624507114957, -7.886133818837493, 0.0 ], [ 113.701684219927529, -7.88605810698499, 0.0 ], [ 113.701756590004948, -7.885980638970011, 0.0 ], [ 113.701808720137478, -7.885937706665004, 0.0 ], [ 113.701894486790025, -7.885884983045003, 0.0 ], [ 113.701958014747447, -7.885809718497512, 0.0 ], [ 113.701980132169979, -7.885727324289974, 0.0 ], [ 113.701995522107495, -7.885645137300003, 0.0 ], [ 113.70203311211003, -7.885558861102481, 0.0 ], [ 113.702116442530041, -7.885520132160025, 0.0 ], [ 113.702219771245041, -7.885442791117498, 0.0 ], [ 113.702281561862492, -7.885338976957485, 0.0 ], [ 113.702369356012468, -7.885223137962498, 0.0 ], [ 113.70249775311504, -7.885075214162498, 0.0 ], [ 113.702508224774988, -7.885032329415026, 0.0 ], [ 113.702501137964987, -7.884987481297514, 0.0 ], [ 113.702445036380027, -7.884940159577525, 0.0 ], [ 113.702442810355024, -7.884870070607519, 0.0 ], [ 113.702448147245036, -7.884790723414994, 0.0 ], [ 113.702420718087524, -7.884732634670002, 0.0 ], [ 113.702362036539967, -7.884682175782473, 0.0 ], [ 113.702351020500032, -7.884616450812473, 0.0 ], [ 113.702384100060044, -7.884489820332476, 0.0 ], [ 113.702436339789983, -7.884362249734977, 0.0 ], [ 113.702548773830017, -7.884142069557527, 0.0 ], [ 113.702609358907466, -7.884033942877522, 0.0 ], [ 113.702710744567526, -7.883903170425015, 0.0 ], [ 113.70284622039253, -7.883760892557518, 0.0 ], [ 113.702933105447528, -7.883755081872494, 0.0 ], [ 113.70305629681252, -7.883750427665007, 0.0 ], [ 113.703148542112444, -7.883748663282518, 0.0 ], [ 113.703198829802545, -7.883698677327516, 0.0 ], [ 113.7032083797925, -7.883588672282485, 0.0 ], [ 113.703232146520008, -7.883396628579987, 0.0 ], [ 113.703263392619988, -7.883248539292481, 0.0 ], [ 113.70321610620249, -7.883153013597507, 0.0 ], [ 113.703194402904955, -7.883033701207523, 0.0 ], [ 113.703226223927459, -7.882915757087517, 0.0 ], [ 113.703300681687551, -7.882816965587494, 0.0 ], [ 113.703359722562482, -7.88277248190002, 0.0 ], [ 113.703466971525017, -7.882761507705027, 0.0 ], [ 113.703535447404988, -7.882752682165005, 0.0 ], [ 113.70361575409504, -7.882720644967492, 0.0 ], [ 113.703693611980043, -7.88267604263001, 0.0 ], [ 113.703761088932538, -7.88260152073002, 0.0 ] ] ] } },
{ "type": "Feature", "properties": { "NAMOBJ": "Jaringan Irigasi Sekunder", "REMARK": "DI Bije" }, "geometry": { "type": "MultiLineString", "coordinates": [ [ [ 114.09848411530254, -7.714602932027503, 0.0 ], [ 114.098577895824974, -7.714288668200027, 0.0 ], [ 114.09861399013505, -7.714109426435016, 0.0 ], [ 114.098705681175034, -7.713871680227498, 0.0 ], [ 114.098774646634979, -7.713567058337503, 0.0 ], [ 114.098832819737481, -7.713433523894992, 0.0 ], [ 114.09884247393245, -7.713308346230008, 0.0 ], [ 114.09885633044496, -7.713146672339974, 0.0 ], [ 114.098838097340035, -7.712956190202476, 0.0 ], [ 114.098885746677524, -7.712786990922496, 0.0 ], [ 114.0989779398775, -7.712619071812526, 0.0 ], [ 114.099116281327497, -7.712403661180019, 0.0 ], [ 114.099223649767509, -7.712156046427481, 0.0 ], [ 114.099278937479994, -7.711966417820008, 0.0 ], [ 114.099386951807446, -7.711693718609979, 0.0 ], [ 114.099551543829989, -7.711439909047499, 0.0 ], [ 114.099560260182557, -7.711220468005024, 0.0 ], [ 114.099549375297556, -7.710981904040011, 0.0 ], [ 114.099575379727526, -7.710569147305023, 0.0 ], [ 114.099603986577449, -7.71034204618752, 0.0 ], [ 114.099655229177529, -7.710286084102506, 0.0 ], [ 114.099850319900042, -7.710233682212504, 0.0 ], [ 114.100064716317547, -7.710134903027495, 0.0 ], [ 114.100592797244985, -7.709841774514985, 0.0 ], [ 114.100954394299947, -7.709634058607492, 0.0 ], [ 114.101153774480053, -7.709525745902511, 0.0 ], [ 114.101494616857508, -7.709336278115018, 0.0 ], [ 114.101692959482534, -7.70924156113, 0.0 ], [ 114.102092605579969, -7.70916391513498, 0.0 ], [ 114.102378497112454, -7.709158110457508, 0.0 ] ] ] } },
{ "type": "Feature", "properties": { "NAMOBJ": "Jaringan Irigasi Sekunder", "REMARK": "DI Sbr. Caluk" }, "geometry": { "type": "MultiLineString", "coordinates": [ [ [ 114.301475066294984, -7.769705781032485, 0.0 ], [ 114.301601772767526, -7.769695090794983, 0.0 ], [ 114.301688137697511, -7.769644858084973, 0.0 ], [ 114.301764636429994, -7.769553882949992, 0.0 ], [ 114.301830009527521, -7.769478074, 0.0 ], [ 114.301912349107511, -7.769426971679991, 0.0 ], [ 114.301992758207462, -7.769401791464986, 0.0 ], [ 114.302095872224982, -7.769396120122508, 0.0 ], [ 114.302321881164971, -7.769438518772517, 0.0 ], [ 114.302508518739955, -7.769471724649975, 0.0 ], [ 114.302665914357476, -7.769508458352504, 0.0 ], [ 114.302786420657526, -7.7695365823825, 0.0 ], [ 114.30291979532501, -7.769565121612516, 0.0 ], [ 114.30297301062501, -7.769559414677474, 0.0 ], [ 114.303280408724959, -7.769631156515004, 0.0 ], [ 114.303452604087511, -7.769671345052473, 0.0 ], [ 114.303717108530009, -7.769738253260016, 0.0 ], [ 114.303756463722493, -7.769747437832507, 0.0 ], [ 114.304020299819967, -7.769870819545019, 0.0 ], [ 114.304139166694995, -7.769924899489979, 0.0 ], [ 114.304407924662542, -7.769398907884977, 0.0 ], [ 114.304516583082545, -7.769158943072512, 0.0 ], [ 114.304684728840016, -7.768790112687498, 0.0 ], [ 114.304855255129951, -7.768530710557513, 0.0 ], [ 114.304983412382512, -7.768342522767512, 0.0 ], [ 114.305105350597501, -7.768052966610014, 0.0 ], [ 114.305172650582449, -7.767790369272518, 0.0 ], [ 114.305157385510029, -7.767400774732494, 0.0 ], [ 114.305133944872523, -7.76729382274749, 0.0 ], [ 114.305068053444984, -7.767196118270022, 0.0 ], [ 114.304990781262518, -7.767105202050004, 0.0 ] ] ] } },
{ "type": "Feature", "properties": { "NAMOBJ": "Jaringan Irigasi Sekunder", "REMARK": "DI Sbr. Edden" }, "geometry": { "type": "MultiLineString", "coordinates": [ [ [ 113.718406483807485, -7.879996829472475, 0.0 ], [ 113.718546956064984, -7.880009212897505, 0.0 ], [ 113.718694410924968, -7.880029614014973, 0.0 ], [ 113.718918762472526, -7.880074733610002, 0.0 ], [ 113.719038665105018, -7.880093265394976, 0.0 ], [ 113.719239062177508, -7.880186301302501, 0.0 ], [ 113.719383356762478, -7.880286809097527, 0.0 ], [ 113.719564245122456, -7.880417386019985, 0.0 ], [ 113.719678519810032, -7.880483606882478, 0.0 ], [ 113.719800125082543, -7.880494473182523, 0.0 ] ] ] } },
{ "type": "Feature", "properties": { "NAMOBJ": "Jaringan Irigasi Sekunder", "REMARK": "DI Sbr. Arjuno" }, "geometry": { "type": "MultiLineString", "coordinates": [ [ [ 114.198951514322516, -7.7349425966475, 0.0 ], [ 114.198991748067556, -7.734716903460026, 0.0 ], [ 114.198505446884951, -7.734651480669982, 0.0 ], [ 114.198548848987457, -7.734161730727521, 0.0 ], [ 114.197691079162496, -7.734073400952525, 0.0 ], [ 114.197776710170046, -7.733563685445006, 0.0 ], [ 114.197895203344956, -7.733457315760006, 0.0 ], [ 114.197949199279947, -7.733262892049993, 0.0 ] ] ] } },
{ "type": "Feature", "properties": { "NAMOBJ": "Jaringan Irigasi Sekunder", "REMARK": "DI Baderan" }, "geometry": { "type": "MultiLineString", "coordinates": [ [ [ 113.69240799981003, -7.880541999910008, 0.0 ], [ 113.692394272654951, -7.880525412287511, 0.0 ] ] ] } },
{ "type": "Feature", "properties": { "NAMOBJ": "Jaringan Irigasi Sekunder", "REMARK": "DI Palangan" }, "geometry": { "type": "MultiLineString", "coordinates": [ [ [ 114.190968000439966, -7.737533000752478, 0.0 ], [ 114.190968000439966, -7.737532000700014, 0.0 ], [ 114.190968000439966, -7.737454000169976, 0.0 ], [ 114.190919000037525, -7.737419999265001, 0.0 ], [ 114.190762999502454, -7.737330999994981, 0.0 ], [ 114.190729999889982, -7.737273999702495, 0.0 ], [ 114.190667999964944, -7.737237000477478, 0.0 ], [ 114.190626000132511, -7.737224999840009, 0.0 ], [ 114.190599000369957, -7.737228, 0.0 ], [ 114.190564999134949, -7.737223999787489, 0.0 ], [ 114.190513000154965, -7.737228, 0.0 ], [ 114.190442000009966, -7.737224999840009, 0.0 ], [ 114.19032200035997, -7.737212000065028, 0.0 ], [ 114.19027199923255, -7.737212000065028, 0.0 ], [ 114.190160999802515, -7.737208999907523, 0.0 ], [ 114.190103999902476, -7.737212000065028, 0.0 ], [ 114.190017000762509, -7.737202000447496, 0.0 ], [ 114.189959000137492, -7.737203000502518, 0.0 ], [ 114.189918000129978, -7.737180000197498, 0.0 ], [ 114.189867999900002, -7.737185999602502, 0.0 ], [ 114.189759000120034, -7.737180000197498, 0.0 ], [ 114.18967899975496, -7.737184999549982, 0.0 ], [ 114.189590999890015, -7.737185999602502, 0.0 ], [ 114.18954099966254, -7.737188999760008, 0.0 ], [ 114.189432000780016, -7.737172999827521, 0.0 ], [ 114.189394000247489, -7.737165999457488, 0.0 ], [ 114.189245000285041, -7.737167999562473, 0.0 ], [ 114.189184000185037, -7.73717099972248, 0.0 ], [ 114.189064999460015, -7.737146999367496, 0.0 ], [ 114.188995999865028, -7.737133999592515, 0.0 ], [ 114.188870999292476, -7.737145000172518, 0.0 ], [ 114.188819000312492, -7.737134999644979, 0.0 ], [ 114.188791999649993, -7.737140999962492, 0.0 ], [ 114.188740999594984, -7.737142000015012, 0.0 ], [ 114.188728000075002, -7.737108000047499, 0.0 ], [ 114.188715999482497, -7.737103000695015, 0.0 ], [ 114.188580999762507, -7.737106000855022, 0.0 ], [ 114.188528000060046, -7.737083000555003, 0.0 ], [ 114.188506000317489, -7.737079000344977, 0.0 ], [ 114.188406999684958, -7.737083000555003, 0.0 ], [ 114.18837700044503, -7.737095000275019, 0.0 ], [ 114.188292999882492, -7.737094000222498, 0.0 ], [ 114.188219000262507, -7.737077000239992, 0.0 ], [ 114.188210000042545, -7.737048999679985, 0.0 ], [ 114.188175999707482, -7.737058000152501, 0.0 ], [ 114.188138999897546, -7.737085000659988, 0.0 ], [ 114.188047000732467, -7.737083000555003, 0.0 ], [ 114.188000999805013, -7.737059000205022, 0.0 ], [ 114.187958999972466, -7.737108000047499, 0.0 ], [ 114.187917000137531, -7.737078000292513, 0.0 ], [ 114.187898999697495, -7.737067000625018, 0.0 ], [ 114.187853000565042, -7.737057000099981, 0.0 ], [ 114.187809000182483, -7.737036999960026, 0.0 ], [ 114.187763000152472, -7.737016999822515, 0.0 ], [ 114.187678999590048, -7.737019999980021, 0.0 ], [ 114.187574999832464, -7.736996999687506, 0.0 ], [ 114.187444999237528, -7.736987000074976, 0.0 ], [ 114.187382000385014, -7.73697899965498, 0.0 ], [ 114.187340000552467, -7.736964999834981, 0.0 ], [ 114.187256999814963, -7.736926000532492, 0.0 ], [ 114.187160999554976, -7.736926000532492, 0.0 ], [ 114.187095999257508, -7.736914999957492, 0.0 ], [ 114.187013000315005, -7.736876999797516, 0.0 ], [ 114.186902999812446, -7.736851000267507, 0.0 ], [ 114.186789999835014, -7.736857999719973, 0.0 ], [ 114.186763999894993, -7.736851000267507, 0.0 ], [ 114.186736000305018, -7.736826999929974, 0.0 ], [ 114.186666999809972, -7.736835999484981, 0.0 ], [ 114.186613000282478, -7.736806999802525, 0.0 ], [ 114.186542000137479, -7.736790999882487, 0.0 ], [ 114.186512999825027, -7.736790999882487, 0.0 ], [ 114.186420999762504, -7.736772000720009, 0.0 ], [ 114.186311000157502, -7.736745000232474, 0.0 ], [ 114.18625599990753, -7.736728000262474, 0.0 ], [ 114.186045000020044, -7.7367150005025, 0.0 ], [ 114.185986999395027, -7.736688000017523, 0.0 ], [ 114.185886000009987, -7.736697999622493, 0.0 ], [ 114.18574999956752, -7.736667999895019, 0.0 ], [ 114.185577000214948, -7.736604999380006, 0.0 ], [ 114.185493000549968, -7.736609999639995, 0.0 ], [ 114.185473000457478, -7.736622999397525, 0.0 ], [ 114.185380999497511, -7.736602999277522, 0.0 ], [ 114.185374000722504, -7.736603999329986, 0.0 ], [ 114.185210999617539, -7.736548000097514, 0.0 ], [ 114.185148999695002, -7.736556000507505, 0.0 ], [ 114.185095000165006, -7.73654399989249, 0.0 ], [ 114.185015999624966, -7.736542999840026, 0.0 ], [ 114.184970999419988, -7.736520000482528, 0.0 ], [ 114.184847000467471, -7.736502999610025, 0.0 ], [ 114.184752999860052, -7.736480000257473, 0.0 ], [ 114.184690999935015, -7.736475, 0.0 ], [ 114.184620999615049, -7.736476000052505, 0.0 ], [ 114.184575000482482, -7.736446999479995, 0.0 ], [ 114.184479999149971, -7.736383000772491, 0.0 ], [ 114.184348999627446, -7.736282000192489, 0.0 ], [ 114.184270999809996, -7.736221999885004, 0.0 ], [ 114.18417700009752, -7.736155000147505, 0.0 ], [ 114.184085000037499, -7.736099000059994, 0.0 ], [ 114.184050999702549, -7.736062000022514, 0.0 ], [ 114.184049000052482, -7.736045000082527, 0.0 ], [ 114.183994999625043, -7.735994999397519, 0.0 ], [ 114.183950000317509, -7.735969999969996, 0.0 ], [ 114.183946000120045, -7.735978999507495, 0.0 ], [ 114.183877999450033, -7.73593299994252, 0.0 ], [ 114.183841999465017, -7.735883000185027, 0.0 ], [ 114.183836000515043, -7.735873000597508, 0.0 ], [ 114.183816000422553, -7.73586200005002, 0.0 ], [ 114.183723999464974, -7.735797000467528, 0.0 ], [ 114.183622999182489, -7.735721999485008, 0.0 ], [ 114.183536999865055, -7.735675999947489, 0.0 ], [ 114.18344600052751, -7.735604000047488, 0.0 ], [ 114.183373999660034, -7.735537000404975, 0.0 ], [ 114.183305999887466, -7.735494000122515, 0.0 ], [ 114.183187000062503, -7.735413999862487, 0.0 ], [ 114.183170000342557, -7.735404000284973, 0.0 ], [ 114.183080999757522, -7.735372999687513, 0.0 ], [ 114.182765999215007, -7.735136000074988, 0.0 ], [ 114.182612999952539, -7.735000999982503, 0.0 ], [ 114.182383999622516, -7.734885999972505, 0.0 ], [ 114.182377999774985, -7.73486100061001, 0.0 ], [ 114.182306999629986, -7.734795000215001, 0.0 ], [ 114.182276999492501, -7.734772000039982, 0.0 ], [ 114.182197000024985, -7.734704000477507, 0.0 ], [ 114.182135999924981, -7.734669999790015, 0.0 ], [ 114.182117000557469, -7.73465700009001, 0.0 ], [ 114.182019000647529, -7.734588000500025, 0.0 ], [ 114.181971000070007, -7.734545000309993, 0.0 ], [ 114.181910999795036, -7.734497999940004, 0.0 ], [ 114.181851999344985, -7.734458999944991, 0.0 ], [ 114.181767000752529, -7.734382000014989, 0.0 ], [ 114.181597999800033, -7.734305000099994, 0.0 ], [ 114.181350000102498, -7.734182999952509, 0.0 ], [ 114.18095000006997, -7.733912999492475, 0.0 ], [ 114.179282000165017, -7.73268399937001, 0.0 ], [ 114.179247999829954, -7.732644999540014, 0.0 ], [ 114.179189000279962, -7.732589999947493, 0.0 ], [ 114.177630000154977, -7.731488000392517, 0.0 ], [ 114.177625999957513, -7.731490999599998, 0.0 ], [ 114.17739300032747, -7.73121600062251, 0.0 ], [ 114.176874000469979, -7.730921000137528, 0.0 ], [ 114.176395999719944, -7.730866999892498, 0.0 ], [ 114.175892999754979, -7.730805000259977, 0.0 ], [ 114.174242999395005, -7.730748000824974, 0.0 ], [ 114.173823999992464, -7.730684000222482, 0.0 ], [ 114.173627000350052, -7.730666000452516, 0.0 ], [ 114.173213000072451, -7.730627999929993, 0.0 ], [ 114.173073999257554, -7.730622999739978, 0.0 ], [ 114.1730690001325, -7.730620999665007, 0.0 ], [ 114.172669999925006, -7.730577999869979, 0.0 ], [ 114.172270000790036, -7.730534000042496, 0.0 ], [ 114.172108000407547, -7.730553000754981, 0.0 ], [ 114.172012000147447, -7.730533000004982, 0.0 ], [ 114.171970000315014, -7.730516999404983, 0.0 ], [ 114.171532999574993, -7.730470000382525, 0.0 ], [ 114.171436999315006, -7.730470000382525, 0.0 ], [ 114.170808000749958, -7.730396000359974, 0.0 ], [ 114.170455000572474, -7.730353000587513, 0.0 ], [ 114.169884999760029, -7.730398999560009, 0.0 ], [ 114.169876999364988, -7.730403999745022, 0.0 ], [ 114.169873999890001, -7.730402999707508, 0.0 ], [ 114.169756999714991, -7.730367000194974, 0.0 ], [ 114.169547999477459, -7.730330999772491, 0.0 ], [ 114.169425999277451, -7.730254000574973, 0.0 ], [ 114.168899999747509, -7.730202000485008, 0.0 ], [ 114.168192000640033, -7.730120000214981, 0.0 ], [ 114.167123999887508, -7.730110999887472, 0.0 ], [ 114.167049999369965, -7.730054999670017, 0.0 ], [ 114.166309999577493, -7.729947000312507, 0.0 ], [ 114.166165000709952, -7.729926000465014, 0.0 ], [ 114.165914000639987, -7.729918000175019, 0.0 ], [ 114.165869000435009, -7.729922000320016, 0.0 ], [ 114.165871000084962, -7.729920000247489, 0.0 ], [ 114.165818999307476, -7.729907000692492, 0.0 ], [ 114.165331999237537, -7.72980099961751, 0.0 ], [ 114.165241999722525, -7.729791000172497, 0.0 ], [ 114.164802999332551, -7.729809999940016, 0.0 ], [ 114.164475000167499, -7.729748000457505, 0.0 ], [ 114.164394999800038, -7.729737000064972, 0.0 ], [ 114.16430699993748, -7.729684000002521, 0.0 ], [ 114.16377700020746, -7.729564999437514, 0.0 ], [ 114.162948000727511, -7.729383000352527, 0.0 ], [ 114.162680999864961, -7.729333999557525, 0.0 ], [ 114.16263700038246, -7.729367999830004, 0.0 ], [ 114.162636712025005, -7.729367595617475, 0.0 ] ] ] } },
{ "type": "Feature", "properties": { "NAMOBJ": "Jaringan Irigasi Sekunder", "REMARK": "DI Prao" }, "geometry": { "type": "MultiLineString", "coordinates": [ [ [ 113.700205032422446, -7.871522707117492, 0.0 ], [ 113.700288345774993, -7.871467728072503, 0.0 ], [ 113.700320588107502, -7.871388331354979, 0.0 ], [ 113.700325496502501, -7.871290277287528, 0.0 ], [ 113.700322193394982, -7.871211045807513, 0.0 ], [ 113.700349802217488, -7.871157523539978, 0.0 ], [ 113.700403406487453, -7.871090996534974, 0.0 ], [ 113.700458576519964, -7.871114845559987, 0.0 ], [ 113.700541034677485, -7.87115849104498, 0.0 ], [ 113.700575983632461, -7.871194492320001, 0.0 ], [ 113.700680554719952, -7.871280118469997, 0.0 ], [ 113.700721358894953, -7.871312798284976, 0.0 ], [ 113.700816121275011, -7.871403257427517, 0.0 ], [ 113.700902500577513, -7.871454045152518, 0.0 ], [ 113.701112374877539, -7.871544875810002, 0.0 ], [ 113.701315101279988, -7.871572379484974, 0.0 ], [ 113.701460163027491, -7.871566003977478, 0.0 ], [ 113.701540789519981, -7.871542007972494, 0.0 ], [ 113.701671721667481, -7.871471532384987, 0.0 ], [ 113.701775119552508, -7.871457359320004, 0.0 ], [ 113.701930005277518, -7.871405163235011, 0.0 ], [ 113.702030610302472, -7.871288423510009, 0.0 ], [ 113.702076427077486, -7.871070614100006, 0.0 ], [ 113.70215513656251, -7.870926488577481, 0.0 ], [ 113.702252426802488, -7.870679783804974, 0.0 ], [ 113.702305131860044, -7.870613641139983, 0.0 ], [ 113.702168540325033, -7.870363583142478, 0.0 ], [ 113.702100861252461, -7.870269229559995, 0.0 ], [ 113.702282744044965, -7.870045410285002, 0.0 ], [ 113.702409048972527, -7.869917794732487, 0.0 ], [ 113.702501694022544, -7.869783933347492, 0.0 ], [ 113.702595391002546, -7.869675362165026, 0.0 ], [ 113.702640269935046, -7.869598473984979, 0.0 ], [ 113.702675884542487, -7.869452670432509, 0.0 ], [ 113.702727056175036, -7.869258023595023, 0.0 ], [ 113.702798508172464, -7.869132440032502, 0.0 ], [ 113.702914850782463, -7.869059996067506, 0.0 ], [ 113.703143304037553, -7.869047932420017, 0.0 ], [ 113.703233690725028, -7.869020519270009, 0.0 ], [ 113.70343039212753, -7.868921514677481, 0.0 ], [ 113.703529699085038, -7.868882843840026, 0.0 ], [ 113.703639854097446, -7.868836005835021, 0.0 ], [ 113.703862724322448, -7.868614869844976, 0.0 ], [ 113.703913471950045, -7.868494510059975, 0.0 ], [ 113.703933086664961, -7.868425394040003, 0.0 ], [ 113.70399980453999, -7.868323117427508, 0.0 ], [ 113.704196108887459, -7.86828516861749, 0.0 ], [ 113.704347772357551, -7.868308021692485, 0.0 ], [ 113.704435548540005, -7.868286495734992, 0.0 ], [ 113.704584960829948, -7.868346795617526, 0.0 ], [ 113.704683020925017, -7.868417586497515, 0.0 ], [ 113.704749987634955, -7.8685871482175, 0.0 ], [ 113.704755165524944, -7.868681790764981, 0.0 ], [ 113.704779822482465, -7.868849837447499, 0.0 ], [ 113.704855731022462, -7.868939795887513, 0.0 ], [ 113.704959499912547, -7.868948300770001, 0.0 ], [ 113.705042677619986, -7.868960241197499, 0.0 ], [ 113.705122075214945, -7.869000302142524, 0.0 ], [ 113.705190300465006, -7.86901348115498, 0.0 ], [ 113.705305790572538, -7.869108320947475, 0.0 ], [ 113.705401010195033, -7.869105416617515, 0.0 ], [ 113.705456259280027, -7.869146959860018, 0.0 ], [ 113.705543391372544, -7.869182123985013, 0.0 ], [ 113.705625870190033, -7.869261975750021, 0.0 ], [ 113.70565069243753, -7.869311148584984, 0.0 ], [ 113.705692818932448, -7.869370745804986, 0.0 ], [ 113.705845794840002, -7.869358041405007, 0.0 ] ] ] } },
{ "type": "Feature", "properties": { "NAMOBJ": "Jaringan Irigasi Primer", "REMARK": "DI Nangger" }, "geometry": { "type": "MultiLineString", "coordinates": [ [ [ 113.71813992042496, -7.762472279917517, 0.0 ], [ 113.718836371690031, -7.762376006432476, 0.0 ], [ 113.719504199034986, -7.761406970089979, 0.0 ], [ 113.720080033505042, -7.760978484777524, 0.0 ], [ 113.724831107159957, -7.75841128294752, 0.0 ], [ 113.726692943739977, -7.757488900662509, 0.0 ], [ 113.727388654790047, -7.756982928925026, 0.0 ], [ 113.727898537647548, -7.756575187255009, 0.0 ], [ 113.728283640019981, -7.756692840189999, 0.0 ] ] ] } },
{ "type": "Feature", "properties": { "NAMOBJ": "Jaringan Irigasi Sekunder", "REMARK": "DI Tunjang" }, "geometry": { "type": "MultiLineString", "coordinates": [ [ [ 113.708546069497515, -7.791534369527483, 0.0 ], [ 113.708527244402489, -7.791449578827496, 0.0 ], [ 113.708538342189968, -7.791418599754991, 0.0 ], [ 113.708519396720021, -7.791362241157515, 0.0 ], [ 113.708491109670035, -7.791279849642478, 0.0 ], [ 113.70846688749748, -7.791222706252483, 0.0 ], [ 113.708443008480003, -7.791133979695019, 0.0 ], [ 113.708424018992446, -7.791068303784982, 0.0 ], [ 113.708421868427536, -7.791008983940003, 0.0 ], [ 113.708450697159947, -7.790839170972504, 0.0 ], [ 113.708488130857518, -7.790673560457492, 0.0 ], [ 113.708540953592546, -7.790532658745008, 0.0 ], [ 113.708623178187509, -7.790323407454991, 0.0 ], [ 113.708630264097451, -7.790303067197499, 0.0 ], [ 113.708621642964999, -7.789607335870016, 0.0 ], [ 113.708627767680014, -7.789373451184986, 0.0 ], [ 113.708628370450015, -7.789334637872514, 0.0 ], [ 113.708614799600014, -7.789286134925021, 0.0 ], [ 113.708611672564984, -7.789266067574999, 0.0 ], [ 113.70863079949504, -7.789202733597506, 0.0 ], [ 113.708665651432511, -7.789149593912498, 0.0 ], [ 113.708680151140015, -7.78909717516251, 0.0 ], [ 113.708748412320006, -7.789007906979975, 0.0 ], [ 113.708775960057551, -7.788918171580008, 0.0 ], [ 113.708813559042483, -7.788876996587476, 0.0 ], [ 113.708822987759959, -7.788821993484987, 0.0 ], [ 113.708874760365006, -7.788743656987492, 0.0 ], [ 113.708908204642512, -7.788635496027496, 0.0 ], [ 113.708928084359968, -7.788533973097515, 0.0 ], [ 113.708952201429952, -7.788393186157521, 0.0 ], [ 113.70902330937497, -7.788153302932528, 0.0 ], [ 113.709086656772456, -7.787878540724989, 0.0 ] ] ] } },
{ "type": "Feature", "properties": { "NAMOBJ": "Jaringan Irigasi Sekunder", "REMARK": "DI Cengkir Manis" }, "geometry": { "type": "MultiLineString", "coordinates": [ [ [ 113.724412987207529, -7.751302763625006, 0.0 ], [ 113.724410604877448, -7.751097469662511, 0.0 ], [ 113.724333204234995, -7.750953560552489, 0.0 ], [ 113.724255757780043, -7.748609747057515, 0.0 ] ] ] } },
{ "type": "Feature", "properties": { "NAMOBJ": "Jaringan Irigasi Sekunder", "REMARK": "DI D. Krat 2" }, "geometry": { "type": "MultiLineString", "coordinates": [ [ [ 114.062181158192516, -7.698150831322494, 0.0 ], [ 114.062117853912468, -7.698356487989997, 0.0 ], [ 114.062103351512519, -7.698464536974996, 0.0 ], [ 114.062127009542451, -7.698671949202492, 0.0 ], [ 114.062126803827482, -7.698869466804979, 0.0 ], [ 114.062132202702514, -7.698984358740006, 0.0 ], [ 114.062128576205055, -7.699271691812498, 0.0 ], [ 114.062121415732463, -7.699555370090025, 0.0 ], [ 114.062122136182552, -7.699814188972482, 0.0 ], [ 114.062115409597482, -7.700233077640007, 0.0 ] ] ] } },
{ "type": "Feature", "properties": { "NAMOBJ": "Jaringan Irigasi Sekunder", "REMARK": "DI Sokon" }, "geometry": { "type": "MultiLineString", "coordinates": [ [ [ 113.690113729525024, -7.840986228897521, 0.0 ], [ 113.690194733307521, -7.840961404080019, 0.0 ], [ 113.690271325465005, -7.840940505597473, 0.0 ], [ 113.69042395102997, -7.840799784502508, 0.0 ], [ 113.690475139729983, -7.84072103875252, 0.0 ], [ 113.690511779314988, -7.840678926030023, 0.0 ], [ 113.690529160817505, -7.840620834172512, 0.0 ], [ 113.690560760854964, -7.84054809477999, 0.0 ], [ 113.690612731987471, -7.840517579450022, 0.0 ], [ 113.690644983302491, -7.840479376650023, 0.0 ], [ 113.690646765560018, -7.8404462191275, 0.0 ], [ 113.690660871804994, -7.840417866847474, 0.0 ], [ 113.690688874087527, -7.840411862352482, 0.0 ], [ 113.69073061430754, -7.840399931852517, 0.0 ], [ 113.690777805505036, -7.840395771875023, 0.0 ], [ 113.690864318657532, -7.840299756549996, 0.0 ], [ 113.691126802789995, -7.840126354584982, 0.0 ], [ 113.691266749529973, -7.840073549015017, 0.0 ], [ 113.691361718524945, -7.84000268343749, 0.0 ], [ 113.691403255725049, -7.839933496282526, 0.0 ], [ 113.691427672832447, -7.839873807344986, 0.0 ], [ 113.691557253015048, -7.839841671152499, 0.0 ], [ 113.69164722468247, -7.839833648740012, 0.0 ], [ 113.691715075332468, -7.839806932927502, 0.0 ], [ 113.691755243499983, -7.839742581152507, 0.0 ], [ 113.691711036507513, -7.839665779595009, 0.0 ], [ 113.691672363135012, -7.839549158077489, 0.0 ], [ 113.691641188900007, -7.839436055862507, 0.0 ], [ 113.691600771000026, -7.839319141440001, 0.0 ], [ 113.691575989177522, -7.839198332672481, 0.0 ], [ 113.691600555404989, -7.839065648235021, 0.0 ], [ 113.691621313675, -7.838962630269975, 0.0 ], [ 113.691625827710027, -7.838942395400011, 0.0 ], [ 113.691610472807497, -7.838822009307478, 0.0 ], [ 113.691631032547548, -7.838676187982514, 0.0 ], [ 113.691602081642486, -7.838618909587524, 0.0 ], [ 113.691590028049973, -7.838487015702526, 0.0 ], [ 113.691586815672508, -7.838403968047487, 0.0 ], [ 113.691676286079996, -7.838312133205022, 0.0 ], [ 113.691673426742454, -7.838194231580019, 0.0 ], [ 113.691641665007523, -7.83815216656501, 0.0 ], [ 113.691626427784968, -7.838062987650005, 0.0 ], [ 113.691605700057494, -7.837942411054996, 0.0 ] ] ] } },
{ "type": "Feature", "properties": { "NAMOBJ": "Jaringan Irigasi Sekunder", "REMARK": "DI Siguwo 1" }, "geometry": { "type": "MultiLineString", "coordinates": [ [ [ 113.929731988735057, -7.757650826527481, 0.0 ], [ 113.929797415730036, -7.757661458067503, 0.0 ], [ 113.929819021112507, -7.757650008014991, 0.0 ], [ 113.929852833700011, -7.757570665219987, 0.0 ], [ 113.929868971932478, -7.757504275372526, 0.0 ], [ 113.929885330255047, -7.757436980337502, 0.0 ], [ 113.929790653212535, -7.757338348255018, 0.0 ], [ 113.929755184132546, -7.757258402352477, 0.0 ], [ 113.929610790729953, -7.757105706565028, 0.0 ], [ 113.929517947152476, -7.757031838862474, 0.0 ], [ 113.929423480314995, -7.75698016952748, 0.0 ], [ 113.929292516727514, -7.756905332774977, 0.0 ], [ 113.929230560819974, -7.756859830119993, 0.0 ], [ 113.929173632785023, -7.756793449509985, 0.0 ], [ 113.92911051086503, -7.756686236439975, 0.0 ], [ 113.929104831714994, -7.756580126607503, 0.0 ], [ 113.929147166620055, -7.756497905989988, 0.0 ], [ 113.929256718862462, -7.756412897707492, 0.0 ], [ 113.929539523785024, -7.756288018785028, 0.0 ], [ 113.92958277766752, -7.756232545340026, 0.0 ], [ 113.929606872280033, -7.756075989137514, 0.0 ], [ 113.929866385682544, -7.755890107182495, 0.0 ], [ 113.93002652026496, -7.755763114155002, 0.0 ], [ 113.930140954852504, -7.755678961027513, 0.0 ], [ 113.930450766725016, -7.755437922535009, 0.0 ], [ 113.930546789442474, -7.755266237452474, 0.0 ], [ 113.930566000812519, -7.7551392017225, 0.0 ], [ 113.930679251422475, -7.75497338227251, 0.0 ], [ 113.930944155614952, -7.754888060392489, 0.0 ], [ 113.930986439315006, -7.754862127304989, 0.0 ], [ 113.930982860427548, -7.754755392859977, 0.0 ], [ 113.930974434230052, -7.754710583017527, 0.0 ], [ 113.931012775224985, -7.754654247467499, 0.0 ], [ 113.931076605017552, -7.754603364077525, 0.0 ], [ 113.931121804650047, -7.754590004255022, 0.0 ], [ 113.931139053200013, -7.754559521492524, 0.0 ], [ 113.931150875927528, -7.754502811839984, 0.0 ], [ 113.931138858267445, -7.7544265876125, 0.0 ], [ 113.931140403370023, -7.754372338060023, 0.0 ], [ 113.931175725124945, -7.754299245532479, 0.0 ], [ 113.931244926845011, -7.754253373592519, 0.0 ], [ 113.931310046617455, -7.75420454883249, 0.0 ], [ 113.931383783030014, -7.75415119446501, 0.0 ], [ 113.931471875420016, -7.754114694755003, 0.0 ], [ 113.931586819352447, -7.754062705485012, 0.0 ], [ 113.931742347372506, -7.75393863479502, 0.0 ], [ 113.931893348782523, -7.753787628290013, 0.0 ], [ 113.931966767192534, -7.753736955787474, 0.0 ], [ 113.932044673584983, -7.753725049592504, 0.0 ], [ 113.93209969359998, -7.753696534222513, 0.0 ], [ 113.932131006175041, -7.753678345522474, 0.0 ], [ 113.932243682760031, -7.753586976817473, 0.0 ], [ 113.932287820582474, -7.753540291012484, 0.0 ], [ 113.932366058455045, -7.753506198505022, 0.0 ], [ 113.932432197815046, -7.753451361424993, 0.0 ], [ 113.932447424259976, -7.753342019430022, 0.0 ], [ 113.932495139174989, -7.753269193522499, 0.0 ], [ 113.932566940617448, -7.753184524410017, 0.0 ], [ 113.932582318875006, -7.753101907505027, 0.0 ], [ 113.932605048947494, -7.752955773989981, 0.0 ], [ 113.932644487682524, -7.752809473537525, 0.0 ], [ 113.932664567725055, -7.752730402639997, 0.0 ], [ 113.932670277417515, -7.752643635819993, 0.0 ], [ 113.932668249919971, -7.752555430022483, 0.0 ], [ 113.932799178474966, -7.752014905390013, 0.0 ], [ 113.93285470603746, -7.751815891742524, 0.0 ], [ 113.932938205339951, -7.751543051572526, 0.0 ], [ 113.932993949397542, -7.751298213967516, 0.0 ], [ 113.933017494239948, -7.751256411124984, 0.0 ], [ 113.933142465167521, -7.751220879807477, 0.0 ], [ 113.933349171107466, -7.751221482962478, 0.0 ], [ 113.933433074654999, -7.751207065672475, 0.0 ], [ 113.933499874277459, -7.751146390794986, 0.0 ], [ 113.933553089574957, -7.751080071285003, 0.0 ], [ 113.933618100652552, -7.750951381537504, 0.0 ], [ 113.933845371725056, -7.750836609970008, 0.0 ], [ 113.933971514054974, -7.750790650802514, 0.0 ], [ 113.934073231192542, -7.750718329017502, 0.0 ], [ 113.934155325532515, -7.750634914157501, 0.0 ], [ 113.934195052627501, -7.750561066725027, 0.0 ], [ 113.934205021232515, -7.750461052882486, 0.0 ], [ 113.934170722657541, -7.750304985125013, 0.0 ], [ 113.934154259232514, -7.75017718345498, 0.0 ], [ 113.93416876073502, -7.750024197260018, 0.0 ], [ 113.934182342365034, -7.749746113265019, 0.0 ], [ 113.934184784885019, -7.74955699653998, 0.0 ], [ 113.934205675205021, -7.749369120874974, 0.0 ], [ 113.934233758337541, -7.749166393729979, 0.0 ], [ 113.934249380040001, -7.749012783755006, 0.0 ], [ 113.934363600830011, -7.748552476097473, 0.0 ], [ 113.934398690819989, -7.748269982120007, 0.0 ], [ 113.934443623652555, -7.747984922432522, 0.0 ], [ 113.934488123497545, -7.747796775529991, 0.0 ], [ 113.934562267745036, -7.74735513026252, 0.0 ] ] ] } },
{ "type": "Feature", "properties": { "NAMOBJ": "Jaringan Irigasi Sekunder", "REMARK": "DI Kalorkoran" }, "geometry": { "type": "MultiLineString", "coordinates": [ [ [ 114.31182965552, -7.773400670777505, 0.0 ], [ 114.311795000314987, -7.77330399972999, 0.0 ], [ 114.311746000807489, -7.773140000192484, 0.0 ], [ 114.311669000814959, -7.772899999535014, 0.0 ], [ 114.311610000365022, -7.772709000152474, 0.0 ], [ 114.311589000449999, -7.772588000247481, 0.0 ], [ 114.311591000099952, -7.772582999572478, 0.0 ], [ 114.311584000427501, -7.772485000062488, 0.0 ], [ 114.311589000449999, -7.772479000167493, 0.0 ], [ 114.311591999924985, -7.772468999732496, 0.0 ], [ 114.311593999575052, -7.772368999980017, 0.0 ], [ 114.311589000449999, -7.772184999945011, 0.0 ], [ 114.311588000624965, -7.772030000207508, 0.0 ], [ 114.311589000449999, -7.772033000610008, 0.0 ], [ 114.311586999902488, -7.772018999652516, 0.0 ], [ 114.311586999902488, -7.771997999587484, 0.0 ], [ 114.31158199987749, -7.771968000147524, 0.0 ], [ 114.311586999902488, -7.771923999755018, 0.0 ], [ 114.311596000122449, -7.771721000125012, 0.0 ], [ 114.311596999947483, -7.771556000144983, 0.0 ], [ 114.311596999947483, -7.771321000114995, 0.0 ], [ 114.311600000320027, -7.771087000345005, 0.0 ], [ 114.311594999399972, -7.770978000645016, 0.0 ], [ 114.311606000167444, -7.770740999754992, 0.0 ], [ 114.311647000174958, -7.770534999380004, 0.0 ], [ 114.31165899987252, -7.770434999159988, 0.0 ], [ 114.311661000420031, -7.770454999932497, 0.0 ], [ 114.311670999567468, -7.770346999607511, 0.0 ], [ 114.311714000122493, -7.770098000255018, 0.0 ], [ 114.311718000319956, -7.770014000374999, 0.0 ], [ 114.31173699968997, -7.769980000557496, 0.0 ], [ 114.311755000130006, -7.769821000190007, 0.0 ], [ 114.311766000002535, -7.769697999927473, 0.0 ], [ 114.311771000025033, -7.76970299965501, 0.0 ], [ 114.311784000442458, -7.769690000727508, 0.0 ], [ 114.311817999879963, -7.769459000399991, 0.0 ], [ 114.311858000062443, -7.769186999552517, 0.0 ], [ 114.311845999470052, -7.769072999697528, 0.0 ], [ 114.311845999470052, -7.768832000264979, 0.0 ], [ 114.311825999377447, -7.768624999762494, 0.0 ], [ 114.311818999704997, -7.768403000220019, 0.0 ], [ 114.311791999940056, -7.768211000880001, 0.0 ], [ 114.311767000725013, -7.768055999834985, 0.0 ], [ 114.311760999977537, -7.768066000164993, 0.0 ], [ 114.311759000329971, -7.768062999792505, 0.0 ], [ 114.311760000152503, -7.768046000417485, 0.0 ], [ 114.31177699987245, -7.768046999627472, 0.0 ], [ 114.311771999849952, -7.767962000022521, 0.0 ], [ 114.311747999559998, -7.767831000212482, 0.0 ], [ 114.311760999977537, -7.767823999345012, 0.0 ], [ 114.311755000130006, -7.767818000427496, 0.0 ], [ 114.311752999582495, -7.767704999234979, 0.0 ], [ 114.311731999667472, -7.767441999687492, 0.0 ], [ 114.311710999749948, -7.767178999387511, 0.0 ], [ 114.311722000520035, -7.766970999554985, 0.0 ], [ 114.311734000214983, -7.766902000282528, 0.0 ], [ 114.311743000434944, -7.766894000222521, 0.0 ], [ 114.311772999674986, -7.766838999925028, 0.0 ], [ 114.311853000039946, -7.766651999147484, 0.0 ], [ 114.311921000709958, -7.766494000127523, 0.0 ], [ 114.311979000437532, -7.766323999719987, 0.0 ], [ 114.312059999729968, -7.766143000797513, 0.0 ], [ 114.312120999827471, -7.765956999529976, 0.0 ], [ 114.312185000300019, -7.765729000645024, 0.0 ], [ 114.312244999677546, -7.765514999890001, 0.0 ], [ 114.312287000407537, -7.765341000310002, 0.0 ], [ 114.312335000090002, -7.765164000444997, 0.0 ], [ 114.312332958217553, -7.76516108313001, 0.0 ] ] ] } },
{ "type": "Feature", "properties": { "NAMOBJ": "Jaringan Irigasi Sekunder", "REMARK": "DI Kedawung" }, "geometry": { "type": "MultiLineString", "coordinates": [ [ [ 113.806438366905013, -7.790058013204998, 0.0 ], [ 113.806544855895027, -7.789869771295002, 0.0 ], [ 113.806639240085019, -7.789743191689979, 0.0 ], [ 113.806622618557526, -7.789624800592492, 0.0 ], [ 113.806734498335004, -7.789476087645028, 0.0 ], [ 113.806780887337482, -7.789311797227526, 0.0 ], [ 113.806843157654953, -7.789183568777503, 0.0 ], [ 113.806938187732499, -7.789040454580004, 0.0 ], [ 113.806974633282493, -7.788880985415005, 0.0 ], [ 113.806947486194986, -7.788822909700002, 0.0 ], [ 113.806879455879994, -7.788679123062479, 0.0 ], [ 113.806858779357526, -7.788442343312511, 0.0 ], [ 113.806861141924969, -7.788295783515025, 0.0 ], [ 113.806827915040003, -7.788190604017473, 0.0 ], [ 113.806827743462463, -7.788048051377473, 0.0 ], [ 113.806864964257556, -7.787846663947505, 0.0 ], [ 113.806924663597556, -7.787678398110017, 0.0 ], [ 113.806925815237491, -7.787511706512475, 0.0 ], [ 113.80687563354752, -7.787428499902489, 0.0 ], [ 113.806742649647504, -7.787326358539985, 0.0 ], [ 113.806572259900008, -7.787286605472502, 0.0 ], [ 113.806555736289965, -7.78717465318249, 0.0 ], [ 113.806461502117486, -7.786939956727508, 0.0 ], [ 113.806276943242551, -7.78679729955752, 0.0 ], [ 113.806224246269949, -7.786700230359997, 0.0 ], [ 113.806230220067505, -7.786623535947513, 0.0 ], [ 113.806284606769964, -7.786518178910001, 0.0 ], [ 113.806241769707526, -7.786441524682516, 0.0 ], [ 113.806207497182527, -7.786372836212479, 0.0 ], [ 113.806181053475029, -7.786265663239988, 0.0 ], [ 113.806114983285056, -7.786199390345018, 0.0 ], [ 113.806047277262451, -7.78614346589751, 0.0 ] ] ] } },
{ "type": "Feature", "properties": { "NAMOBJ": "Jaringan Irigasi Sekunder", "REMARK": "DI Kalorkoran" }, "geometry": { "type": "MultiLineString", "coordinates": [ [ [ 114.308369999917545, -7.781755999647487, 0.0 ], [ 114.308409000277493, -7.781777000187503, 0.0 ], [ 114.308424000344985, -7.781777000187503, 0.0 ], [ 114.308436999864966, -7.781772000320018, 0.0 ], [ 114.308462999804988, -7.781757999960007, 0.0 ], [ 114.308445000262509, -7.781737000332498, 0.0 ], [ 114.308446000085041, -7.781738999732511, 0.0 ], [ 114.308425000170018, -7.781713999480019, 0.0 ], [ 114.308483999720011, -7.781712000082507, 0.0 ], [ 114.308510000557476, -7.781677000097488, 0.0 ], [ 114.308570999760036, -7.781655999562474, 0.0 ], [ 114.30861500013998, -7.781640999962519, 0.0 ], [ 114.308667000020023, -7.781566000145006, 0.0 ], [ 114.308761000627555, -7.781492999737509, 0.0 ], [ 114.308908999867526, -7.781350000340012, 0.0 ], [ 114.30896400012, -7.781293999870002, 0.0 ], [ 114.309111000432495, -7.781196000199998, 0.0 ], [ 114.309265000420055, -7.78112199970252, 0.0 ], [ 114.309393999392455, -7.781043999512519, 0.0 ], [ 114.309460000412514, -7.780927999862513, 0.0 ], [ 114.309503000069981, -7.780826000575018, 0.0 ], [ 114.309508999917512, -7.780779999884999, 0.0 ], [ 114.309530999659955, -7.780616999480003, 0.0 ], [ 114.309534999857533, -7.780460999294974, 0.0 ], [ 114.309564999995018, -7.780438999577484, 0.0 ], [ 114.309527999287525, -7.780335000100024, 0.0 ], [ 114.309513999940009, -7.780275000062488, 0.0 ], [ 114.309518000139974, -7.780234000192479, 0.0 ], [ 114.309500000594994, -7.78013499970001, 0.0 ], [ 114.309514999765042, -7.780057999842484, 0.0 ], [ 114.309508000092478, -7.780100999997501, 0.0 ], [ 114.309516000490021, -7.780063000602524, 0.0 ], [ 114.309517000315054, -7.779931999852522, 0.0 ], [ 114.309562000520032, -7.779762999772515, 0.0 ], [ 114.30959099993504, -7.779672000597486, 0.0 ], [ 114.309604999280054, -7.779602000052478, 0.0 ], [ 114.309581000787489, -7.779588999915006, 0.0 ], [ 114.309559000147487, -7.779580000380008, 0.0 ], [ 114.309549999925025, -7.779572000085011, 0.0 ], [ 114.309539000054997, -7.779549999499977, 0.0 ], [ 114.309522000337552, -7.779505000009976, 0.0 ], [ 114.309505999544967, -7.779400999844995, 0.0 ], [ 114.309502000244947, -7.779354000067485, 0.0 ], [ 114.309500000594994, -7.779307999534979, 0.0 ], [ 114.309512000290056, -7.779210999555005, 0.0 ], [ 114.309538000229963, -7.779113999599986, 0.0 ], [ 114.309566999644971, -7.779015999515025, 0.0 ], [ 114.309585999910041, -7.778917000215017, 0.0 ], [ 114.309602000702512, -7.778901999797483, 0.0 ], [ 114.309622999719977, -7.778763999269984, 0.0 ], [ 114.309640000337481, -7.778735000419999, 0.0 ], [ 114.309692000215023, -7.778679000287525, 0.0 ], [ 114.309680000519961, -7.778548999194982, 0.0 ], [ 114.309699999715008, -7.778482000190024, 0.0 ], [ 114.309689999667512, -7.778434999602496, 0.0 ], [ 114.309748000292529, -7.778216999247491, 0.0 ], [ 114.309757000512491, -7.778202999914981, 0.0 ], [ 114.309770999860007, -7.778152000590012, 0.0 ], [ 114.30979500014746, -7.778150000295, 0.0 ], [ 114.309821999912515, -7.778033000364985, 0.0 ], [ 114.30979899944748, -7.777990999650001, 0.0 ], [ 114.30985200005, -7.777781999930028, 0.0 ], [ 114.309903999927542, -7.777634000119974, 0.0 ], [ 114.309955999807471, -7.777454000244973, 0.0 ], [ 114.310021000105053, -7.777431000534989, 0.0 ], [ 114.310024000477483, -7.777397999367508, 0.0 ], [ 114.310011000057443, -7.777334000067526, 0.0 ], [ 114.310042999844995, -7.777309000072478, 0.0 ], [ 114.310071999260003, -7.777299999672493, 0.0 ], [ 114.310074999632548, -7.777276000740017, 0.0 ], [ 114.310090999524959, -7.777154000320024, 0.0 ], [ 114.310098999922502, -7.777066999540011, 0.0 ], [ 114.310147000500024, -7.777009999480015, 0.0 ], [ 114.310129999885021, -7.777028999499976, 0.0 ], [ 114.310187000685005, -7.77685199939998, 0.0 ], [ 114.310205000227484, -7.776828000490013, 0.0 ], [ 114.310249999535017, -7.776728999869988, 0.0 ], [ 114.310288000067544, -7.776739999632525, 0.0 ], [ 114.310308999984954, -7.77672600034748, 0.0 ], [ 114.310297000287505, -7.776707000342526, 0.0 ], [ 114.310273, -7.776692000002527, 0.0 ], [ 114.310266999252462, -7.776596000757479, 0.0 ], [ 114.310284999695, -7.776543999652517, 0.0 ], [ 114.310277000197516, -7.776569999747494, 0.0 ], [ 114.310286999344953, -7.776550000517489, 0.0 ], [ 114.310276000372482, -7.776452000104996, 0.0 ], [ 114.310282000220013, -7.776259999917499, 0.0 ], [ 114.310290999542531, -7.776245999735011, 0.0 ], [ 114.310303000137537, -7.776081999990026, 0.0 ], [ 114.310327999352467, -7.77601799997251, 0.0 ], [ 114.310326999527547, -7.775962000195022, 0.0 ], [ 114.310309999809988, -7.775931000334992, 0.0 ], [ 114.31030499978749, -7.775907999794981, 0.0 ], [ 114.310288000067544, -7.77591899953751, 0.0 ], [ 114.310302000312504, -7.775771000367513, 0.0 ], [ 114.310284999695, -7.775738000237482, 0.0 ], [ 114.31032499987748, -7.775655000312497, 0.0 ], [ 114.310346999620037, -7.77562199928002, 0.0 ], [ 114.310329000074944, -7.775585999649991, 0.0 ], [ 114.310331999550044, -7.775565999552498, 0.0 ], [ 114.310305999610023, -7.77557900048248, 0.0 ], [ 114.310309999809988, -7.775391999567489, 0.0 ], [ 114.31033800029752, -7.775183000195, 0.0 ], [ 114.310358000387509, -7.7751579994125, 0.0 ], [ 114.310345999795004, -7.775139999615021, 0.0 ], [ 114.310345999795004, -7.775095999812493, 0.0 ], [ 114.310356215435036, -7.775025277282509, 0.0 ] ] ] } },
{ "type": "Feature", "properties": { "NAMOBJ": "Jaringan Irigasi Sekunder", "REMARK": "DI Jenuh" }, "geometry": { "type": "MultiLineString", "coordinates": [ [ [ 113.72127999946747, -7.787259000444976, 0.0 ], [ 113.721182999382449, -7.786999999672503, 0.0 ], [ 113.721128999854955, -7.786885999667504, 0.0 ], [ 113.721127233767447, -7.786801881529982, 0.0 ], [ 113.72112236220255, -7.786569847219994, 0.0 ], [ 113.721121000357471, -7.786504999700014, 0.0 ], [ 113.721154999794976, -7.786327000102517, 0.0 ], [ 113.720979999892506, -7.786290999577488, 0.0 ] ] ] } },
{ "type": "Feature", "properties": { "NAMOBJ": "Jaringan Irigasi Sekunder", "REMARK": "DI Macan" }, "geometry": { "type": "MultiLineString", "coordinates": [ [ [ 114.122712241760041, -7.719455603580002, 0.0 ], [ 114.12268499945003, -7.719457000495026, 0.0 ], [ 114.122582999342512, -7.719624999804978, 0.0 ], [ 114.122465999167503, -7.719737000292525, 0.0 ], [ 114.122465999167503, -7.7197860000025, 0.0 ], [ 114.122464000414993, -7.719804000229999, 0.0 ], [ 114.122513999747525, -7.719861000052504, 0.0 ], [ 114.122492000004968, -7.719989999912514, 0.0 ], [ 114.122468999540047, -7.720063999984973, 0.0 ], [ 114.122414000187518, -7.720205000069996, 0.0 ], [ 114.122369999807461, -7.720325999920021, 0.0 ], [ 114.122331459385009, -7.720330188847527, 0.0 ] ] ] } },
{ "type": "Feature", "properties": { "NAMOBJ": "Jaringan Irigasi Primer", "REMARK": "DI Banyuputih" }, "geometry": { "type": "MultiLineString", "coordinates": [ [ [ 114.234245424417509, -7.765374889345026, 0.0 ], [ 114.234553376777512, -7.764250348357507, 0.0 ], [ 114.234801549849976, -7.76289249114501, 0.0 ], [ 114.234983615002534, -7.762541056740019, 0.0 ], [ 114.235358476580018, -7.762029510037507, 0.0 ], [ 114.235463230922505, -7.761587924137473, 0.0 ], [ 114.235732096687457, -7.759874394439976, 0.0 ], [ 114.236008825404951, -7.75787403690498, 0.0 ], [ 114.23609392191247, -7.757689315787502, 0.0 ], [ 114.23650582103005, -7.757010661587515, 0.0 ], [ 114.23653698987755, -7.756825590439973, 0.0 ], [ 114.236502404737507, -7.756616184874986, 0.0 ], [ 114.236545598432485, -7.756425213687521, 0.0 ], [ 114.237286534267469, -7.753991577605007, 0.0 ], [ 114.238004960119952, -7.751577314557494, 0.0 ], [ 114.235777775120027, -7.751101414339985, 0.0 ], [ 114.233557782932508, -7.750743813825011, 0.0 ], [ 114.23356410886754, -7.74757387968998, 0.0 ], [ 114.234278054822539, -7.741920561407483, 0.0 ], [ 114.235271383117492, -7.736610236877482, 0.0 ], [ 114.233903972982489, -7.736315288380013, 0.0 ], [ 114.233522304867506, -7.736037890235025, 0.0 ], [ 114.233452121292544, -7.73577446467749, 0.0 ], [ 114.233612732877532, -7.735034411255015, 0.0 ], [ 114.234358831332543, -7.729959154947494, 0.0 ], [ 114.234413015014979, -7.727772823110001, 0.0 ] ] ] } },
{ "type": "Feature", "properties": { "NAMOBJ": "Jaringan Irigasi Sekunder", "REMARK": "DI Kembang 2" }, "geometry": { "type": "MultiLineString", "coordinates": [ [ [ 113.813342999639985, -7.783852999924989, 0.0 ], [ 113.813310999852547, -7.783829999872523, 0.0 ], [ 113.813236000407528, -7.78384699987248, 0.0 ], [ 113.813136999774997, -7.783861000300021, 0.0 ], [ 113.813059999782467, -7.783838000247499, 0.0 ], [ 113.812985000337449, -7.783816999607495, 0.0 ], [ 113.812895999750026, -7.783781000205011, 0.0 ], [ 113.812869999810005, -7.783776999560018, 0.0 ] ] ] } },
{ "type": "Feature", "properties": { "NAMOBJ": "Jaringan Irigasi Sekunder", "REMARK": "DI Gadingan" }, "geometry": { "type": "MultiLineString", "coordinates": [ [ [ 114.19604999997, -7.730171000259986, 0.0 ], [ 114.196071999712444, -7.730100000397499, 0.0 ], [ 114.1960279993325, -7.729980999717498, 0.0 ], [ 114.196005000664968, -7.729879999717525, 0.0 ], [ 114.196015999635051, -7.729715000194972, 0.0 ], [ 114.19600999978752, -7.72967400056001, 0.0 ], [ 114.195993999894995, -7.729611000149987, 0.0 ], [ 114.195993999894995, -7.729559000137499, 0.0 ], [ 114.195993999894995, -7.729483999322497, 0.0 ], [ 114.195993999894995, -7.729455000129974, 0.0 ], [ 114.195983000024967, -7.729397999962487, 0.0 ], [ 114.19597700017755, -7.729325000157473, 0.0 ], [ 114.19597099942996, -7.72925599959251, 0.0 ], [ 114.19596999960504, -7.729152999692474, 0.0 ], [ 114.19594999951255, -7.729084000064972, 0.0 ], [ 114.195945000389997, -7.729004000077509, 0.0 ], [ 114.195944000564964, -7.728934000440006, 0.0 ], [ 114.195921999924963, -7.728882999630002, 0.0 ], [ 114.195915000252512, -7.728793000254996, 0.0 ], [ 114.195911999879968, -7.728732000039997, 0.0 ], [ 114.195931000145038, -7.728708000152494, 0.0 ], [ 114.195937999817488, -7.728674999967495, 0.0 ], [ 114.195937999817488, -7.728607999569988, 0.0 ], [ 114.195928999597527, -7.728360999679978, 0.0 ], [ 114.195921999924963, -7.728330999620027, 0.0 ], [ 114.195924000472473, -7.728305000600017, 0.0 ], [ 114.195927000845018, -7.728242000390026, 0.0 ], [ 114.195936999992455, -7.728089000047476, 0.0 ], [ 114.195944000564964, -7.727987999575021, 0.0 ], [ 114.195946000215031, -7.727787999680004, 0.0 ] ] ] } },
{ "type": "Feature", "properties": { "NAMOBJ": "Jaringan Irigasi Sekunder", "REMARK": "DI Cangkring" }, "geometry": { "type": "MultiLineString", "coordinates": [ [ [ 114.082053999724963, -7.721453999832477, 0.0 ], [ 114.082028999609975, -7.721485000347514, 0.0 ], [ 114.081997999647456, -7.721484000330008, 0.0 ], [ 114.081934999897499, -7.721448999747508, 0.0 ], [ 114.081908000134945, -7.721427000297524, 0.0 ], [ 114.081857000080049, -7.72137100028749, 0.0 ], [ 114.081810000225005, -7.721283999782486, 0.0 ], [ 114.081774000239989, -7.721201000270014, 0.0 ], [ 114.081744999927537, -7.721156999567484, 0.0 ], [ 114.081738000254973, -7.721123999957513, 0.0 ], [ 114.081734000057509, -7.721107999704998, 0.0 ], [ 114.081698000072493, -7.721050999719978, 0.0 ], [ 114.081682000177466, -7.721038000429985, 0.0 ], [ 114.081635000322535, -7.720980000440022, 0.0 ], [ 114.081590000117444, -7.720896000057508, 0.0 ], [ 114.081586999742512, -7.720815999752517, 0.0 ], [ 114.081518000147526, -7.72072100015248, 0.0 ], [ 114.08144899965248, -7.720640999880004, 0.0 ], [ 114.081425000259969, -7.720580999912499, 0.0 ], [ 114.081356999589957, -7.720420000332524, 0.0 ], [ 114.081318000129954, -7.720367999597499, 0.0 ], [ 114.081277999947474, -7.720312999739974, 0.0 ], [ 114.081231000092544, -7.720258999900011, 0.0 ], [ 114.081111000440046, -7.720168999577481, 0.0 ], [ 114.081129999809946, -7.720143000137512, 0.0 ], [ 114.081102000219971, -7.720110999702513, 0.0 ], [ 114.081015000182447, -7.720027000402524, 0.0 ], [ 114.080924999769991, -7.719928000009986, 0.0 ], [ 114.080845000302475, -7.719838999767489, 0.0 ], [ 114.080832999707468, -7.719789000040009, 0.0 ], [ 114.080826000035017, -7.719766999759997, 0.0 ], [ 114.08078400020247, -7.719736000280022, 0.0 ], [ 114.080774999982509, -7.719715000015015, 0.0 ], [ 114.080774000157476, -7.719672000387504, 0.0 ], [ 114.080786999677457, -7.719584000209977, 0.0 ], [ 114.080790999875035, -7.719562999952473, 0.0 ], [ 114.080805000119994, -7.719430000172508, 0.0 ], [ 114.080815000164989, -7.719422000077486, 0.0 ], [ 114.0807239999275, -7.719396999779974, 0.0 ], [ 114.080620999994949, -7.719391999720017, 0.0 ], [ 114.080481000254963, -7.719377999554979, 0.0 ], [ 114.080420000154959, -7.719351000150027, 0.0 ], [ 114.080313999849977, -7.719250999899998, 0.0 ], [ 114.080277999864961, -7.719220999554977, 0.0 ], [ 114.080144999795039, -7.719147999637528, 0.0 ], [ 114.080107000159956, -7.719122000257528, 0.0 ], [ 114.080024000320009, -7.719090999910009, 0.0 ], [ 114.079902999945034, -7.719057999544987, 0.0 ], [ 114.079816999732543, -7.719053000402482, 0.0 ], [ 114.079759000004969, -7.719039000247506, 0.0 ], [ 114.07975800018005, -7.719043000290014, 0.0 ], [ 114.079753999982472, -7.719044000302517, 0.0 ], [ 114.079748999959975, -7.719033000179991, 0.0 ] ] ] } },
{ "type": "Feature", "properties": { "NAMOBJ": "Jaringan Irigasi Sekunder", "REMARK": "DI Sbr. Sarbu" }, "geometry": { "type": "MultiLineString", "coordinates": [ [ [ 114.063379508985008, -7.717451534917473, 0.0 ], [ 114.063619047449947, -7.717500506085003, 0.0 ], [ 114.063648679277549, -7.717368852747484, 0.0 ], [ 114.064090997147446, -7.717348785997501, 0.0 ], [ 114.064144936487537, -7.717196797712518, 0.0 ], [ 114.064438425972526, -7.717235193959993, 0.0 ], [ 114.064524070452535, -7.717085006822515, 0.0 ], [ 114.064941532837452, -7.71707472938499, 0.0 ], [ 114.065356653312506, -7.716931902749991, 0.0 ], [ 114.065400288977457, -7.71688765703999, 0.0 ], [ 114.065505628122537, -7.716086154740026, 0.0 ], [ 114.065754028469996, -7.716094266087509, 0.0 ], [ 114.065808742157515, -7.715916629422509, 0.0 ], [ 114.065991536742445, -7.7159048666025, 0.0 ], [ 114.065933007010017, -7.715216032410012, 0.0 ], [ 114.06600055941999, -7.71414994740752, 0.0 ], [ 114.065984081622446, -7.714035889055026, 0.0 ] ] ] } },
{ "type": "Feature", "properties": { "NAMOBJ": "Jaringan Irigasi Sekunder", "REMARK": "DI Sekolahan 1" }, "geometry": { "type": "MultiLineString", "coordinates": [ [ [ 113.794038596747555, -7.772111051182492, 0.0 ], [ 113.794086683564956, -7.771921523147512, 0.0 ], [ 113.79409162340005, -7.771845673632527, 0.0 ], [ 113.794055033222548, -7.771695309670008, 0.0 ], [ 113.793978803982554, -7.771532940522491, 0.0 ], [ 113.793922379005039, -7.771456290785011, 0.0 ], [ 113.793900593959961, -7.771373351000022, 0.0 ], [ 113.793875700745048, -7.771328589619998, 0.0 ], [ 113.793825322325006, -7.771276413944975, 0.0 ], [ 113.793733192007494, -7.771219136329989, 0.0 ], [ 113.793632091115001, -7.771163059609989, 0.0 ], [ 113.79357322990495, -7.771102047030013, 0.0 ], [ 113.793512745437511, -7.770990708515001, 0.0 ], [ 113.793485687282555, -7.770913202009979, 0.0 ], [ 113.793444578579965, -7.77079654624248, 0.0 ], [ 113.793407064932467, -7.770688681799982, 0.0 ], [ 113.79340503833248, -7.770596924407528, 0.0 ], [ 113.793345265332505, -7.770494397384994, 0.0 ], [ 113.793260589235047, -7.770487582632484, 0.0 ], [ 113.79317993848997, -7.770447101097488, 0.0 ], [ 113.793119139612486, -7.770360154597483, 0.0 ], [ 113.792999526237509, -7.770230214414994, 0.0 ], [ 113.79291504866751, -7.770026178039984, 0.0 ], [ 113.792896479592514, -7.769944153789993, 0.0 ], [ 113.792860458047471, -7.769922213924985, 0.0 ], [ 113.792705651374945, -7.769922588060012, 0.0 ], [ 113.7925703174825, -7.769884290252492, 0.0 ], [ 113.792524001245056, -7.769894050632502, 0.0 ], [ 113.79246745678995, -7.769875137617476, 0.0 ] ] ] } },
{ "type": "Feature", "properties": { "NAMOBJ": "Jaringan Irigasi Sekunder", "REMARK": "DI Menteng" }, "geometry": { "type": "MultiLineString", "coordinates": [ [ [ 113.792830715727519, -7.734419066517489, 0.0 ], [ 113.793054254300046, -7.734313329862516, 0.0 ], [ 113.793346062137516, -7.734150982969993, 0.0 ], [ 113.793382418754959, -7.734090487499998, 0.0 ], [ 113.793227433317497, -7.733782398702488, 0.0 ], [ 113.793007127782516, -7.733363335332513, 0.0 ], [ 113.793015953729991, -7.733320917407525, 0.0 ], [ 113.793049390819988, -7.733294884330007, 0.0 ], [ 113.793188767132506, -7.733231580459972, 0.0 ], [ 113.793670510262473, -7.733034636670027, 0.0 ], [ 113.793910293967542, -7.73293701931749, 0.0 ], [ 113.794304049812467, -7.73273754544249, 0.0 ], [ 113.794571933717521, -7.732619999392512, 0.0 ], [ 113.795169339432505, -7.732239515385004, 0.0 ], [ 113.794957134007518, -7.731242426837525, 0.0 ], [ 113.795423847425013, -7.731133584085001, 0.0 ], [ 113.795369699675007, -7.730883952182523, 0.0 ], [ 113.795300280562515, -7.730623464174982, 0.0 ], [ 113.795235516522553, -7.730308034505015, 0.0 ], [ 113.795177744069974, -7.73006883137748, 0.0 ], [ 113.795108004262488, -7.729767386187518, 0.0 ], [ 113.794965985107524, -7.729327090559991, 0.0 ], [ 113.794938805679976, -7.729204920274981, 0.0 ], [ 113.794916202269974, -7.729057499159978, 0.0 ], [ 113.794883448797464, -7.72880153977502, 0.0 ], [ 113.794814379132504, -7.728797273207476, 0.0 ], [ 113.794735079452494, -7.728594907895001, 0.0 ] ] ] } },
{ "type": "Feature", "properties": { "NAMOBJ": "Jaringan Irigasi Sekunder", "REMARK": "DI Krasak 2" }, "geometry": { "type": "MultiLineString", "coordinates": [ [ [ 113.728125739550023, -7.77826302612749, 0.0 ], [ 113.728084366739949, -7.778216547537511, 0.0 ], [ 113.727956988327492, -7.778216016437511, 0.0 ], [ 113.727882598839983, -7.778221494437503, 0.0 ], [ 113.72784531516254, -7.778223455494981, 0.0 ], [ 113.727726083570019, -7.778168954737509, 0.0 ], [ 113.727709652485032, -7.778006733720019, 0.0 ], [ 113.727718119107521, -7.777955603925022, 0.0 ], [ 113.727649795042453, -7.777832148719995, 0.0 ], [ 113.727533482977492, -7.777726543797485, 0.0 ], [ 113.727410541344966, -7.777663094710022, 0.0 ], [ 113.727349491837458, -7.777655168367517, 0.0 ], [ 113.727308348997553, -7.777551691534995, 0.0 ], [ 113.727313899687488, -7.777458151400026, 0.0 ], [ 113.727317723814963, -7.777356808137483, 0.0 ], [ 113.727264552534962, -7.77716009792249, 0.0 ], [ 113.727125328937518, -7.77689418068752, 0.0 ], [ 113.727004136322535, -7.776679574852494, 0.0 ], [ 113.72694950797495, -7.77657180840248, 0.0 ], [ 113.726902511712524, -7.77651547912501, 0.0 ], [ 113.726804491140001, -7.776414543077522, 0.0 ], [ 113.7267187146075, -7.776377817000025, 0.0 ], [ 113.726468021762457, -7.776177652354988, 0.0 ], [ 113.726375048825048, -7.776101418825021, 0.0 ], [ 113.726211499747478, -7.77591205785501, 0.0 ], [ 113.726086719262526, -7.775791456742525, 0.0 ], [ 113.726002238100023, -7.775509244252476, 0.0 ], [ 113.725998771502532, -7.775348799122526, 0.0 ], [ 113.726017754700024, -7.775183573267498, 0.0 ], [ 113.726011645257472, -7.775070222467491, 0.0 ], [ 113.726031756739985, -7.774929058487487, 0.0 ], [ 113.726086371614997, -7.774802684944973, 0.0 ] ] ] } },
{ "type": "Feature", "properties": { "NAMOBJ": "Jaringan Irigasi Sekunder", "REMARK": "DI Arah" }, "geometry": { "type": "MultiLineString", "coordinates": [ [ [ 113.632574845235013, -7.794677481304973, 0.0 ], [ 113.6325665915125, -7.794593095172502, 0.0 ], [ 113.632602519632542, -7.794538544887473, 0.0 ], [ 113.632684638227488, -7.794536331885013, 0.0 ], [ 113.632754432832485, -7.794524470192528, 0.0 ], [ 113.632794251554969, -7.794488089350011, 0.0 ], [ 113.632849715337557, -7.794409781934974, 0.0 ], [ 113.632866442867453, -7.79435209605748, 0.0 ], [ 113.632897477862457, -7.794265605582495, 0.0 ], [ 113.632941323735054, -7.794215699447477, 0.0 ], [ 113.633015026910016, -7.794133604885019, 0.0 ], [ 113.633062860402447, -7.794075645270027, 0.0 ], [ 113.633128351179948, -7.794019669607508, 0.0 ], [ 113.633167476402491, -7.793914794422506, 0.0 ], [ 113.633201792944988, -7.793860569102492, 0.0 ], [ 113.63327060479503, -7.793770522415002, 0.0 ], [ 113.633265618247492, -7.793719669085021, 0.0 ], [ 113.63321512843504, -7.793682828369981, 0.0 ], [ 113.633228755880054, -7.793614205362474, 0.0 ], [ 113.633235650447546, -7.793559425232502, 0.0 ], [ 113.633173884985013, -7.793498178597474, 0.0 ], [ 113.633071915420032, -7.793373129225017, 0.0 ], [ 113.633075121507545, -7.793275753744979, 0.0 ], [ 113.633143492282557, -7.79319427717752, 0.0 ], [ 113.633248814359945, -7.793154246144979, 0.0 ], [ 113.633321313795022, -7.793130981862475, 0.0 ], [ 113.633446000854974, -7.793059427749995, 0.0 ], [ 113.633533303624972, -7.793006461890002, 0.0 ], [ 113.633621302589972, -7.792963469569997, 0.0 ], [ 113.63365719747253, -7.79295895780001, 0.0 ], [ 113.633923497647515, -7.792854669660016, 0.0 ], [ 113.633971343717462, -7.792829716217511, 0.0 ], [ 113.634098217274982, -7.792748383920014, 0.0 ], [ 113.634164797710014, -7.792656005840001, 0.0 ], [ 113.63418843957254, -7.792610338797488, 0.0 ], [ 113.634247139085005, -7.792576610057495, 0.0 ], [ 113.634295334599983, -7.792440818134992, 0.0 ], [ 113.634312320842469, -7.792352729214997, 0.0 ] ] ] } },
{ "type": "Feature", "properties": { "NAMOBJ": "Jaringan Irigasi Primer", "REMARK": "DI Sampean Lama" }, "geometry": { "type": "MultiLineString", "coordinates": [ [ [ 114.047909472354945, -7.680273683932512, 0.0 ], [ 114.048436307320003, -7.679567267009986, 0.0 ], [ 114.049121001432468, -7.678823877959985, 0.0 ], [ 114.050159265255047, -7.677267750055023, 0.0 ], [ 114.050944473662526, -7.676342003932518, 0.0 ], [ 114.051739893219974, -7.675504615954992, 0.0 ], [ 114.05219771780753, -7.675133774107508, 0.0 ], [ 114.052273028067475, -7.675111728642491, 0.0 ], [ 114.052531658429984, -7.675095551264974, 0.0 ], [ 114.054302181260027, -7.674932395345024, 0.0 ], [ 114.057060000199954, -7.674699000419992, 0.0 ], [ 114.059390255200015, -7.674545555439977, 0.0 ], [ 114.061502348042495, -7.674408619042481, 0.0 ], [ 114.061739567957488, -7.674414097554973, 0.0 ], [ 114.062887605907463, -7.67464611380251, 0.0 ], [ 114.063366051322532, -7.674714403217479, 0.0 ], [ 114.064992657757443, -7.674530721027509, 0.0 ], [ 114.064927999717497, -7.664900000252487, 0.0 ], [ 114.064872526952513, -7.659811045947492, 0.0 ], [ 114.064915122367552, -7.656488372230001, 0.0 ], [ 114.063242916552554, -7.653936011592521, 0.0 ], [ 114.063818644122534, -7.650355654630005, 0.0 ], [ 114.06411456444755, -7.648518797074985, 0.0 ] ] ] } },
{ "type": "Feature", "properties": { "NAMOBJ": "Jaringan Irigasi Sekunder", "REMARK": "DI Kalorkoran" }, "geometry": { "type": "MultiLineString", "coordinates": [ [ [ 114.310358259102486, -7.775011130222481, 0.0 ], [ 114.310358984042523, -7.775006109444973, 0.0 ] ] ] } },
{ "type": "Feature", "properties": { "NAMOBJ": "Jaringan Irigasi Sekunder", "REMARK": "DI Kalorkoran" }, "geometry": { "type": "MultiLineString", "coordinates": [ [ [ 114.310358259102486, -7.775011130222481, 0.0 ], [ 114.310355999839999, -7.775010000502505, 0.0 ], [ 114.310354000190046, -7.775024999872528, 0.0 ], [ 114.310356215435036, -7.775025277282509, 0.0 ] ] ] } },
{ "type": "Feature", "properties": { "NAMOBJ": "Jaringan Irigasi Sekunder", "REMARK": "DI Kemuning" }, "geometry": { "type": "MultiLineString", "coordinates": [ [ [ 113.793598000049997, -7.778697000232512, 0.0 ], [ 113.793565000437525, -7.778676999990012, 0.0 ], [ 113.79350199979001, -7.778624999547503, 0.0 ], [ 113.793488000444995, -7.77848499972248, 0.0 ], [ 113.793459000132543, -7.7782399999125, 0.0 ], [ 113.793511999835005, -7.777991999797507, 0.0 ], [ 113.793546999994987, -7.777785000369988, 0.0 ], [ 113.793476999675022, -7.777511999597493, 0.0 ], [ 113.793444999889971, -7.777276999972514, 0.0 ], [ 113.793394999659995, -7.777041999560026, 0.0 ], [ 113.79338100031498, -7.776847999735025, 0.0 ], [ 113.793372999920052, -7.776640999945016, 0.0 ], [ 113.793423999972447, -7.776472000242507, 0.0 ] ] ] } },
{ "type": "Feature", "properties": { "NAMOBJ": "Jaringan Irigasi Primer", "REMARK": "DI Banyuputih" }, "geometry": { "type": "MultiLineString", "coordinates": [ [ [ 114.231885079449967, -7.770372337747517, 0.0 ], [ 114.231758134922529, -7.770250581100015, 0.0 ], [ 114.231737879709954, -7.770049637267505, 0.0 ], [ 114.232337693807494, -7.768497249245002, 0.0 ], [ 114.232350663684997, -7.767615193447512, 0.0 ], [ 114.232101488989997, -7.767233460427519, 0.0 ], [ 114.231543363010019, -7.766813852710015, 0.0 ], [ 114.228357983725004, -7.765702957404983, 0.0 ], [ 114.227721144662496, -7.765591224249988, 0.0 ], [ 114.22724768220246, -7.765603075107492, 0.0 ], [ 114.226569139752542, -7.765819776959972, 0.0 ], [ 114.225901423799996, -7.766212856804998, 0.0 ], [ 114.225227166312493, -7.766689563915008, 0.0 ], [ 114.224654231604973, -7.766937183394987, 0.0 ], [ 114.224387882920041, -7.766982060210012, 0.0 ], [ 114.223080252972522, -7.766819317790009, 0.0 ], [ 114.221295340925053, -7.766520771604974, 0.0 ], [ 114.216069754680007, -7.76559964495749, 0.0 ], [ 114.213612524612472, -7.764758781452485, 0.0 ], [ 114.211435940815022, -7.764069158677501, 0.0 ], [ 114.211040794377482, -7.76401875416002, 0.0 ], [ 114.208601561157479, -7.764086406099977, 0.0 ], [ 114.206527912615002, -7.764144494907498, 0.0 ], [ 114.206073324657496, -7.764021977157483, 0.0 ], [ 114.204526976404964, -7.763175106012511, 0.0 ], [ 114.203833265900016, -7.762907778447527, 0.0 ], [ 114.203121962789965, -7.762824207935012, 0.0 ] ] ] } },
{ "type": "Feature", "properties": { "NAMOBJ": "Jaringan Irigasi Sekunder", "REMARK": "DI Banyeman 2" }, "geometry": { "type": "MultiLineString", "coordinates": [ [ [ 114.127627976607528, -7.805350300822511, 0.0 ], [ 114.127506820825033, -7.805304477290008, 0.0 ], [ 114.12737158394998, -7.805291104032506, 0.0 ], [ 114.127308293147507, -7.805144667164996, 0.0 ], [ 114.127245828792525, -7.804887924337493, 0.0 ], [ 114.127185371275004, -7.804565733665015, 0.0 ], [ 114.12717042420752, -7.804370892782515, 0.0 ], [ 114.127037675667452, -7.804265528657481, 0.0 ], [ 114.127069234382475, -7.804111653547523, 0.0 ], [ 114.127246326459954, -7.804013649592491, 0.0 ], [ 114.12752186311252, -7.803898528967522, 0.0 ], [ 114.127678460130028, -7.80366529905001, 0.0 ], [ 114.127725331524971, -7.803288556987525, 0.0 ], [ 114.127721086985048, -7.803177379887472, 0.0 ], [ 114.127737525257544, -7.802970063532484, 0.0 ], [ 114.127806191580021, -7.802658987887526, 0.0 ], [ 114.127921779602502, -7.802324841157485, 0.0 ], [ 114.127990522282516, -7.802009861902491, 0.0 ], [ 114.128106316920025, -7.801793907497483, 0.0 ], [ 114.128081854894958, -7.801576515867509, 0.0 ], [ 114.12797571265753, -7.801381575957521, 0.0 ], [ 114.128104471780034, -7.801164074112478, 0.0 ], [ 114.12835171239999, -7.80105524748501, 0.0 ], [ 114.128559965240015, -7.801024969505022, 0.0 ], [ 114.128746726782538, -7.800982543100019, 0.0 ], [ 114.128895567744962, -7.800840802987523, 0.0 ], [ 114.128993106817461, -7.800598390415018, 0.0 ], [ 114.129007620897482, -7.80031946887749, 0.0 ], [ 114.128968127365056, -7.799759060147494, 0.0 ], [ 114.128994594427468, -7.799433441990004, 0.0 ], [ 114.129033944229946, -7.799077078990024, 0.0 ], [ 114.129069169867535, -7.798682009815025, 0.0 ], [ 114.128996830335041, -7.798574758942493, 0.0 ], [ 114.128917792962511, -7.798509198707507, 0.0 ], [ 114.128861359897542, -7.798450443639979, 0.0 ], [ 114.128855160624994, -7.798398335859986, 0.0 ], [ 114.128913328334988, -7.798301306937503, 0.0 ], [ 114.128993409550048, -7.79818513563248, 0.0 ], [ 114.129056024819988, -7.798069644232498, 0.0 ], [ 114.129062465740049, -7.797961474539989, 0.0 ], [ 114.129077568217554, -7.79785437716248, 0.0 ], [ 114.129080280232529, -7.797752803687501, 0.0 ], [ 114.129013037740037, -7.797647969572495, 0.0 ], [ 114.12889677867247, -7.797584776722488, 0.0 ], [ 114.128829858677477, -7.797512334837506, 0.0 ], [ 114.128848056747529, -7.79742868095002, 0.0 ], [ 114.128941760014982, -7.797366721035019, 0.0 ], [ 114.129045275579983, -7.797252408002521, 0.0 ], [ 114.129067414560041, -7.79713215134251, 0.0 ], [ 114.12899588710502, -7.796954685770004, 0.0 ], [ 114.128911127462516, -7.79667797778751, 0.0 ], [ 114.128963608839967, -7.796422528585026, 0.0 ], [ 114.128938135312524, -7.796191920015019, 0.0 ], [ 114.12906921209003, -7.795917139892481, 0.0 ], [ 114.129043301082447, -7.795741939847517, 0.0 ], [ 114.128962053855048, -7.795430458777503, 0.0 ], [ 114.128959748777447, -7.795300073902524, 0.0 ], [ 114.129048420582535, -7.795233198224992, 0.0 ], [ 114.129154788297456, -7.795226168622492, 0.0 ], [ 114.129220230565011, -7.795116532217492, 0.0 ], [ 114.129199701367497, -7.794856508275018, 0.0 ], [ 114.129002595722454, -7.794664097427528, 0.0 ], [ 114.129008584789972, -7.79449471831748, 0.0 ], [ 114.129161036980008, -7.794399394972515, 0.0 ], [ 114.129252533984982, -7.794106459357522, 0.0 ], [ 114.12931747499249, -7.793889772474984, 0.0 ], [ 114.129324296797449, -7.793820910340003, 0.0 ], [ 114.129280563217549, -7.793726723299983, 0.0 ], [ 114.129032416197447, -7.793638174179989, 0.0 ], [ 114.128931600070018, -7.793579072999989, 0.0 ], [ 114.128903521427446, -7.793477642897528, 0.0 ], [ 114.128948888147534, -7.793379290024973, 0.0 ], [ 114.129058065792492, -7.793226930040021, 0.0 ], [ 114.129105700757464, -7.793087063264977, 0.0 ], [ 114.129100716904986, -7.79297136516999, 0.0 ], [ 114.12896241857004, -7.792802577159989, 0.0 ], [ 114.128842681227525, -7.792702548954992, 0.0 ], [ 114.12874465257255, -7.79254719687998, 0.0 ], [ 114.128780509724947, -7.792370242417519, 0.0 ], [ 114.128936583922496, -7.792127833710026, 0.0 ], [ 114.129082928464982, -7.792006072737479, 0.0 ], [ 114.129362775234995, -7.79187067431252, 0.0 ], [ 114.129472968877508, -7.791634692219986, 0.0 ], [ 114.129429733859979, -7.791396745489976, 0.0 ], [ 114.129413056637532, -7.791194852752483, 0.0 ], [ 114.129494140369957, -7.790857189677524, 0.0 ], [ 114.12962141727246, -7.790521212382487, 0.0 ], [ 114.129689964119962, -7.790117564709988, 0.0 ], [ 114.12976207009001, -7.789868822222502, 0.0 ], [ 114.129949720967488, -7.789571497507495, 0.0 ], [ 114.130108874587449, -7.7893351945375, 0.0 ], [ 114.130027363254953, -7.789247411964993, 0.0 ], [ 114.129944680519998, -7.789184949492494, 0.0 ], [ 114.130031426334995, -7.789004657329997, 0.0 ], [ 114.130289192517466, -7.788390746869993, 0.0 ], [ 114.130583807590028, -7.787640198194993, 0.0 ], [ 114.130642719107527, -7.787534445767506, 0.0 ], [ 114.130606403812521, -7.78728372086249, 0.0 ], [ 114.130532900062462, -7.78719127825002, 0.0 ], [ 114.130477379687477, -7.787111844235028, 0.0 ], [ 114.13044896956751, -7.787030617052494, 0.0 ], [ 114.130378488649967, -7.786750185814981, 0.0 ], [ 114.13033442897995, -7.786587274405008, 0.0 ], [ 114.130310313704967, -7.786513383400006, 0.0 ], [ 114.13031778858749, -7.786467542712501, 0.0 ], [ 114.130361567084947, -7.786199069125018, 0.0 ], [ 114.130426445209991, -7.786019818532509, 0.0 ], [ 114.130588676459979, -7.785646987650011, 0.0 ], [ 114.130745008472445, -7.785308684662482, 0.0 ], [ 114.130949555760026, -7.784790209264997, 0.0 ], [ 114.131031151535012, -7.78448726944498, 0.0 ], [ 114.131104315719995, -7.784328032844996, 0.0 ], [ 114.131109030079983, -7.784315405799987, 0.0 ], [ 114.131110347010008, -7.784304387589998, 0.0 ], [ 114.131131595760053, -7.784148450862517, 0.0 ], [ 114.131131027124979, -7.784142302969997, 0.0 ], [ 114.131124873665044, -7.784128160174987, 0.0 ], [ 114.131105903042453, -7.784055285267527, 0.0 ], [ 114.131106661222475, -7.784037430194985, 0.0 ], [ 114.131135969657521, -7.783956575002492, 0.0 ], [ 114.131237575402452, -7.783885120972514, 0.0 ], [ 114.131249375672496, -7.783876900670009, 0.0 ], [ 114.131370419165023, -7.783781514884993, 0.0 ], [ 114.131493623107531, -7.783392148627513, 0.0 ], [ 114.131522388060034, -7.783044142402503, 0.0 ], [ 114.131564767880036, -7.782767530972478, 0.0 ], [ 114.131643270755035, -7.78246041491002, 0.0 ], [ 114.131817112730005, -7.78245063234499, 0.0 ], [ 114.131923290899977, -7.782436970519996, 0.0 ], [ 114.131968360277483, -7.78235984431501, 0.0 ], [ 114.13203240386747, -7.782194223374972, 0.0 ], [ 114.132076830950041, -7.781922850537512, 0.0 ], [ 114.132077920604956, -7.781919965962516, 0.0 ], [ 114.132067208195053, -7.781708997787518, 0.0 ], [ 114.132099475679979, -7.781458756277516, 0.0 ], [ 114.132159986197507, -7.781218418817502, 0.0 ], [ 114.132255267805022, -7.780887737272508, 0.0 ], [ 114.132256735652504, -7.780883626237483, 0.0 ], [ 114.132275618239987, -7.780798552007525, 0.0 ], [ 114.132224776289945, -7.78071962472751, 0.0 ], [ 114.132220087084988, -7.780713029735011, 0.0 ], [ 114.132126826684953, -7.780659359082506, 0.0 ], [ 114.132114641039948, -7.780610253919974, 0.0 ], [ 114.132127917240041, -7.780508451817525, 0.0 ], [ 114.132127973835054, -7.78050071705502, 0.0 ], [ 114.132253537649945, -7.780155177045003, 0.0 ], [ 114.132356229460015, -7.779887594390004, 0.0 ], [ 114.132500659692482, -7.779626431665008, 0.0 ], [ 114.132839715322461, -7.779186012227512, 0.0 ], [ 114.13318216748246, -7.778737367559984, 0.0 ], [ 114.133672746442471, -7.77813580385498, 0.0 ], [ 114.135461924587503, -7.775920180362505, 0.0 ], [ 114.135586837122446, -7.775882388482501, 0.0 ], [ 114.136247673779962, -7.775983650180024, 0.0 ], [ 114.136756267552528, -7.776064653532501, 0.0 ], [ 114.136864546885022, -7.775936356027501, 0.0 ], [ 114.137395492540008, -7.774526685645014, 0.0 ], [ 114.137867867140017, -7.773180309509996, 0.0 ], [ 114.13800044500249, -7.772771112560008, 0.0 ], [ 114.138120644977448, -7.772299452325001, 0.0 ], [ 114.138229571095053, -7.771964222270014, 0.0 ], [ 114.13825720237503, -7.771870668747511, 0.0 ], [ 114.138343417285, -7.771825426412477, 0.0 ], [ 114.13867523249246, -7.771908142715006, 0.0 ], [ 114.138809431815048, -7.771947896189999, 0.0 ], [ 114.138894738527483, -7.771921663677517, 0.0 ], [ 114.138930952312535, -7.771859197330002, 0.0 ], [ 114.138982417692546, -7.771527937122528, 0.0 ], [ 114.139049138265023, -7.771101112599979, 0.0 ] ] ] } },
{ "type": "Feature", "properties": { "NAMOBJ": "Jaringan Irigasi Sekunder", "REMARK": "DI Sbr. Pakel 3" }, "geometry": { "type": "MultiLineString", "coordinates": [ [ [ 113.717043808692551, -7.84151438092249, 0.0 ], [ 113.717037960660036, -7.841402727520006, 0.0 ], [ 113.71702946978246, -7.841305593027528, 0.0 ], [ 113.717003485115015, -7.841234909779985, 0.0 ], [ 113.716961437672467, -7.841083971162504, 0.0 ], [ 113.716905620852458, -7.841046852575005, 0.0 ], [ 113.716898935590052, -7.840953285814976, 0.0 ], [ 113.716939798154954, -7.840773118824984, 0.0 ], [ 113.716911052964974, -7.840730756022481, 0.0 ], [ 113.716900615439954, -7.840604989197516, 0.0 ], [ 113.716943347400047, -7.84053475510251, 0.0 ], [ 113.716999964617457, -7.840507843020021, 0.0 ], [ 113.717069895767509, -7.840492113957509, 0.0 ], [ 113.717192977537479, -7.840452073945016, 0.0 ], [ 113.717232264459994, -7.840370352024991, 0.0 ], [ 113.717234305432498, -7.840312253820002, 0.0 ], [ 113.717212842882532, -7.840235341727521, 0.0 ], [ 113.717173245144977, -7.840200307762473, 0.0 ], [ 113.717111760852504, -7.840155639600027, 0.0 ], [ 113.7170379319125, -7.84012926510502, 0.0 ], [ 113.716969359017526, -7.840078453732474, 0.0 ], [ 113.716942921597479, -7.840016106152518, 0.0 ], [ 113.716976947084959, -7.839858510915008, 0.0 ], [ 113.71703557473495, -7.839662849909985, 0.0 ], [ 113.717143039292523, -7.839473558547525, 0.0 ], [ 113.71728484554751, -7.839362766329998, 0.0 ], [ 113.717552557875024, -7.839159036607498, 0.0 ], [ 113.717724895170022, -7.839023391472494, 0.0 ], [ 113.717867447027515, -7.838779972522502, 0.0 ], [ 113.717900565217519, -7.838510213084987, 0.0 ], [ 113.717926274999968, -7.838248528222493, 0.0 ], [ 113.717892438157492, -7.838109588632506, 0.0 ], [ 113.717770948202542, -7.837996328907479, 0.0 ], [ 113.717684817732447, -7.837922082230023, 0.0 ], [ 113.71741921913997, -7.837893585000018, 0.0 ], [ 113.717294051482554, -7.837849990379993, 0.0 ], [ 113.71708812078748, -7.837733132975018, 0.0 ], [ 113.717005036505043, -7.83772433209748, 0.0 ], [ 113.716886736467472, -7.837710641130002, 0.0 ], [ 113.716764410179962, -7.83774030930249, 0.0 ], [ 113.716677351752537, -7.837763351490025, 0.0 ], [ 113.716638478057462, -7.837797742732505, 0.0 ] ] ] } },
{ "type": "Feature", "properties": { "NAMOBJ": "Jaringan Irigasi Primer", "REMARK": "DI Sampean Lama" }, "geometry": { "type": "MultiLineString", "coordinates": [ [ [ 114.005246544542501, -7.694943576847493, 0.0 ], [ 114.004357818772519, -7.694511537847518, 0.0 ], [ 114.003908928830015, -7.694392786865023, 0.0 ], [ 114.002793022717469, -7.694142469897486, 0.0 ], [ 114.002354220854954, -7.694095350729981, 0.0 ], [ 114.001358310802516, -7.693872872045006, 0.0 ], [ 113.999261286297497, -7.69357814507498, 0.0 ], [ 113.996846453117541, -7.693457600639988, 0.0 ], [ 113.994253245065011, -7.69352651523252, 0.0 ], [ 113.994064190119957, -7.69347405696999, 0.0 ], [ 113.992960749032477, -7.692866292627514, 0.0 ], [ 113.990887053777556, -7.691787459224997, 0.0 ], [ 113.990458555589953, -7.691672134904991, 0.0 ], [ 113.98865165099005, -7.691286769127487, 0.0 ], [ 113.984505204604943, -7.690584252944973, 0.0 ], [ 113.98413433513997, -7.690486446232512, 0.0 ], [ 113.983733985662525, -7.690284869697507, 0.0 ], [ 113.982639983174977, -7.689568251914977, 0.0 ], [ 113.980317453684961, -7.687867038789989, 0.0 ], [ 113.98018754112752, -7.687791455787476, 0.0 ], [ 113.979359301619979, -7.687560579377475, 0.0 ], [ 113.978924025645028, -7.687331752232524, 0.0 ], [ 113.977640378020055, -7.686733552422481, 0.0 ], [ 113.975050082304961, -7.685536498372528, 0.0 ], [ 113.97457228188, -7.685394007797527, 0.0 ], [ 113.972959072019989, -7.68495104742999, 0.0 ], [ 113.971598115382449, -7.684604331857486, 0.0 ], [ 113.9674730093775, -7.683566253257482, 0.0 ] ] ] } },
{ "type": "Feature", "properties": { "NAMOBJ": "Jaringan Irigasi Sekunder", "REMARK": "DI Sbr. Dawuhan" }, "geometry": { "type": "MultiLineString", "coordinates": [ [ [ 114.167677578597477, -7.722441712595014, 0.0 ], [ 114.167597514449994, -7.722429293565028, 0.0 ], [ 114.167549494107448, -7.722414702050003, 0.0 ], [ 114.167514131927533, -7.722385847494991, 0.0 ], [ 114.167445458417546, -7.722318953910019, 0.0 ], [ 114.167383823210002, -7.722244011830014, 0.0 ], [ 114.16734430093004, -7.722186353840016, 0.0 ], [ 114.167302706237479, -7.722111515800009, 0.0 ], [ 114.167229251895037, -7.721999539332501, 0.0 ], [ 114.167232053742509, -7.72194009758249, 0.0 ], [ 114.167181684304978, -7.721863848977478, 0.0 ], [ 114.167147226727479, -7.721726974335013, 0.0 ], [ 114.167148158280042, -7.721587284910015, 0.0 ], [ 114.16711635701995, -7.721460476217487, 0.0 ], [ 114.16708287950496, -7.721264124459992, 0.0 ], [ 114.167070471077523, -7.721179076562521, 0.0 ], [ 114.167059095709988, -7.721042175677496, 0.0 ], [ 114.167063175857493, -7.721011232674982, 0.0 ], [ 114.167054657135054, -7.720988348195021, 0.0 ], [ 114.167019857297532, -7.720973636290012, 0.0 ], [ 114.166948135805001, -7.720923765994996, 0.0 ], [ 114.166917838327549, -7.720896571235016, 0.0 ], [ 114.166899549525056, -7.72085062345252, 0.0 ], [ 114.166887770815038, -7.720830155077522, 0.0 ], [ 114.166869741627465, -7.720794151795019, 0.0 ], [ 114.166843273667496, -7.720778678935005, 0.0 ], [ 114.166836460842546, -7.720757262555026, 0.0 ], [ 114.166804307444977, -7.720733244860014, 0.0 ], [ 114.166769285724968, -7.720707700685011, 0.0 ], [ 114.166746543975023, -7.720657597752506, 0.0 ], [ 114.166723306355038, -7.720638797292509, 0.0 ], [ 114.166696548237496, -7.720616686567496, 0.0 ], [ 114.166643515297551, -7.720588857692519, 0.0 ], [ 114.1666024389325, -7.720495224950014, 0.0 ], [ 114.166627711235037, -7.720339877852496, 0.0 ], [ 114.166645072077472, -7.720138078537502, 0.0 ], [ 114.166652814657482, -7.719989117602495, 0.0 ], [ 114.166639099177473, -7.719919643147477, 0.0 ], [ 114.166616735619982, -7.719867074947501, 0.0 ], [ 114.166553486139946, -7.719791153352503, 0.0 ], [ 114.166508565882509, -7.719707894084991, 0.0 ], [ 114.166449687604995, -7.719673472122508, 0.0 ], [ 114.166388737810053, -7.719652206345017, 0.0 ], [ 114.166125665282493, -7.719576203582506, 0.0 ] ] ] } },
{ "type": "Feature", "properties": { "NAMOBJ": "Jaringan Irigasi Sekunder", "REMARK": "DI Sbr. Pancoran 1" }, "geometry": { "type": "MultiLineString", "coordinates": [ [ [ 113.809016020629997, -7.792324780734987, 0.0 ], [ 113.808987719207494, -7.792162241370022, 0.0 ], [ 113.808860801629976, -7.791948299574983, 0.0 ], [ 113.808800968442483, -7.791913627284998, 0.0 ], [ 113.808751813527465, -7.791809019085008, 0.0 ], [ 113.808820438527505, -7.791671472530027, 0.0 ], [ 113.808874054475041, -7.791430361892481, 0.0 ], [ 113.808870482774978, -7.791334742640004, 0.0 ], [ 113.808912119687534, -7.791230336260014, 0.0 ], [ 113.808931657147468, -7.790985939702523, 0.0 ], [ 113.808995469869956, -7.790821484445019, 0.0 ], [ 113.809068219935057, -7.790680817214991, 0.0 ], [ 113.809096509679989, -7.790609255297511, 0.0 ] ] ] } },
{ "type": "Feature", "properties": { "NAMOBJ": "Jaringan Irigasi Sekunder", "REMARK": "DI Sbr.Teles" }, "geometry": { "type": "MultiLineString", "coordinates": [ [ [ 114.192049999639949, -7.734149000214984, 0.0 ], [ 114.192063000059989, -7.734128000165015, 0.0 ], [ 114.192064000782466, -7.734102000800021, 0.0 ], [ 114.19208500069999, -7.734071000294989, 0.0 ], [ 114.192121000685006, -7.734038999747497, 0.0 ], [ 114.192154000294977, -7.734021999884988, 0.0 ], [ 114.192207, -7.734019999792508, 0.0 ], [ 114.19221200002255, -7.733958999754975, 0.0 ], [ 114.19223200011254, -7.733868999325011, 0.0 ], [ 114.192248999832486, -7.73376400006498, 0.0 ], [ 114.192260000599958, -7.733714999687493, 0.0 ], [ 114.19230999993249, -7.733562000150016, 0.0 ], [ 114.192337000594989, -7.733502999352481, 0.0 ], [ 114.192350999940004, -7.733461999359974, 0.0 ], [ 114.192366000007496, -7.733382999520018, 0.0 ], [ 114.192375000227457, -7.733304999737527, 0.0 ], [ 114.192374000405039, -7.733270000025016, 0.0 ], [ 114.192408999664963, -7.733195000395028, 0.0 ], [ 114.192401999992512, -7.733138999777509, 0.0 ], [ 114.192419999537492, -7.733047000344982, 0.0 ], [ 114.192431000304964, -7.733026000347479, 0.0 ], [ 114.192432000129998, -7.732988000529986, 0.0 ], [ 114.192484999832459, -7.732885999787527, 0.0 ], [ 114.192483000185007, -7.732835999467511, 0.0 ], [ 114.192517999445045, -7.732700000049988, 0.0 ], [ 114.192581000092446, -7.732667999602484, 0.0 ], [ 114.192623999750026, -7.732632999942496, 0.0 ], [ 114.192666000482518, -7.732520000645025, 0.0 ], [ 114.192704999942521, -7.732382000330006, 0.0 ], [ 114.192763000565037, -7.732265000019993, 0.0 ], [ 114.192781000110017, -7.732189000520009, 0.0 ], [ 114.192812999897455, -7.732074000344994, 0.0 ], [ 114.192824000665041, -7.732051000312481, 0.0 ], [ 114.192848000057552, -7.731980999269979, 0.0 ], [ 114.192873000170039, -7.731896000367499, 0.0 ], [ 114.192897000459993, -7.731811999697527, 0.0 ], [ 114.192928999349988, -7.731709000102512, 0.0 ], [ 114.192959000385031, -7.731583000527507, 0.0 ], [ 114.193007000064995, -7.731450999837477, 0.0 ], [ 114.193002000042497, -7.731279999480023, 0.0 ], [ 114.193197000034957, -7.730623999779993, 0.0 ], [ 114.19337899960999, -7.730203999647472, 0.0 ], [ 114.193422000167516, -7.730220000235022, 0.0 ], [ 114.193498000335012, -7.730228999655026, 0.0 ], [ 114.193548000564988, -7.730240000060007, 0.0 ], [ 114.193586000197456, -7.730206999757513, 0.0 ], [ 114.193761000100039, -7.729650999742489, 0.0 ], [ 114.193770000322502, -7.729586000177505, 0.0 ], [ 114.193792999887478, -7.729353000219987, 0.0 ], [ 114.193801999209995, -7.729283000527516, 0.0 ], [ 114.193812999979968, -7.729218000104993, 0.0 ], [ 114.193812000155049, -7.729194000189977, 0.0 ], [ 114.19382499967503, -7.729139000124974, 0.0 ], [ 114.193848000139951, -7.729049000694999, 0.0 ], [ 114.193865999682544, -7.729021999777501, 0.0 ], [ 114.19393800055002, -7.729032000117513, 0.0 ], [ 114.193991000254982, -7.729003000042496, 0.0 ], [ 114.19400200012501, -7.728940999764973, 0.0 ], [ 114.194018999842456, -7.728848000274979, 0.0 ], [ 114.194018999842456, -7.728756999962513, 0.0 ], [ 114.194026000414965, -7.728621, 0.0 ], [ 114.194044999782477, -7.728570000139996, 0.0 ], [ 114.194063000225015, -7.728554999644984, 0.0 ], [ 114.194074999919962, -7.728503000670003, 0.0 ], [ 114.194085999789991, -7.728343000007499, 0.0 ], [ 114.19410000003495, -7.728249000614994, 0.0 ], [ 114.194051000529953, -7.728246000520016, 0.0 ], [ 114.194069999897465, -7.728210000272497, 0.0 ], [ 114.194104000232528, -7.728202000015017, 0.0 ], [ 114.194136000019967, -7.728207000175018, 0.0 ], [ 114.194166000157452, -7.728227999939975, 0.0 ], [ 114.194207000164965, -7.727984999479986, 0.0 ], [ 114.19423000063, -7.727867999444982, 0.0 ], [ 114.194256999494996, -7.727752999500012, 0.0 ], [ 114.194269000090003, -7.727666000452473, 0.0 ], [ 114.194290000005026, -7.727552999712486, 0.0 ], [ 114.19430800044745, -7.727431000552485, 0.0 ] ] ] } },
{ "type": "Feature", "properties": { "NAMOBJ": "Jaringan Irigasi Sekunder", "REMARK": "DI Sbr. Taman" }, "geometry": { "type": "MultiLineString", "coordinates": [ [ [ 113.681814922250055, -7.760133657227527, 0.0 ], [ 113.681802941417459, -7.759927445650021, 0.0 ], [ 113.68176778315501, -7.759820760142475, 0.0 ], [ 113.681737084127462, -7.759711003172526, 0.0 ], [ 113.681741190327443, -7.759469071824981, 0.0 ], [ 113.681724038794982, -7.759328779830014, 0.0 ], [ 113.681780763810025, -7.759179745185008, 0.0 ], [ 113.68180775369251, -7.759005311067483, 0.0 ], [ 113.681880038429995, -7.758863128517476, 0.0 ], [ 113.681886430842496, -7.758737406645025, 0.0 ], [ 113.681853570467524, -7.758552601209999, 0.0 ], [ 113.681771944152501, -7.75841133769751, 0.0 ], [ 113.681675518089946, -7.758220519927477, 0.0 ], [ 113.681651589667467, -7.758153781407486, 0.0 ], [ 113.681701939339973, -7.758038054364988, 0.0 ], [ 113.681696284445025, -7.757876107367508, 0.0 ], [ 113.681638149972514, -7.757677338307474, 0.0 ], [ 113.681653540807474, -7.757490388949975, 0.0 ], [ 113.681752009637535, -7.75729089828252, 0.0 ], [ 113.681794156792535, -7.7570741715125, 0.0 ], [ 113.681801524774983, -7.756873455550021, 0.0 ], [ 113.681786464519973, -7.756512544277484, 0.0 ], [ 113.681738417227507, -7.756294857952525, 0.0 ], [ 113.681658851647512, -7.756145892790016, 0.0 ], [ 113.681564954345049, -7.755916301304978, 0.0 ], [ 113.681508534755039, -7.75568057249501, 0.0 ], [ 113.681441470127538, -7.755446636867475, 0.0 ], [ 113.681413444487475, -7.755285456424986, 0.0 ], [ 113.681191259677462, -7.754650462444999, 0.0 ], [ 113.680957221595008, -7.754218697035014, 0.0 ], [ 113.680840512475015, -7.75389871417002, 0.0 ], [ 113.680855349050034, -7.753410608652473, 0.0 ], [ 113.680887607552449, -7.752960380239983, 0.0 ], [ 113.680960150104966, -7.752894981155009, 0.0 ], [ 113.680991531850054, -7.752828956112523, 0.0 ], [ 113.681060132595007, -7.752465383750007, 0.0 ], [ 113.681138964252455, -7.752219768182499, 0.0 ], [ 113.681239169525043, -7.751984657317507, 0.0 ], [ 113.681285650155019, -7.751887627894973, 0.0 ], [ 113.681333175524969, -7.751512944967487, 0.0 ], [ 113.681451627380056, -7.750852738157505, 0.0 ], [ 113.681669979077469, -7.750429386917517, 0.0 ], [ 113.681746034942535, -7.750153819292507, 0.0 ], [ 113.681854095084987, -7.749966694342504, 0.0 ], [ 113.68196247502749, -7.749779014682474, 0.0 ], [ 113.682289681877478, -7.74979381151752, 0.0 ], [ 113.682318471985013, -7.749499854115015, 0.0 ], [ 113.682387255087519, -7.749326135642491, 0.0 ], [ 113.682419661809945, -7.749029622697492, 0.0 ], [ 113.682418848835027, -7.748851929645014, 0.0 ], [ 113.682437444860057, -7.748743931072511, 0.0 ], [ 113.682554381255045, -7.748463740982515, 0.0 ], [ 113.682667604914968, -7.748487866974983, 0.0 ], [ 113.682785024602481, -7.748176712947497, 0.0 ], [ 113.682828448265013, -7.748179100907521, 0.0 ], [ 113.682927513577511, -7.747887934054972, 0.0 ], [ 113.683004973507536, -7.747565803337523, 0.0 ], [ 113.683091184825003, -7.747255386344989, 0.0 ], [ 113.683261623980002, -7.747286787457483, 0.0 ], [ 113.683420728192459, -7.746977601597507, 0.0 ], [ 113.683661114670031, -7.746496791842503, 0.0 ], [ 113.683776140347504, -7.746213711572523, 0.0 ], [ 113.683848721527511, -7.745808423667484, 0.0 ], [ 113.683910411532452, -7.745553436202499, 0.0 ], [ 113.683370948950028, -7.745503125092512, 0.0 ], [ 113.683484740344966, -7.745182054619988, 0.0 ], [ 113.683505501307536, -7.745004197077492, 0.0 ], [ 113.683636103775029, -7.744607578797513, 0.0 ], [ 113.683811224949977, -7.744380047415007, 0.0 ], [ 113.683954595170007, -7.744376336390019, 0.0 ], [ 113.68416432573747, -7.743776969427472, 0.0 ], [ 113.684255805674979, -7.743742490805005, 0.0 ], [ 113.684440743640039, -7.743099056094991, 0.0 ], [ 113.684516439277445, -7.742929931734977, 0.0 ] ] ] } },
{ "type": "Feature", "properties": { "NAMOBJ": "Jaringan Irigasi Sekunder", "REMARK": "DI Rukem" }, "geometry": { "type": "MultiLineString", "coordinates": [ [ [ 114.06249117308505, -7.757983003182517, 0.0 ], [ 114.062655468662456, -7.757832060050021, 0.0 ], [ 114.062915800430005, -7.757012966560012, 0.0 ], [ 114.062361111405039, -7.756795182345002, 0.0 ], [ 114.062572206512527, -7.755909455757489, 0.0 ], [ 114.062818173322512, -7.75596489174751, 0.0 ], [ 114.062941629690044, -7.755670825212519, 0.0 ], [ 114.063079565104999, -7.755690438402496, 0.0 ], [ 114.063126335890047, -7.755607060909995, 0.0 ] ] ] } },
{ "type": "Feature", "properties": { "NAMOBJ": "Jaringan Irigasi Sekunder", "REMARK": "DI Penanggungan" }, "geometry": { "type": "MultiLineString", "coordinates": [ [ [ 113.668724875847488, -7.804497177365022, 0.0 ], [ 113.668773548365039, -7.804273219127481, 0.0 ], [ 113.668672559762513, -7.804200890189975, 0.0 ], [ 113.668472133045043, -7.804134881922494, 0.0 ], [ 113.668418013142514, -7.804117675787495, 0.0 ], [ 113.668410442142545, -7.804073633777477, 0.0 ], [ 113.668405507694956, -7.803938224252477, 0.0 ], [ 113.668422751754974, -7.803745906987501, 0.0 ], [ 113.668478765307555, -7.803555593872488, 0.0 ], [ 113.6685726482375, -7.80342785214998, 0.0 ], [ 113.668604999264971, -7.803347111947517, 0.0 ], [ 113.668878346725023, -7.803146357989988, 0.0 ], [ 113.669016224647521, -7.803045124575021, 0.0 ], [ 113.669157619472458, -7.802907202085009, 0.0 ], [ 113.669260452317531, -7.802835261229973, 0.0 ], [ 113.669484306197546, -7.802551302539996, 0.0 ], [ 113.669568577155019, -7.802431058997513, 0.0 ], [ 113.669590380165005, -7.802360142152509, 0.0 ] ] ] } },
{ "type": "Feature", "properties": { "NAMOBJ": "Jaringan Irigasi Sekunder", "REMARK": "DI Penjalinan A 1" }, "geometry": { "type": "MultiLineString", "coordinates": [ [ [ 113.737242002055041, -7.782329457232493, 0.0 ], [ 113.737203241547491, -7.782238849, 0.0 ], [ 113.737148472162517, -7.782092554129974, 0.0 ], [ 113.737134174574976, -7.781964610725026, 0.0 ], [ 113.73717478202002, -7.781730590572522, 0.0 ], [ 113.737192160827476, -7.781626118082499, 0.0 ], [ 113.737166027039962, -7.781463830969983, 0.0 ], [ 113.737135319030017, -7.781360667142508, 0.0 ], [ 113.737099174414993, -7.781102725737526, 0.0 ], [ 113.737115921707527, -7.780877093294976, 0.0 ], [ 113.737134234762493, -7.78071916115249, 0.0 ], [ 113.73713077265495, -7.780518766352486, 0.0 ], [ 113.737112164952464, -7.780376884237512, 0.0 ], [ 113.737137733700024, -7.780302883879983, 0.0 ], [ 113.737270785872511, -7.780216642617518, 0.0 ], [ 113.737364172034972, -7.780143749210026, 0.0 ], [ 113.737448638824958, -7.779976475584988, 0.0 ], [ 113.737525700800006, -7.779766673685003, 0.0 ], [ 113.737616682172529, -7.77961142301001, 0.0 ], [ 113.737697131697473, -7.779517530184989, 0.0 ], [ 113.737797477107506, -7.779471912902522, 0.0 ], [ 113.737892377827507, -7.779450874147528, 0.0 ], [ 113.73795207806495, -7.779385053099986, 0.0 ], [ 113.737953106637519, -7.779314808952506, 0.0 ], [ 113.737897117340026, -7.77919125023999, 0.0 ], [ 113.737902809965021, -7.779069717414984, 0.0 ], [ 113.737858243644951, -7.778915302880023, 0.0 ], [ 113.737773923279974, -7.778771186472511, 0.0 ], [ 113.737705311755008, -7.778531980242519, 0.0 ], [ 113.737703626514985, -7.778263382019986, 0.0 ], [ 113.737719513222487, -7.77817439532248, 0.0 ], [ 113.73779862515255, -7.77803475062251, 0.0 ], [ 113.737854136547526, -7.777825566547506, 0.0 ], [ 113.737885108659952, -7.777620138600014, 0.0 ], [ 113.737881545044957, -7.777498127132503, 0.0 ], [ 113.738088885194998, -7.777315917140015, 0.0 ], [ 113.73815149148254, -7.777180515124996, 0.0 ], [ 113.738170604937523, -7.776983020202522, 0.0 ], [ 113.738177303672501, -7.776744847960003, 0.0 ], [ 113.738177536337503, -7.776592187250003, 0.0 ], [ 113.738184271007526, -7.776424518052522, 0.0 ], [ 113.738229397874989, -7.776243669109988, 0.0 ], [ 113.738370480087497, -7.776105048904981, 0.0 ], [ 113.738483534862553, -7.775995899189979, 0.0 ], [ 113.738554866484947, -7.775913253280009, 0.0 ], [ 113.738571756609986, -7.775739194752475, 0.0 ], [ 113.738530841042461, -7.775690520867499, 0.0 ], [ 113.73828652713496, -7.775698725497477, 0.0 ], [ 113.738039688957542, -7.775724864247479, 0.0 ], [ 113.737929797152447, -7.775780674187502, 0.0 ], [ 113.737745611077457, -7.77580901307249, 0.0 ], [ 113.737636997572508, -7.77579401093999, 0.0 ], [ 113.737532455232554, -7.775858087574989, 0.0 ], [ 113.737395813394983, -7.775872556789977, 0.0 ], [ 113.737272426197478, -7.775761942509973, 0.0 ], [ 113.737119461070051, -7.775583784007495, 0.0 ], [ 113.737024772349969, -7.775284605755019, 0.0 ], [ 113.737039609825047, -7.775132848062526, 0.0 ], [ 113.737151590215035, -7.774931056030027, 0.0 ], [ 113.737393916152541, -7.77467682245998, 0.0 ], [ 113.73765285193997, -7.774289708357514, 0.0 ], [ 113.737724149427549, -7.774081643955014, 0.0 ], [ 113.737822109810054, -7.773940714822515, 0.0 ], [ 113.73785466295999, -7.773815209390023, 0.0 ], [ 113.73787535026247, -7.773706385117521, 0.0 ], [ 113.73788818808498, -7.773638850297516, 0.0 ], [ 113.737931064674967, -7.773449135434987, 0.0 ], [ 113.738046681444985, -7.773295026789981, 0.0 ], [ 113.738063374837452, -7.773190998010023, 0.0 ], [ 113.738053795202518, -7.773000754074985, 0.0 ], [ 113.738000696685049, -7.772959442812521, 0.0 ], [ 113.737772347634973, -7.772978399765009, 0.0 ], [ 113.737564165762478, -7.773052606919975, 0.0 ] ] ] } },
{ "type": "Feature", "properties": { "NAMOBJ": "Jaringan Irigasi Sekunder", "REMARK": "DI Sbr. Sabudin" }, "geometry": { "type": "MultiLineString", "coordinates": [ [ [ 114.068213966059943, -7.718878694677528, 0.0 ], [ 114.068296926374956, -7.718921201520004, 0.0 ], [ 114.068338855239972, -7.718913564575018, 0.0 ], [ 114.06838598624995, -7.7188426231275, 0.0 ], [ 114.068442862184952, -7.718736107414998, 0.0 ], [ 114.068497993589972, -7.71867501554749, 0.0 ], [ 114.068545562079976, -7.718587366852489, 0.0 ], [ 114.068587823322446, -7.718495096779975, 0.0 ], [ 114.068651666589972, -7.718355709492528, 0.0 ], [ 114.068743452852459, -7.718188215239991, 0.0 ], [ 114.068818057935005, -7.718063992417513, 0.0 ], [ 114.068850085570034, -7.717979530004982, 0.0 ], [ 114.068863188397472, -7.717921754877523, 0.0 ], [ 114.068854155837471, -7.717757154977505, 0.0 ], [ 114.068866570554974, -7.717632433184974, 0.0 ], [ 114.068905399334994, -7.717497698580019, 0.0 ], [ 114.068958142119982, -7.717414697055005, 0.0 ], [ 114.069017555794971, -7.717324248415025, 0.0 ], [ 114.069033104732512, -7.717266166802517, 0.0 ], [ 114.069062154452467, -7.717122477872522, 0.0 ], [ 114.069083422965036, -7.716996920492477, 0.0 ], [ 114.06910741427248, -7.716893516564994, 0.0 ], [ 114.069187660777516, -7.716824318157478, 0.0 ], [ 114.069229651625051, -7.71679676598751, 0.0 ], [ 114.06925875794002, -7.716740336827513, 0.0 ], [ 114.069280987650018, -7.716519442369986, 0.0 ], [ 114.069275878929943, -7.716472449427499, 0.0 ], [ 114.06925283534747, -7.716458699357474, 0.0 ], [ 114.069151208040012, -7.716457078910025, 0.0 ], [ 114.069020447470052, -7.716446411884988, 0.0 ], [ 114.068957091990001, -7.716424965609974, 0.0 ], [ 114.068913381765014, -7.71640048647248, 0.0 ], [ 114.068919063607495, -7.716267558827496, 0.0 ], [ 114.068926639999972, -7.716038676440007, 0.0 ], [ 114.068916389322453, -7.71579526127249, 0.0 ], [ 114.068928540835032, -7.715564482227478, 0.0 ], [ 114.068928751039948, -7.715309830985007, 0.0 ], [ 114.068920314962497, -7.714979712604986, 0.0 ], [ 114.068931491799958, -7.714532181977518, 0.0 ], [ 114.068970628702459, -7.713772044374991, 0.0 ], [ 114.069003921164949, -7.713360179150015, 0.0 ], [ 114.068972621165017, -7.712987604342516, 0.0 ], [ 114.068981068024982, -7.712555692492515, 0.0 ], [ 114.069073696907481, -7.711814752584985, 0.0 ] ] ] } },
{ "type": "Feature", "properties": { "NAMOBJ": "Jaringan Irigasi Sekunder", "REMARK": "DI Jeruk B" }, "geometry": { "type": "MultiLineString", "coordinates": [ [ [ 113.670072499690036, -7.799881576202495, 0.0 ], [ 113.67012347099751, -7.799922807917483, 0.0 ], [ 113.670207424849991, -7.799877754277475, 0.0 ], [ 113.670254899914994, -7.799835797057483, 0.0 ], [ 113.670358214254975, -7.799802735765013, 0.0 ], [ 113.670431841972459, -7.799773585832497, 0.0 ], [ 113.670553868222555, -7.799740866764978, 0.0 ], [ 113.670640746989989, -7.799680626747488, 0.0 ], [ 113.670739885962462, -7.799577945869999, 0.0 ], [ 113.67080159573004, -7.79950192447501, 0.0 ], [ 113.670828255032461, -7.799459287415004, 0.0 ], [ 113.670848853402504, -7.799434620142506, 0.0 ] ] ] } },
{ "type": "Feature", "properties": { "NAMOBJ": "Jaringan Irigasi Sekunder", "REMARK": "DI Sbr. Batu" }, "geometry": { "type": "MultiLineString", "coordinates": [ [ [ 114.292929682255021, -7.767211869282505, 0.0 ], [ 114.2929158167575, -7.767080105922503, 0.0 ], [ 114.292905451097454, -7.766907573952494, 0.0 ], [ 114.292904218610033, -7.766712911635011, 0.0 ], [ 114.292914418082546, -7.766593133449987, 0.0 ], [ 114.292981464740024, -7.766452820889981, 0.0 ], [ 114.293054271397523, -7.766320059464988, 0.0 ], [ 114.293124569059955, -7.766249709767521, 0.0 ], [ 114.293231132610003, -7.765977679920013, 0.0 ], [ 114.293398476169955, -7.765599961600003, 0.0 ], [ 114.293504514204983, -7.76535908638499, 0.0 ], [ 114.29357637853002, -7.765208971975028, 0.0 ], [ 114.293664234662515, -7.764992377194972, 0.0 ], [ 114.293751986589996, -7.764705279777502, 0.0 ], [ 114.293851164192461, -7.764320109154994, 0.0 ], [ 114.293894681279994, -7.764161020532526, 0.0 ], [ 114.29377479302002, -7.764128685602486, 0.0 ], [ 114.29365064404999, -7.764083153902504, 0.0 ], [ 114.293531702615041, -7.764043824560019, 0.0 ], [ 114.293394594550023, -7.763994797027522, 0.0 ], [ 114.293278774759983, -7.763963559862475, 0.0 ], [ 114.293177780767451, -7.763924227794973, 0.0 ], [ 114.293122283747493, -7.763906837112472, 0.0 ], [ 114.29298976787004, -7.763849200945003, 0.0 ], [ 114.29285318262248, -7.763807454377513, 0.0 ], [ 114.292714004840036, -7.763762581544995, 0.0 ], [ 114.292606951710013, -7.763726343824999, 0.0 ], [ 114.292552852467452, -7.763711752742495, 0.0 ], [ 114.292485508465006, -7.763656961815002, 0.0 ], [ 114.292304355104989, -7.763583221657484, 0.0 ], [ 114.292164448787503, -7.763549510699988, 0.0 ], [ 114.292038372932552, -7.763517265242513, 0.0 ], [ 114.291846018477486, -7.763435910192527, 0.0 ], [ 114.291706574792556, -7.763381079150008, 0.0 ], [ 114.291608436542447, -7.763334346659974, 0.0 ], [ 114.291499490660044, -7.763276497042511, 0.0 ], [ 114.291387920800048, -7.763199709157504, 0.0 ], [ 114.291397748369945, -7.763087135315004, 0.0 ], [ 114.291294822099985, -7.763005868859977, 0.0 ], [ 114.291191423315013, -7.762949512152488, 0.0 ], [ 114.291095975519966, -7.762899695422504, 0.0 ], [ 114.291043550737527, -7.762843448230001, 0.0 ], [ 114.290933627489949, -7.762780703057501, 0.0 ], [ 114.290794963542453, -7.762707284249984, 0.0 ], [ 114.290698284157543, -7.762641681112484, 0.0 ], [ 114.290662060492537, -7.762547729017513, 0.0 ], [ 114.290597346757522, -7.762491115955015, 0.0 ], [ 114.290547042897515, -7.762432645942511, 0.0 ], [ 114.290357984359957, -7.762307189485, 0.0 ], [ 114.29020226679495, -7.762207209422513, 0.0 ], [ 114.290007238057456, -7.762118831944974, 0.0 ], [ 114.290034471382455, -7.762013197107478, 0.0 ], [ 114.290074727584965, -7.761947678937474, 0.0 ], [ 114.29009069603751, -7.76193129118252, 0.0 ], [ 114.290047164577459, -7.761838300115016, 0.0 ], [ 114.289940718707498, -7.761757308559993, 0.0 ], [ 114.289653243444945, -7.761665543940012, 0.0 ], [ 114.289359166460031, -7.761559689299986, 0.0 ], [ 114.289148643580006, -7.761467634544999, 0.0 ], [ 114.289091359809959, -7.761427707749988, 0.0 ], [ 114.289214627532488, -7.761198024030023, 0.0 ], [ 114.289353497192451, -7.760917628762513, 0.0 ], [ 114.289479800322511, -7.760644659654986, 0.0 ], [ 114.289656346225001, -7.760266974290005, 0.0 ], [ 114.289782808354971, -7.759955531642504, 0.0 ], [ 114.289827344132505, -7.759830630707484, 0.0 ] ] ] } },
{ "type": "Feature", "properties": { "NAMOBJ": "Jaringan Irigasi Sekunder", "REMARK": "DI Sekar Arum" }, "geometry": { "type": "MultiLineString", "coordinates": [ [ [ 113.721019622782478, -7.746839030025001, 0.0 ], [ 113.720983402709976, -7.746771055942475, 0.0 ], [ 113.720940888142536, -7.746683694472495, 0.0 ], [ 113.72088456377503, -7.746515150872483, 0.0 ], [ 113.720827191969988, -7.746410102919981, 0.0 ], [ 113.720793401839956, -7.746317538582502, 0.0 ], [ 113.72073608393498, -7.746231273085016, 0.0 ], [ 113.72068185084504, -7.746189848500023, 0.0 ], [ 113.720589704357508, -7.746156664485, 0.0 ], [ 113.720507996295055, -7.746096784169993, 0.0 ], [ 113.720524619620051, -7.746022303339998, 0.0 ], [ 113.720618531295031, -7.745705918042518, 0.0 ], [ 113.720779163544989, -7.745619837899994, 0.0 ], [ 113.720892625255033, -7.74560372998252, 0.0 ], [ 113.720983638067537, -7.745544583375022, 0.0 ], [ 113.721152664174951, -7.74529710298998, 0.0 ], [ 113.721246863312444, -7.744998578977516, 0.0 ], [ 113.721245965895037, -7.744771467127521, 0.0 ], [ 113.721247578370026, -7.744667812945011, 0.0 ], [ 113.721270312035017, -7.744599481515024, 0.0 ], [ 113.721329958372507, -7.744561639450012, 0.0 ], [ 113.721449039945014, -7.744490165482489, 0.0 ], [ 113.72154375920752, -7.7443730003925, 0.0 ], [ 113.721670957957485, -7.744171451764998, 0.0 ], [ 113.721758644307556, -7.74416545591248, 0.0 ], [ 113.721802860285038, -7.744170216277496, 0.0 ], [ 113.721805866047475, -7.74413749048, 0.0 ], [ 113.721806688904962, -7.744103876849977, 0.0 ], [ 113.721893947657463, -7.744072342745028, 0.0 ], [ 113.722024408190009, -7.743976956634981, 0.0 ], [ 113.722113197672456, -7.743886286192492, 0.0 ], [ 113.722400962195024, -7.743926164832487, 0.0 ], [ 113.722664020349953, -7.744137265099994, 0.0 ], [ 113.722937727137491, -7.744133199124974, 0.0 ], [ 113.723501190907541, -7.744178165729977, 0.0 ] ] ] } },
{ "type": "Feature", "properties": { "NAMOBJ": "Jaringan Irigasi Sekunder", "REMARK": "DI Batu Remuk 1" }, "geometry": { "type": "MultiLineString", "coordinates": [ [ [ 113.795696879574962, -7.783006026849989, 0.0 ], [ 113.795639255345009, -7.782893820157483, 0.0 ], [ 113.795577994732525, -7.78281130889502, 0.0 ], [ 113.79553034000503, -7.782596786802515, 0.0 ], [ 113.795501931682452, -7.782361728737499, 0.0 ], [ 113.795471110487483, -7.78217105458998, 0.0 ], [ 113.795374747307505, -7.781943118307481, 0.0 ], [ 113.795255429477493, -7.781766793302495, 0.0 ], [ 113.795176846652453, -7.781647295652476, 0.0 ], [ 113.79511782464499, -7.781258132084986, 0.0 ], [ 113.795117753677459, -7.781051144775006, 0.0 ], [ 113.795224363040006, -7.780870685375021, 0.0 ], [ 113.795261660192523, -7.780728647097476, 0.0 ], [ 113.795301601984988, -7.780567885195012, 0.0 ], [ 113.795275712540047, -7.780449068637495, 0.0 ], [ 113.795231641189957, -7.780332348234992, 0.0 ], [ 113.795138836239971, -7.780057621134972, 0.0 ], [ 113.795005590930032, -7.779882013250017, 0.0 ], [ 113.794827850267552, -7.779741683587474, 0.0 ], [ 113.794762822122493, -7.779662997412515, 0.0 ], [ 113.794736052327494, -7.779553594932509, 0.0 ], [ 113.794739198227489, -7.779423443004987, 0.0 ], [ 113.794738832612552, -7.779284424819991, 0.0 ], [ 113.794737043167515, -7.779283477597517, 0.0 ], [ 113.794686393457482, -7.779256668824985, 0.0 ], [ 113.794632792782522, -7.779213260844983, 0.0 ], [ 113.794603041477444, -7.77914011483, 0.0 ], [ 113.794610098642465, -7.779046440204979, 0.0 ], [ 113.794669944407474, -7.778978722950001, 0.0 ], [ 113.794734309595015, -7.778904855152518, 0.0 ], [ 113.794755245732517, -7.778852100007498, 0.0 ], [ 113.794757107040027, -7.778757232750024, 0.0 ], [ 113.794764405852447, -7.778647241909994, 0.0 ], [ 113.794774627782544, -7.778545301564975, 0.0 ], [ 113.794786857445047, -7.778455144015027, 0.0 ], [ 113.794802274332483, -7.778372930177511, 0.0 ] ] ] } },
{ "type": "Feature", "properties": { "NAMOBJ": "Jaringan Irigasi Sekunder", "REMARK": "DI Sbr. Kunir" }, "geometry": { "type": "MultiLineString", "coordinates": [ [ [ 113.714481928487544, -7.86428548954251, 0.0 ], [ 113.714554289579951, -7.864274207325025, 0.0 ], [ 113.714663191442469, -7.864233639347503, 0.0 ], [ 113.714755054960051, -7.864161261932509, 0.0 ], [ 113.714823255057468, -7.864078648302495, 0.0 ], [ 113.714889363875045, -7.863982081837491, 0.0 ], [ 113.714903464730014, -7.863909642400017, 0.0 ], [ 113.714903274287508, -7.86382699687249, 0.0 ], [ 113.714923913080042, -7.863744260087515, 0.0 ], [ 113.714952754392471, -7.863653483117503, 0.0 ], [ 113.71498900500751, -7.863548717737501, 0.0 ], [ 113.715218137387524, -7.863393875715019, 0.0 ], [ 113.715332209955022, -7.863262959917506, 0.0 ], [ 113.715466245780021, -7.863141855037497, 0.0 ], [ 113.715632870690001, -7.863036115905004, 0.0 ], [ 113.715719418874983, -7.862985807452503, 0.0 ], [ 113.715815102029978, -7.862931262142524, 0.0 ], [ 113.715878168255017, -7.862829947034982, 0.0 ], [ 113.716060881092517, -7.862600416194994, 0.0 ], [ 113.716169486510012, -7.862475753707486, 0.0 ], [ 113.716287409257461, -7.862382822070003, 0.0 ], [ 113.716362988114952, -7.862323653894975, 0.0 ], [ 113.716454795037521, -7.862244287174974, 0.0 ], [ 113.716550362310045, -7.862152076637528, 0.0 ], [ 113.716658792557496, -7.862061991849998, 0.0 ], [ 113.716750522227471, -7.861953452755017, 0.0 ], [ 113.71698584310252, -7.861778500402522, 0.0 ] ] ] } },
{ "type": "Feature", "properties": { "NAMOBJ": "Jaringan Irigasi Sekunder", "REMARK": "DI Kerbuy" }, "geometry": { "type": "MultiLineString", "coordinates": [ [ [ 113.704330440262538, -7.829736413747526, 0.0 ], [ 113.704367809280029, -7.829610133592496, 0.0 ], [ 113.704383065367551, -7.829529804627498, 0.0 ], [ 113.704374964359999, -7.829446946717496, 0.0 ], [ 113.704357060037523, -7.82933277115751, 0.0 ], [ 113.70433131432253, -7.829182501152502, 0.0 ], [ 113.704323648099944, -7.829090054074982, 0.0 ], [ 113.704342880132458, -7.828945070232521, 0.0 ], [ 113.704384502672497, -7.828838539172523, 0.0 ], [ 113.704352034862495, -7.828666849425019, 0.0 ], [ 113.704295700612533, -7.828516241057514, 0.0 ], [ 113.704231010235048, -7.828414499694986, 0.0 ], [ 113.70415163868995, -7.828334589859992, 0.0 ], [ 113.704131617934991, -7.828247879887499, 0.0 ], [ 113.704111686117471, -7.828158339802485, 0.0 ], [ 113.704116696919982, -7.828067752014988, 0.0 ], [ 113.704094354022459, -7.828013949497517, 0.0 ], [ 113.70403474182001, -7.827825981155002, 0.0 ], [ 113.704055641125024, -7.827706980852497, 0.0 ], [ 113.704081668012464, -7.827617669957476, 0.0 ], [ 113.70412450867002, -7.827485073987475, 0.0 ], [ 113.704166649537456, -7.827421584695003, 0.0 ], [ 113.704178946574984, -7.827383687890006, 0.0 ], [ 113.704204039215028, -7.827290179795, 0.0 ], [ 113.704246868195014, -7.827189863364993, 0.0 ], [ 113.704315095239963, -7.827097200422486, 0.0 ], [ 113.704365442217522, -7.827004044669991, 0.0 ], [ 113.70437234666997, -7.826884706004989, 0.0 ], [ 113.704385186289983, -7.826755236077474, 0.0 ], [ 113.704436474702447, -7.826593795272515, 0.0 ], [ 113.704514947932466, -7.826473844334998, 0.0 ], [ 113.70459643770505, -7.826314333880021, 0.0 ], [ 113.70462680435503, -7.826276274722488, 0.0 ], [ 113.704685767075034, -7.826280053987489, 0.0 ], [ 113.704710466255051, -7.826294947454983, 0.0 ], [ 113.704773347424975, -7.826283049292499, 0.0 ], [ 113.704818848892501, -7.826215740755003, 0.0 ], [ 113.704840686934972, -7.826101656407502, 0.0 ], [ 113.704830836010046, -7.825961279697481, 0.0 ], [ 113.704845800147496, -7.825767908487478, 0.0 ], [ 113.70485351397997, -7.825593306809992, 0.0 ], [ 113.704843943330047, -7.825446581912502, 0.0 ], [ 113.704813463490041, -7.825337117574975, 0.0 ], [ 113.704811683030016, -7.825232078672514, 0.0 ], [ 113.704800931992509, -7.825095905882506, 0.0 ], [ 113.704887493654951, -7.824953349197472, 0.0 ], [ 113.705039125679946, -7.824791348707492, 0.0 ], [ 113.705168747184985, -7.824618851980006, 0.0 ], [ 113.705213511134957, -7.824477664414985, 0.0 ], [ 113.705210531422495, -7.824181733967521, 0.0 ], [ 113.705272299582475, -7.824019018257502, 0.0 ], [ 113.705373900837458, -7.823899377427495, 0.0 ], [ 113.70547622882998, -7.823944717422478, 0.0 ], [ 113.705552670969951, -7.82389094645248, 0.0 ], [ 113.705595144214954, -7.823856966099981, 0.0 ], [ 113.705685963890005, -7.82382460204002, 0.0 ], [ 113.705767495882469, -7.823827567207502, 0.0 ], [ 113.705811025547519, -7.823786163444993, 0.0 ], [ 113.705982957702531, -7.8236767780175, 0.0 ], [ 113.706051749787548, -7.823562154977481, 0.0 ], [ 113.706100145624987, -7.823475077262515, 0.0 ], [ 113.706074733185005, -7.823312813580003, 0.0 ], [ 113.706106586545047, -7.823149779690027, 0.0 ], [ 113.706147868624953, -7.822921212924996, 0.0 ] ] ] } },
{ "type": "Feature", "properties": { "NAMOBJ": "Jaringan Irigasi Sekunder", "REMARK": "DI Kalorkoran" }, "geometry": { "type": "MultiLineString", "coordinates": [ [ [ 114.31182965552, -7.773400670777505, 0.0 ], [ 114.311830999399945, -7.773399999155004, 0.0 ], [ 114.311834999597522, -7.773398000705015, 0.0 ], [ 114.311832999947455, -7.773410000520016, 0.0 ], [ 114.31182965552, -7.773400670777505, 0.0 ] ] ] } },
{ "type": "Feature", "properties": { "NAMOBJ": "Jaringan Irigasi Sekunder", "REMARK": "DI Sbr. Taman" }, "geometry": { "type": "MultiLineString", "coordinates": [ [ [ 113.717808610070051, -7.845781469159988, 0.0 ], [ 113.717708264660018, -7.845765641334992, 0.0 ], [ 113.717662285289975, -7.845760263779994, 0.0 ], [ 113.717602558105, -7.845612920462486, 0.0 ], [ 113.717592053204953, -7.845540700452489, 0.0 ], [ 113.717565993977473, -7.845505423277473, 0.0 ], [ 113.717535462934961, -7.845471520612477, 0.0 ], [ 113.717470436587519, -7.845475175009994, 0.0 ], [ 113.717363669120004, -7.845494459170027, 0.0 ], [ 113.717288119007549, -7.845489243164991, 0.0 ], [ 113.717225941217521, -7.845472446990016, 0.0 ], [ 113.717168463412463, -7.845424880494988, 0.0 ], [ 113.717009968257457, -7.845318631, 0.0 ], [ 113.716995747027454, -7.845244839392478, 0.0 ], [ 113.717023342375001, -7.845177462157494, 0.0 ], [ 113.717071036627544, -7.845118486207525, 0.0 ], [ 113.717093598714996, -7.845104093147484, 0.0 ], [ 113.717045740070034, -7.845033293362519, 0.0 ], [ 113.71697865568251, -7.844926553852474, 0.0 ], [ 113.716915243604944, -7.844808476080004, 0.0 ], [ 113.716853974012452, -7.844745614877525, 0.0 ], [ 113.716786848299989, -7.844676306479982, 0.0 ], [ 113.716743443502537, -7.844611612627489, 0.0 ], [ 113.716631511622495, -7.844484214605018, 0.0 ], [ 113.716525307397546, -7.844354088604973, 0.0 ] ] ] } },
{ "type": "Feature", "properties": { "NAMOBJ": "Jaringan Irigasi Sekunder", "REMARK": "DI Posang" }, "geometry": { "type": "MultiLineString", "coordinates": [ [ [ 113.662087734454985, -7.815428761402472, 0.0 ], [ 113.662185208850019, -7.815283437212486, 0.0 ], [ 113.662259602829977, -7.815159904662494, 0.0 ], [ 113.66229212094504, -7.815099427022517, 0.0 ], [ 113.662380600510005, -7.815054639187508, 0.0 ], [ 113.662445996964948, -7.815017142292504, 0.0 ], [ 113.662494879687529, -7.814999626342512, 0.0 ], [ 113.662568627780047, -7.814986309364997, 0.0 ], [ 113.662674094485055, -7.814967438172516, 0.0 ], [ 113.662739422667528, -7.814945193017479, 0.0 ], [ 113.662800999487445, -7.814905661900013, 0.0 ], [ 113.662855920685047, -7.814838195440018, 0.0 ], [ 113.662892712087455, -7.814812759770007, 0.0 ], [ 113.66296683118253, -7.814791546797494, 0.0 ], [ 113.663014941354959, -7.814785759865003, 0.0 ], [ 113.663072700334965, -7.814783083147518, 0.0 ], [ 113.663128592612452, -7.814755973732474, 0.0 ], [ 113.663195142502445, -7.81472222317251, 0.0 ], [ 113.663294146729982, -7.814615014834999, 0.0 ], [ 113.663367656767491, -7.814540334155026, 0.0 ], [ 113.663513775832484, -7.814388416582517, 0.0 ], [ 113.663619701577545, -7.814293394547519, 0.0 ], [ 113.663695851765056, -7.814204086447489, 0.0 ], [ 113.66375857124001, -7.814167061452508, 0.0 ], [ 113.663809401512481, -7.814147122530017, 0.0 ], [ 113.663872432702533, -7.814150398835011, 0.0 ], [ 113.663958184082503, -7.814125970737507, 0.0 ], [ 113.664036303375042, -7.814120568027477, 0.0 ], [ 113.664099781030018, -7.814143013002479, 0.0 ], [ 113.664166873502495, -7.814191994232488, 0.0 ], [ 113.66422116498245, -7.814202922857476, 0.0 ], [ 113.664288736260005, -7.8141889415175, 0.0 ], [ 113.664384319700048, -7.814179225764974, 0.0 ], [ 113.664449409830013, -7.814177761010001, 0.0 ], [ 113.664520375837469, -7.814216516332522, 0.0 ], [ 113.664579542477554, -7.814225347759987, 0.0 ], [ 113.664619784305046, -7.814208120227477, 0.0 ], [ 113.664706095337465, -7.81413755279749, 0.0 ], [ 113.664808043342532, -7.814056288559982, 0.0 ], [ 113.664912849784969, -7.814011061865017, 0.0 ], [ 113.665054029014982, -7.813982972342501, 0.0 ], [ 113.665210679930055, -7.813868998029989, 0.0 ], [ 113.665343606337501, -7.813825442359985, 0.0 ], [ 113.665412517899995, -7.813749446732515, 0.0 ], [ 113.665476940579993, -7.813590347130003, 0.0 ], [ 113.665567277859964, -7.813546562420015, 0.0 ], [ 113.665714734517451, -7.813467737724977, 0.0 ], [ 113.665808095527495, -7.813344259542475, 0.0 ], [ 113.66587005502754, -7.813267993864997, 0.0 ], [ 113.665972236595053, -7.813080133294989, 0.0 ], [ 113.666043831424986, -7.81294485873002, 0.0 ], [ 113.666125285265025, -7.81287774028749, 0.0 ], [ 113.666193477274987, -7.812795827420018, 0.0 ], [ 113.666181827024957, -7.81269249636, 0.0 ], [ 113.666266709735055, -7.812544645150012, 0.0 ], [ 113.666382012992472, -7.81238395713001, 0.0 ] ] ] } },
{ "type": "Feature", "properties": { "NAMOBJ": "Jaringan Irigasi Sekunder", "REMARK": "DI Setimbo" }, "geometry": { "type": "MultiLineString", "coordinates": [ [ [ 113.678954999897542, -7.77510700044752, 0.0 ], [ 113.67896699959249, -7.775112000239972, 0.0 ], [ 113.678974000162498, -7.775114000519977, 0.0 ], [ 113.679072000072551, -7.775135999965016, 0.0 ], [ 113.679165999785027, -7.775094000444994, 0.0 ], [ 113.679218999487489, -7.775016000432515, 0.0 ], [ 113.679192999547467, -7.774987000010015, 0.0 ], [ 113.679212999639958, -7.774964999660028, 0.0 ], [ 113.679240000302457, -7.774909000017487, 0.0 ], [ 113.679228000607509, -7.774905999597479, 0.0 ], [ 113.679269000615022, -7.774879000377496, 0.0 ], [ 113.679282999960037, -7.774844000034989, 0.0 ], [ 113.679332999289954, -7.774679999912507, 0.0 ], [ 113.679355999754989, -7.774555999949996, 0.0 ], [ 113.67941600002996, -7.774381000229994, 0.0 ], [ 113.679505999542471, -7.774219999787476, 0.0 ], [ 113.67957599986255, -7.774081000620015, 0.0 ], [ 113.679600999977538, -7.774015999847506, 0.0 ], [ 113.679680000517465, -7.773953000275014, 0.0 ], [ 113.679737000420005, -7.773906999407473, 0.0 ], [ 113.679846000199973, -7.773863000642507, 0.0 ], [ 113.67990200027748, -7.773839000074986, 0.0 ], [ 113.679960000002552, -7.77384600012499, 0.0 ], [ 113.680021000102556, -7.773862000505005, 0.0 ], [ 113.680124000034994, -7.773886999387514, 0.0 ], [ 113.680205000224987, -7.773883000660021, 0.0 ], [ 113.680288999889967, -7.773909999819978, 0.0 ], [ 113.680385999974987, -7.773927999564989, 0.0 ], [ 113.680473999837545, -7.773942000582508, 0.0 ], [ 113.680577000670041, -7.773958000052517, 0.0 ], [ 113.680668999832506, -7.773974000437477, 0.0 ], [ 113.680760999892527, -7.773989999907485, 0.0 ], [ 113.680908999132498, -7.773973000297474, 0.0 ], [ 113.681068999865033, -7.773905000042475, 0.0 ], [ 113.681163999402543, -7.773824999972476, 0.0 ], [ 113.681232000072555, -7.7737690004775, 0.0 ], [ 113.681261999309982, -7.773730999814973, 0.0 ], [ 113.681310999715038, -7.773701000255016, 0.0 ], [ 113.681373000537519, -7.773666000009996, 0.0 ], [ 113.681411999997522, -7.773632000817486, 0.0 ], [ 113.681549000265022, -7.773578999935012, 0.0 ], [ 113.681604000514994, -7.773551000660007, 0.0 ], [ 113.681669999740052, -7.773548000247501, 0.0 ], [ 113.681804000532452, -7.773474000149974, 0.0 ], [ 113.681848999839985, -7.773431999880017, 0.0 ], [ 113.681884, -7.773397000570014, 0.0 ], [ 113.681894999869996, -7.773364999845001, 0.0 ], [ 113.681923000357529, -7.773208999549979, 0.0 ], [ 113.681941000799952, -7.77312999974248, 0.0 ], [ 113.681947999574959, -7.773056999854987, 0.0 ], [ 113.681906999567445, -7.773025000069993, 0.0 ], [ 113.681861000434992, -7.773005000089995, 0.0 ], [ 113.681801999985055, -7.772965000135002, 0.0 ], [ 113.681836000320004, -7.772866000402473, 0.0 ], [ 113.681878000152551, -7.772738999642513, 0.0 ], [ 113.681966999840029, -7.772627000032514, 0.0 ], [ 113.682101999560018, -7.772588000247481, 0.0 ], [ 113.682106999582516, -7.772568000289994, 0.0 ], [ 113.682126999675006, -7.772431000097527, 0.0 ], [ 113.682137999545034, -7.772324000325, 0.0 ], [ 113.682132000594947, -7.772302000110017, 0.0 ], [ 113.682140999917465, -7.772271999737484, 0.0 ], [ 113.682157000710049, -7.772214999397477, 0.0 ], [ 113.682182999750012, -7.772090000009996, 0.0 ], [ 113.682199999469958, -7.771976999522508, 0.0 ], [ 113.682222999934993, -7.771904999962487, 0.0 ], [ 113.682260999567461, -7.771741999264975, 0.0 ], [ 113.682273000162468, -7.771709999577524, 0.0 ], [ 113.682370000247488, -7.771646999427503, 0.0 ], [ 113.68244200021752, -7.771538000497515, 0.0 ], [ 113.682451999364957, -7.771516000324993, 0.0 ], [ 113.682480999677523, -7.771443999927499, 0.0 ], [ 113.682508999264996, -7.771351000422499, 0.0 ], [ 113.682515999837506, -7.771342000147513, 0.0 ], [ 113.682561999867517, -7.771229999987497, 0.0 ], [ 113.682564000415027, -7.771200999819996, 0.0 ], [ 113.682572999737545, -7.77113699961501, 0.0 ], [ 113.682605000422541, -7.771092000089993, 0.0 ], [ 113.682607999897527, -7.771066999544985, 0.0 ], [ 113.682628999815051, -7.770985999867492, 0.0 ], [ 113.682725000075038, -7.770418999822482, 0.0 ], [ 113.682767999732505, -7.770263999807526, 0.0 ], [ 113.682840999527457, -7.770141999547491, 0.0 ], [ 113.682865999639944, -7.77008200001751, 0.0 ], [ 113.682839000774948, -7.769992999495003, 0.0 ], [ 113.682833000029973, -7.769950999562525, 0.0 ], [ 113.68282199926, -7.76984700078998, 0.0 ], [ 113.682812999937482, -7.769808000344995, 0.0 ], [ 113.682815000484993, -7.769709000422495, 0.0 ], [ 113.68278399962503, -7.769473000359994, 0.0 ], [ 113.682752999662512, -7.769289999862508, 0.0 ], [ 113.682653000105006, -7.769109999824991, 0.0 ], [ 113.682648999905041, -7.769052999902499, 0.0 ], [ 113.682609999547481, -7.769007000470026, 0.0 ], [ 113.682528999357487, -7.7689320001125, 0.0 ], [ 113.68256600006498, -7.768809000102522, 0.0 ], [ 113.682573999562464, -7.768727999939983, 0.0 ], [ 113.682531999730031, -7.768653000542486, 0.0 ], [ 113.682510999815008, -7.768607999452513, 0.0 ], [ 113.682500999767512, -7.768580000499981, 0.0 ], [ 113.68251299946246, -7.76843800003752, 0.0 ], [ 113.682523000407514, -7.768398999719977, 0.0 ], [ 113.682538000477507, -7.768363999904977, 0.0 ], [ 113.682616000294956, -7.768322000130013, 0.0 ], [ 113.682572999737545, -7.768236999557473, 0.0 ], [ 113.682547000697468, -7.768249000142475, 0.0 ], [ 113.682496999570049, -7.768205000130024, 0.0 ], [ 113.682489999897484, -7.768124000079979, 0.0 ], [ 113.682494999919982, -7.768076999707489, 0.0 ], [ 113.68255900039253, -7.768047999752525, 0.0 ], [ 113.682583000682484, -7.767943999614999, 0.0 ], [ 113.682591000179968, -7.767906999590025, 0.0 ], [ 113.682605000422541, -7.767869000355006, 0.0 ], [ 113.682584000507518, -7.767797000567498, 0.0 ], [ 113.682658999952537, -7.767705999357474, 0.0 ], [ 113.682675999669982, -7.767673999969986, 0.0 ], [ 113.682674999844949, -7.767541, 0.0 ], [ 113.682683000242491, -7.767532999927482, 0.0 ], [ 113.68272000005004, -7.76743199936999, 0.0 ], [ 113.682751000012445, -7.767356000077484, 0.0 ], [ 113.682786999997461, -7.767269000362489, 0.0 ], [ 113.682832000205053, -7.767248999739991, 0.0 ], [ 113.682868000189956, -7.767151000527519, 0.0 ], [ 113.682864999815024, -7.767111000202476, 0.0 ], [ 113.682893000302556, -7.767080999277482, 0.0 ], [ 113.682925999915028, -7.767023999624996, 0.0 ], [ 113.682967999747461, -7.766981999982477, 0.0 ], [ 113.683043999917459, -7.766912999795011, 0.0 ], [ 113.683084999924972, -7.766810000052487, 0.0 ], [ 113.683034000770022, -7.766759000252478, 0.0 ], [ 113.683064000007448, -7.766757000007487, 0.0 ], [ 113.683008999757476, -7.766729000262501, 0.0 ], [ 113.683003999732477, -7.766658999995002, 0.0 ], [ 113.683051000487467, -7.76655000049999, 0.0 ], [ 113.683054999787487, -7.766471000090007, 0.0 ], [ 113.683046000464969, -7.766363999969997, 0.0 ], [ 113.68303899989246, -7.766251000069985, 0.0 ], [ 113.683043000092539, -7.766222000237519, 0.0 ], [ 113.683084999924972, -7.766114000059986, 0.0 ], [ 113.683088000297516, -7.766024000237508, 0.0 ], [ 113.682977999794957, -7.76590300038248, 0.0 ], [ 113.682971000122507, -7.765883999942503, 0.0 ], [ 113.683006000282489, -7.765820999732512, 0.0 ], [ 113.683034999694996, -7.765752000645023, 0.0 ], [ 113.682993000760007, -7.765690000572476, 0.0 ], [ 113.682941999810055, -7.765597000482501, 0.0 ], [ 113.68290199962496, -7.76554599991249, 0.0 ], [ 113.682848999922498, -7.765401000092481, 0.0 ], [ 113.682844999725035, -7.765391999942494, 0.0 ], [ 113.682809999565052, -7.765329999922528, 0.0 ], [ 113.682771000105049, -7.765259999882517, 0.0 ], [ 113.682771999929969, -7.765208999352524, 0.0 ], [ 113.682768999557538, -7.765110000484981, 0.0 ], [ 113.682772999755002, -7.765031000337501, 0.0 ], [ 113.68277400047748, -7.764968000252509, 0.0 ], [ 113.682751999837478, -7.764899999592501, 0.0 ], [ 113.682748999465048, -7.764889000129983, 0.0 ], [ 113.682726999724991, -7.764829000417478, 0.0 ], [ 113.682723999349946, -7.764821999599974, 0.0 ], [ 113.68268699954001, -7.764758000340009, 0.0 ], [ 113.682691999565009, -7.764720000472494, 0.0 ], [ 113.682693000287486, -7.76468299981002, 0.0 ], [ 113.682682000417458, -7.764660999984983, 0.0 ], [ 113.682693000287486, -7.764621000804993, 0.0 ], [ 113.682752999662512, -7.764575000017487, 0.0 ], [ 113.682762999710008, -7.764498000199978, 0.0 ], [ 113.682781000150044, -7.764398999672494, 0.0 ], [ 113.682786000172541, -7.764327000462515, 0.0 ], [ 113.682788999647528, -7.76426699991498, 0.0 ], [ 113.682807000089952, -7.76415699999751, 0.0 ], [ 113.682807000089952, -7.764140999977485, 0.0 ], [ 113.682811000287529, -7.764108999942493, 0.0 ], [ 113.682828999830008, -7.764021999969998, 0.0 ], [ 113.682856000492507, -7.763949999912484, 0.0 ], [ 113.682843000074968, -7.763898000332517, 0.0 ], [ 113.682908000372549, -7.763821000637506, 0.0 ], [ 113.682938999435009, -7.763729999352506, 0.0 ], [ 113.683033000045043, -7.763686999915024, 0.0 ], [ 113.683130999954983, -7.763676999687505, 0.0 ], [ 113.68317600015996, -7.763661999799979, 0.0 ], [ 113.683238999910031, -7.763643000369996, 0.0 ], [ 113.683255999627477, -7.763633000139976, 0.0 ], [ 113.683288999239949, -7.763534999925014, 0.0 ], [ 113.683299000185002, -7.763517999815008, 0.0 ], [ 113.683373999630021, -7.763508000502497, 0.0 ], [ 113.683485999782533, -7.763469000629982, 0.0 ], [ 113.683550000254968, -7.763443999614992, 0.0 ], [ 113.683592999912548, -7.763410000314991, 0.0 ], [ 113.683674999927462, -7.763319000029981, 0.0 ], [ 113.683692000544966, -7.763271000067505, 0.0 ], [ 113.683633999919948, -7.763174000047513, 0.0 ], [ 113.68360899980496, -7.763131999867483, 0.0 ], [ 113.683571000169991, -7.763093000027482, 0.0 ], [ 113.683559000475043, -7.763028000002521, 0.0 ], [ 113.683570000344957, -7.76291800040002, 0.0 ], [ 113.683570000344957, -7.762901000312525, 0.0 ], [ 113.683617000202503, -7.76277599997502, 0.0 ], [ 113.683658000210016, -7.762683999712522, 0.0 ], [ 113.68370000004245, -7.762593000492473, 0.0 ], [ 113.683741000049963, -7.762503999690011, 0.0 ], [ 113.683757999770023, -7.76234999989498, 0.0 ], [ 113.683786000255054, -7.762212000100021, 0.0 ], [ 113.683765000340031, -7.76210100059501, 0.0 ], [ 113.683777000034979, -7.762010999784991, 0.0 ], [ 113.683799999602456, -7.761969000630017, 0.0 ], [ 113.683779999509966, -7.761837999900024, 0.0 ], [ 113.683777999860013, -7.761761999767486, 0.0 ], [ 113.683790000455019, -7.76163900089, 0.0 ], [ 113.683750000270038, -7.761550000285013, 0.0 ], [ 113.683715000110055, -7.761410999725001, 0.0 ], [ 113.683684000150038, -7.761272000122517, 0.0 ], [ 113.683689999997455, -7.761148000362482, 0.0 ], [ 113.683694000195032, -7.761145000037516, 0.0 ], [ 113.683777999860013, -7.761080999499995, 0.0 ], [ 113.683761000142454, -7.760973000610022, 0.0 ], [ 113.683767999815018, -7.760877000300013, 0.0 ], [ 113.683696000742543, -7.760827999589992, 0.0 ], [ 113.683664999882467, -7.760802999640021, 0.0 ], [ 113.68361500055255, -7.760691999582491, 0.0 ], [ 113.683639000842504, -7.760575999934986, 0.0 ], [ 113.683640999592512, -7.760545000269985, 0.0 ], [ 113.683697000567463, -7.760510999375015, 0.0 ], [ 113.683723999432459, -7.76044999925, 0.0 ], [ 113.683701999692516, -7.760336999984986, 0.0 ], [ 113.683664999882467, -7.760245000242492, 0.0 ], [ 113.683597000110012, -7.76014499966999, 0.0 ], [ 113.683563999599983, -7.760017000724986, 0.0 ], [ 113.683588999714971, -7.759898000027476, 0.0 ], [ 113.683647000339988, -7.75983699999, 0.0 ], [ 113.683718999409962, -7.759835999885013, 0.0 ], [ 113.683770000362529, -7.759805000272479, 0.0 ], [ 113.683877999420019, -7.759783999889976, 0.0 ], [ 113.684019999710017, -7.759752999369994, 0.0 ], [ 113.684146999932523, -7.759705000717474, 0.0 ], [ 113.68417200004501, -7.759694999667488, 0.0 ], [ 113.684184000640016, -7.759642000497479, 0.0 ], [ 113.684173999694963, -7.759609000689977, 0.0 ], [ 113.684176000242473, -7.759626000645028, 0.0 ] ] ] } },
{ "type": "Feature", "properties": { "NAMOBJ": "Jaringan Irigasi Sekunder", "REMARK": "DI Sbr. Pakel" }, "geometry": { "type": "MultiLineString", "coordinates": [ [ [ 113.703320810237528, -7.850098109264991, 0.0 ], [ 113.703167359122517, -7.849991092855021, 0.0 ], [ 113.70298413604246, -7.849860438552525, 0.0 ], [ 113.7028047900925, -7.849685499375028, 0.0 ], [ 113.70269868199, -7.849482379884989, 0.0 ], [ 113.70270685575997, -7.849317653007517, 0.0 ], [ 113.702766723082505, -7.849068950989988, 0.0 ], [ 113.702902543862479, -7.848744185210023, 0.0 ], [ 113.702874779632452, -7.84857391309248, 0.0 ], [ 113.702892350680031, -7.848332167142473, 0.0 ], [ 113.702929451997534, -7.848232082162497, 0.0 ], [ 113.702938056959965, -7.848121460169978, 0.0 ], [ 113.702802310742527, -7.848023995579979, 0.0 ], [ 113.702718564400016, -7.84794692329001, 0.0 ], [ 113.702713095457511, -7.847824692847496, 0.0 ], [ 113.702769611167469, -7.847715228255026, 0.0 ], [ 113.702901039185008, -7.847571893714985, 0.0 ], [ 113.703056602240054, -7.847439976075009, 0.0 ], [ 113.703189754122491, -7.847255641739991, 0.0 ], [ 113.703296261977471, -7.847033715602493, 0.0 ], [ 113.703293620930026, -7.846921716672512, 0.0 ], [ 113.703307234897466, -7.846529259287479, 0.0 ], [ 113.703334864382555, -7.846227322690027, 0.0 ], [ 113.703341002570028, -7.845865704742494, 0.0 ], [ 113.703383580020045, -7.84569279154249, 0.0 ], [ 113.703439226159958, -7.845558262374993, 0.0 ], [ 113.703508659642466, -7.845347274752498, 0.0 ], [ 113.703547510879957, -7.845224910887509, 0.0 ] ] ] } },
{ "type": "Feature", "properties": { "NAMOBJ": "Jaringan Irigasi Sekunder", "REMARK": "DI Manteng" }, "geometry": { "type": "MultiLineString", "coordinates": [ [ [ 113.62579722979001, -7.788602204717506, 0.0 ], [ 113.625956957435051, -7.788601679079989, 0.0 ], [ 113.626060278962541, -7.788609425849984, 0.0 ], [ 113.626122722655055, -7.788581781497498, 0.0 ], [ 113.626234021224946, -7.788496796089987, 0.0 ], [ 113.626361203802503, -7.78847936244, 0.0 ], [ 113.626458543452486, -7.788480495847523, 0.0 ], [ 113.626544695479993, -7.788443625467494, 0.0 ], [ 113.626629535070037, -7.788397472475026, 0.0 ], [ 113.626809587997514, -7.788447946462497, 0.0 ], [ 113.626933090177545, -7.788479652634976, 0.0 ], [ 113.627016841010004, -7.788427464847473, 0.0 ], [ 113.627140138377513, -7.788346238327506, 0.0 ], [ 113.627348981407522, -7.788196017352504, 0.0 ], [ 113.627401662209991, -7.788117015707485, 0.0 ], [ 113.627506924997533, -7.787915561629973, 0.0 ], [ 113.627592564090037, -7.787863245237475, 0.0 ], [ 113.627697713690054, -7.787861028617499, 0.0 ], [ 113.627814007789993, -7.787801115137484, 0.0 ] ] ] } },
{ "type": "Feature", "properties": { "NAMOBJ": "Jaringan Irigasi Primer", "REMARK": "DI Sampean Lama" }, "geometry": { "type": "MultiLineString", "coordinates": [ [ [ 114.028449651937535, -7.706719895872482, 0.0 ], [ 114.028617566825005, -7.706326132799973, 0.0 ], [ 114.029598227079987, -7.705664901747525, 0.0 ], [ 114.030032798774982, -7.705285385687489, 0.0 ], [ 114.030185982192506, -7.7049257883275, 0.0 ], [ 114.030937372622475, -7.701788848690001, 0.0 ], [ 114.031103681325021, -7.701590488547481, 0.0 ], [ 114.031324662392535, -7.701499296867496, 0.0 ], [ 114.033500602997492, -7.70088039028002, 0.0 ], [ 114.033698006882446, -7.700843139602512, 0.0 ], [ 114.033973828302464, -7.70088301154999, 0.0 ], [ 114.037348779060039, -7.702089977937476, 0.0 ], [ 114.037425511354968, -7.70211416704251, 0.0 ] ] ] } },
{ "type": "Feature", "properties": { "NAMOBJ": "Jaringan Irigasi Primer", "REMARK": "DI Sampean Lama" }, "geometry": { "type": "MultiLineString", "coordinates": [ [ [ 114.027968106434969, -7.68302772677248, 0.0 ], [ 114.027657000090016, -7.680258999859973, 0.0 ], [ 114.027713184319964, -7.679627983892487, 0.0 ], [ 114.028273938772486, -7.677616345585022, 0.0 ], [ 114.02924240709001, -7.673071119359975, 0.0 ], [ 114.029441135990055, -7.672951933565002, 0.0 ], [ 114.030050984270019, -7.672798252907512, 0.0 ], [ 114.030594102997497, -7.672525538072478, 0.0 ], [ 114.031118999397449, -7.672217098750025, 0.0 ], [ 114.031961469115004, -7.671081838427483, 0.0 ], [ 114.032453282360052, -7.670331465442473, 0.0 ], [ 114.032889497074962, -7.669342475940027, 0.0 ], [ 114.033574719397507, -7.667824715322524, 0.0 ], [ 114.033917347627494, -7.667153072987503, 0.0 ], [ 114.03414573889745, -7.666926792760023, 0.0 ], [ 114.035026121112537, -7.666072100839983, 0.0 ], [ 114.035725428120031, -7.66535970117252, 0.0 ], [ 114.036902363077502, -7.664252115162526, 0.0 ], [ 114.037948308392515, -7.663097491855012, 0.0 ], [ 114.038732807130032, -7.661562301555023, 0.0 ], [ 114.04001002910752, -7.659239687929983, 0.0 ], [ 114.040861366094987, -7.656996566149985, 0.0 ], [ 114.04099956471498, -7.656890426817483, 0.0 ], [ 114.041242931799957, -7.656750083987504, 0.0 ] ] ] } },
{ "type": "Feature", "properties": { "NAMOBJ": "Jaringan Irigasi Primer", "REMARK": "DI Sampean Baru" }, "geometry": { "type": "MultiLineString", "coordinates": [ [ [ 114.237988559577502, -7.789451274935004, 0.0 ], [ 114.238837846609954, -7.789250270125024, 0.0 ], [ 114.239799412272532, -7.78903740660752, 0.0 ], [ 114.240629296594989, -7.78892097498499, 0.0 ], [ 114.241128007104976, -7.788964950647483, 0.0 ], [ 114.242910312237541, -7.789365130395026, 0.0 ] ] ] } },
{ "type": "Feature", "properties": { "NAMOBJ": "Jaringan Irigasi Sekunder", "REMARK": "DI Saipa" }, "geometry": { "type": "MultiLineString", "coordinates": [ [ [ 113.666922791607476, -7.857899637107494, 0.0 ], [ 113.666924941275056, -7.857805273507495, 0.0 ], [ 113.666926973265049, -7.857755647470015, 0.0 ], [ 113.666942118859993, -7.857725718697509, 0.0 ], [ 113.666982122637478, -7.857607083364996, 0.0 ], [ 113.666988099127479, -7.857522800740014, 0.0 ], [ 113.667025098937529, -7.857452848629976, 0.0 ], [ 113.667043579079973, -7.857401629950004, 0.0 ], [ 113.667076733202521, -7.857336968852508, 0.0 ], [ 113.667119418450056, -7.857274481842524, 0.0 ], [ 113.667147237477479, -7.857202180452475, 0.0 ], [ 113.667154021555007, -7.857152218607496, 0.0 ], [ 113.667189941589982, -7.857056563684978, 0.0 ], [ 113.667188522249944, -7.856968520797523, 0.0 ], [ 113.667186615127548, -7.856910361919972, 0.0 ], [ 113.667178027232467, -7.856844370162491, 0.0 ], [ 113.667168475447511, -7.856774135222508, 0.0 ], [ 113.667153689177553, -7.856701676932516, 0.0 ], [ 113.667142604865035, -7.856626789015024, 0.0 ], [ 113.667106011095029, -7.856569795715018, 0.0 ], [ 113.667064246620043, -7.856514430699974, 0.0 ], [ 113.667041327902552, -7.856476119682497, 0.0 ], [ 113.667006903562537, -7.856442143127481, 0.0 ], [ 113.666960301659969, -7.856391571682479, 0.0 ], [ 113.666954484169992, -7.856345485297481, 0.0 ], [ 113.666967238449956, -7.856292342757513, 0.0 ], [ 113.666978704547546, -7.856218840407507, 0.0 ], [ 113.667023544852555, -7.856110024424993, 0.0 ], [ 113.667088294519999, -7.856026890285023, 0.0 ], [ 113.667135354562447, -7.855936342222492, 0.0 ], [ 113.667214093694952, -7.855833531934991, 0.0 ], [ 113.667350506462526, -7.855786416989986, 0.0 ], [ 113.667460369524974, -7.855692796802487, 0.0 ], [ 113.667586404057488, -7.855582455817512, 0.0 ], [ 113.667687749292554, -7.855451708532485, 0.0 ], [ 113.667777834144999, -7.855335684177476, 0.0 ], [ 113.667863301657462, -7.855198874762493, 0.0 ], [ 113.667911855599982, -7.855082027215019, 0.0 ], [ 113.667949065614948, -7.855007287442504, 0.0 ], [ 113.667969805917551, -7.854919736015006, 0.0 ], [ 113.667947329172534, -7.854823578692503, 0.0 ], [ 113.667956741719991, -7.854693563630008, 0.0 ], [ 113.667939228164983, -7.854578985207525, 0.0 ], [ 113.667941550310047, -7.85447528809749, 0.0 ], [ 113.667933416065011, -7.85439983834749, 0.0 ], [ 113.66792723116248, -7.854327722722473, 0.0 ], [ 113.66798737786246, -7.854300364369976, 0.0 ], [ 113.668122591382485, -7.854341795732523, 0.0 ], [ 113.668271015524965, -7.854422331069998, 0.0 ], [ 113.668390802274985, -7.854431459954981, 0.0 ], [ 113.668547874497449, -7.854410744270012, 0.0 ], [ 113.668761093225044, -7.854407650195014, 0.0 ], [ 113.66908062396999, -7.854333357767473, 0.0 ] ] ] } },
{ "type": "Feature", "properties": { "NAMOBJ": "Jaringan Irigasi Sekunder", "REMARK": "DI Sbr. Taman Kursi" }, "geometry": { "type": "MultiLineString", "coordinates": [ [ [ 113.677032598900041, -7.902745430879975, 0.0 ], [ 113.677053945567536, -7.902708184594985, 0.0 ], [ 113.67709890265246, -7.902591186157508, 0.0 ], [ 113.677171475750015, -7.902545531999976, 0.0 ], [ 113.67723575739501, -7.902518199754979, 0.0 ], [ 113.677326762122448, -7.902457738017517, 0.0 ], [ 113.677407102950042, -7.9024197368675, 0.0 ], [ 113.677443966215037, -7.902390119867505, 0.0 ], [ 113.677496301164979, -7.902352786897495, 0.0 ], [ 113.67756001777002, -7.902336080672512, 0.0 ], [ 113.677683207337509, -7.902277299442517, 0.0 ], [ 113.677744485915014, -7.90224171177249, 0.0 ], [ 113.677807571005019, -7.902212612350013, 0.0 ], [ 113.677837906212517, -7.902192458449974, 0.0 ], [ 113.67786950355503, -7.902197091864991, 0.0 ], [ 113.677906476415046, -7.902205842047522, 0.0 ], [ 113.677965602630024, -7.902251127392503, 0.0 ], [ 113.678011606252539, -7.902292316969977, 0.0 ], [ 113.678138890342552, -7.902354198099999, 0.0 ], [ 113.678234335442539, -7.902388166457513, 0.0 ], [ 113.678308280265014, -7.902405667742528, 0.0 ], [ 113.678348234634996, -7.902415000299982, 0.0 ], [ 113.678384663117527, -7.902442050482477, 0.0 ], [ 113.678469358977509, -7.902467785307522, 0.0 ], [ 113.678561082357533, -7.902450409987523, 0.0 ], [ 113.678620209469955, -7.902495695357516, 0.0 ], [ 113.678686429677555, -7.90252089162999, 0.0 ], [ 113.678752561852548, -7.902515393779993, 0.0 ], [ 113.678813384985006, -7.902528800207506, 0.0 ], [ 113.678874795612501, -7.902539252785004, 0.0 ], [ 113.678988497175055, -7.902497025319974, 0.0 ], [ 113.679053998732456, -7.902479134262478, 0.0 ], [ 113.679299833489949, -7.902379870849984, 0.0 ], [ 113.679386006180039, -7.902296991462492, 0.0 ], [ 113.679451462822499, -7.90226375336249, 0.0 ], [ 113.679487587672497, -7.902256889040018, 0.0 ], [ 113.679536902487484, -7.902310985732527, 0.0 ], [ 113.679620510487553, -7.90242537163499, 0.0 ], [ 113.679616811224946, -7.902474666062517, 0.0 ], [ 113.679644173907491, -7.902568682669994, 0.0 ], [ 113.679697426937537, -7.902627806242492, 0.0 ], [ 113.679730680772536, -7.902683033039978, 0.0 ], [ 113.679751271954956, -7.902730092939976, 0.0 ], [ 113.679748064070054, -7.902768480237512, 0.0 ], [ 113.679764883227449, -7.902891750642482, 0.0 ], [ 113.679921978807556, -7.902944413390003, 0.0 ], [ 113.680020754862539, -7.902952124809985, 0.0 ], [ 113.680074333080029, -7.902955208282492, 0.0 ], [ 113.680122517814993, -7.902880879987492, 0.0 ], [ 113.680158367779995, -7.902777339054978, 0.0 ], [ 113.680248713145033, -7.902699909065007, 0.0 ], [ 113.680310594492539, -7.902560801472475, 0.0 ], [ 113.680366905384972, -7.902514045559997, 0.0 ], [ 113.680442436632461, -7.902438834655015, 0.0 ], [ 113.680524637870008, -7.902380925144996, 0.0 ], [ 113.680595508659962, -7.902292671140003, 0.0 ], [ 113.680646287727541, -7.90224107189249, 0.0 ], [ 113.680693947845043, -7.902214536549991, 0.0 ], [ 113.68079058680496, -7.902207465022514, 0.0 ], [ 113.680919937020008, -7.902173417264976, 0.0 ], [ 113.681035087564965, -7.902193536477512, 0.0 ], [ 113.681119310012491, -7.902185026362474, 0.0 ], [ 113.681253894710039, -7.902186814555023, 0.0 ], [ 113.681339064880035, -7.90213671232749, 0.0 ], [ 113.681394097472548, -7.902042065065018, 0.0 ], [ 113.681469053797514, -7.901966631519997, 0.0 ], [ 113.681563768567457, -7.90189257541499, 0.0 ], [ 113.681676132537518, -7.901822752012492, 0.0 ], [ 113.681851085727544, -7.901707114812496, 0.0 ], [ 113.682004397605056, -7.901621586592512, 0.0 ], [ 113.682086728200034, -7.901526835385027, 0.0 ], [ 113.682182989869943, -7.901389619514987, 0.0 ], [ 113.682297348099951, -7.901289384219979, 0.0 ], [ 113.682440155974973, -7.901171907859975, 0.0 ], [ 113.682530384559982, -7.90109302223749, 0.0 ], [ 113.682613282889974, -7.900958889965011, 0.0 ], [ 113.682631806152472, -7.900868429094999, 0.0 ], [ 113.682679334217482, -7.900768004970018, 0.0 ], [ 113.682760671274991, -7.900674756432522, 0.0 ], [ 113.682905106899966, -7.900607057327477, 0.0 ], [ 113.683047570719964, -7.900552298154992, 0.0 ], [ 113.683132934027526, -7.900551850879992, 0.0 ], [ 113.683184988702465, -7.900647084742502, 0.0 ], [ 113.683265358277481, -7.900733460765025, 0.0 ], [ 113.683329231189987, -7.900765841622501, 0.0 ], [ 113.683384968059954, -7.900771009012487, 0.0 ], [ 113.683441695769943, -7.900779036222502, 0.0 ], [ 113.683519303025037, -7.900735194180015, 0.0 ], [ 113.683602679260048, -7.900683772207515, 0.0 ], [ 113.683647374037491, -7.900592719897475, 0.0 ], [ 113.683631590637447, -7.900437042855003, 0.0 ], [ 113.683623375545039, -7.900318401082473, 0.0 ], [ 113.683706511930041, -7.900206333357517, 0.0 ] ] ] } },
{ "type": "Feature", "properties": { "NAMOBJ": "Jaringan Irigasi Sekunder", "REMARK": "DI Manggar" }, "geometry": { "type": "MultiLineString", "coordinates": [ [ [ 114.126116225169994, -7.736130841082513, 0.0 ], [ 114.126066608522478, -7.736087366262495, 0.0 ], [ 114.126359345219953, -7.735638540982507, 0.0 ], [ 114.126463041345005, -7.735540726864997, 0.0 ], [ 114.126606425940054, -7.735314282417505, 0.0 ], [ 114.126811730507484, -7.734785402132502, 0.0 ], [ 114.126982239732456, -7.7343054928225, 0.0 ], [ 114.127091324852472, -7.734009386169987, 0.0 ], [ 114.127055965367504, -7.733655724222501, 0.0 ], [ 114.126904785192551, -7.733473111167484, 0.0 ], [ 114.126915403280009, -7.733392787360003, 0.0 ], [ 114.126746888314983, -7.733166641492517, 0.0 ], [ 114.126689184134989, -7.733112928387527, 0.0 ] ] ] } },
{ "type": "Feature", "properties": { "NAMOBJ": "Jaringan Irigasi Sekunder", "REMARK": "DI Biung" }, "geometry": { "type": "MultiLineString", "coordinates": [ [ [ 113.700503999832449, -7.839216999580003, 0.0 ], [ 113.700570999779984, -7.839135000445026, 0.0 ], [ 113.700602999567536, -7.839049000165005, 0.0 ], [ 113.700568000304997, -7.83897300005998, 0.0 ], [ 113.700508999854947, -7.8388030001625, 0.0 ], [ 113.700497999985032, -7.838573000354984, 0.0 ], [ 113.700514999704978, -7.838376000137487, 0.0 ], [ 113.70064399957505, -7.838319000147521, 0.0 ], [ 113.700723000117478, -7.838301999814973, 0.0 ], [ 113.700812999629989, -7.838263999827518, 0.0 ], [ 113.700837999744977, -7.838088000312496, 0.0 ], [ 113.70079500008751, -7.838022999887528, 0.0 ], [ 113.700761999574979, -7.837957000097504, 0.0 ], [ 113.700729999790042, -7.837892999979999, 0.0 ], [ 113.700694999629945, -7.837821999687492, 0.0 ], [ 113.700697000177456, -7.837751000322498, 0.0 ], [ 113.700760999749946, -7.837712000097497, 0.0 ], [ 113.700913000087553, -7.837595000355009, 0.0 ], [ 113.701004000325042, -7.837528000345003, 0.0 ] ] ] } },
{ "type": "Feature", "properties": { "NAMOBJ": "Jaringan Irigasi Sekunder", "REMARK": "DI Cereme" }, "geometry": { "type": "MultiLineString", "coordinates": [ [ [ 113.697576885295007, -7.80386065158001, 0.0 ], [ 113.697686177027549, -7.803769854467475, 0.0 ], [ 113.697776661629973, -7.803702191724994, 0.0 ], [ 113.697839426920041, -7.803659055970002, 0.0 ], [ 113.697951349817458, -7.80360306445499, 0.0 ], [ 113.69801827699996, -7.803588831584989, 0.0 ], [ 113.698076981004988, -7.803570096869976, 0.0 ], [ 113.698116076585052, -7.803530097725002, 0.0 ], [ 113.69813040561246, -7.803498446109984, 0.0 ], [ 113.698153926202508, -7.803446485560016, 0.0 ], [ 113.698214195969967, -7.803409489782496, 0.0 ], [ 113.698267602610031, -7.803389761257506, 0.0 ], [ 113.698314142529966, -7.803362997522527, 0.0 ], [ 113.698343136552467, -7.803332842580005, 0.0 ], [ 113.698387982249983, -7.803260992912499, 0.0 ], [ 113.698443282537482, -7.803199014817494, 0.0 ], [ 113.698505873552449, -7.803164669242506, 0.0 ], [ 113.698543534522514, -7.803134966959988, 0.0 ], [ 113.698571746115022, -7.803118355877473, 0.0 ], [ 113.698652990647474, -7.803089839974973, 0.0 ], [ 113.698672671837471, -7.803075305965024, 0.0 ], [ 113.698705684925017, -7.803026267597488, 0.0 ], [ 113.698736705547503, -7.802967488185004, 0.0 ], [ 113.698755739950002, -7.802905480927507, 0.0 ], [ 113.698787270817547, -7.802841079939981, 0.0 ], [ 113.698853321244997, -7.802785426194987, 0.0 ], [ 113.698905566362555, -7.80273526080498, 0.0 ], [ 113.698961533202464, -7.802685622902516, 0.0 ], [ 113.699034030837538, -7.802591859189988, 0.0 ], [ 113.699104628537498, -7.802523880875015, 0.0 ], [ 113.699153535517553, -7.802478735702493, 0.0 ], [ 113.69917126377004, -7.80243896115752, 0.0 ], [ 113.699194893055051, -7.802407472064999, 0.0 ], [ 113.699262361922479, -7.802372348109998, 0.0 ], [ 113.699366828802454, -7.802305880175027, 0.0 ], [ 113.699546564622551, -7.802186786570019, 0.0 ], [ 113.699617244070055, -7.802153067117501, 0.0 ], [ 113.699747926484974, -7.802092364987516, 0.0 ], [ 113.69981001534245, -7.802043480047473, 0.0 ], [ 113.69988707732, -7.801995441090014, 0.0 ], [ 113.69993759048748, -7.801950997757501, 0.0 ], [ 113.699964620794958, -7.801835012547485, 0.0 ], [ 113.699997659032533, -7.801738643564988, 0.0 ], [ 113.70004839857495, -7.801659810087472, 0.0 ], [ 113.700105658987468, -7.801526767675, 0.0 ], [ 113.700182426317497, -7.801453938187478, 0.0 ], [ 113.700216547925038, -7.801368420017525, 0.0 ], [ 113.700222270195013, -7.801322142439972, 0.0 ], [ 113.700267084447546, -7.801251498645001, 0.0 ], [ 113.700364264194945, -7.801146611657487, 0.0 ], [ 113.70042925640746, -7.801076902384978, 0.0 ], [ 113.700604862672549, -7.80094197382499, 0.0 ], [ 113.70079892392755, -7.800805991267509, 0.0 ], [ 113.700948620085001, -7.800645362397518, 0.0 ], [ 113.701082301077463, -7.800524065344973, 0.0 ], [ 113.701155823692488, -7.800420712599987, 0.0 ], [ 113.701273540722468, -7.8004222056, 0.0 ], [ 113.701402507357557, -7.800419717877503, 0.0 ], [ 113.701485039175054, -7.8003397858825, 0.0 ], [ 113.701612654742462, -7.800274897957479, 0.0 ], [ 113.701726279947479, -7.800265953657515, 0.0 ], [ 113.701818792049949, -7.800286787184973, 0.0 ], [ 113.701887204147511, -7.800382924042481, 0.0 ], [ 113.701947967092451, -7.800497273500014, 0.0 ], [ 113.702029985075001, -7.800599919004981, 0.0 ], [ 113.702075434437461, -7.800696345224992, 0.0 ], [ 113.702233085177454, -7.800924870942481, 0.0 ], [ 113.702346318717446, -7.801001130774978, 0.0 ], [ 113.702516333867493, -7.801088665697478, 0.0 ] ] ] } },
{ "type": "Feature", "properties": { "NAMOBJ": "Jaringan Irigasi Sekunder", "REMARK": "DI Banyeman 1" }, "geometry": { "type": "MultiLineString", "coordinates": [ [ [ 114.127361382682466, -7.809449571974994, 0.0 ], [ 114.127113041624966, -7.80933900107749, 0.0 ], [ 114.127022825617473, -7.809238266312491, 0.0 ], [ 114.12701434192752, -7.809107024867501, 0.0 ], [ 114.127062569780037, -7.808956865080006, 0.0 ], [ 114.127166480604956, -7.808758039580027, 0.0 ], [ 114.127178280872499, -7.808561550447507, 0.0 ], [ 114.127212719587533, -7.808409070090022, 0.0 ], [ 114.127223316114964, -7.80829143679, 0.0 ], [ 114.127234168660038, -7.808181148184985, 0.0 ], [ 114.127295606239954, -7.808015386792476, 0.0 ], [ 114.127347988800011, -7.807884235157474, 0.0 ], [ 114.127376814839977, -7.807715830057475, 0.0 ], [ 114.127282049762471, -7.807575359894997, 0.0 ], [ 114.127045888964972, -7.807480409639993, 0.0 ], [ 114.126990691082483, -7.807296863662486, 0.0 ], [ 114.127024050020054, -7.807059560770028, 0.0 ], [ 114.127075887304954, -7.806880859077523, 0.0 ], [ 114.127027792402487, -7.806659975074979, 0.0 ], [ 114.127053009910014, -7.806539847194983, 0.0 ], [ 114.127102554692556, -7.806397233710015, 0.0 ], [ 114.127240340985054, -7.806163275092501, 0.0 ], [ 114.127324261600052, -7.806031413105018, 0.0 ], [ 114.127439761587539, -7.805928634887493, 0.0 ], [ 114.127594628447468, -7.805840503959985, 0.0 ], [ 114.127737960939953, -7.80573644540749, 0.0 ], [ 114.127759766644999, -7.805590830642473, 0.0 ], [ 114.127740115099982, -7.805496256817491, 0.0 ], [ 114.127709735874987, -7.80543003754002, 0.0 ], [ 114.127670245035006, -7.805389901329988, 0.0 ], [ 114.127635310452547, -7.805353214757474, 0.0 ] ] ] } },
{ "type": "Feature", "properties": { "NAMOBJ": "Jaringan Irigasi Sekunder", "REMARK": "DI Nogosromo" }, "geometry": { "type": "MultiLineString", "coordinates": [ [ [ 113.693779250245029, -7.783372109840002, 0.0 ], [ 113.693910185985033, -7.783390910289995, 0.0 ], [ 113.693966351352515, -7.783348892627487, 0.0 ], [ 113.693972483252537, -7.782781351592519, 0.0 ] ] ] } },
{ "type": "Feature", "properties": { "NAMOBJ": "Jaringan Irigasi Primer", "REMARK": "DI Sampean Lama" }, "geometry": { "type": "MultiLineString", "coordinates": [ [ [ 114.035754567672484, -7.6434460980675, 0.0 ], [ 114.035444356047492, -7.643076861597478, 0.0 ], [ 114.035129227945049, -7.642673003380025, 0.0 ], [ 114.031961084634986, -7.639076234875006, 0.0 ], [ 114.029644423839954, -7.635948310250001, 0.0 ], [ 114.029530527344946, -7.635831516430017, 0.0 ], [ 114.029370535595035, -7.635700705090017, 0.0 ] ] ] } },
{ "type": "Feature", "properties": { "NAMOBJ": "Jaringan Irigasi Sekunder", "REMARK": "DI Klenang" }, "geometry": { "type": "MultiLineString", "coordinates": [ [ [ 113.666104164972467, -7.859217869247516, 0.0 ], [ 113.666139516374983, -7.859219454635024, 0.0 ], [ 113.666153938827506, -7.85920634346752, 0.0 ], [ 113.666171745232532, -7.859193520717497, 0.0 ], [ 113.666188789865032, -7.859189024677505, 0.0 ], [ 113.666208091967519, -7.859175291040003, 0.0 ], [ 113.666237467774977, -7.859159745657507, 0.0 ], [ 113.666272539800048, -7.859149411887472, 0.0 ], [ 113.666312580407521, -7.859148305674978, 0.0 ], [ 113.666368090002493, -7.859154017452511, 0.0 ], [ 113.666383359567476, -7.859155402955025, 0.0 ], [ 113.666494671610053, -7.859119877309979, 0.0 ], [ 113.666539181334997, -7.859080917117524, 0.0 ], [ 113.666636258674998, -7.858889033245021, 0.0 ], [ 113.666683486702482, -7.858760805865018, 0.0 ], [ 113.666744297257537, -7.858627573195008, 0.0 ], [ 113.666823877212551, -7.858482394042483, 0.0 ], [ 113.666862304444976, -7.85833686446, 0.0 ], [ 113.66693491616752, -7.858221343137473, 0.0 ], [ 113.666975790412494, -7.858152274419979, 0.0 ], [ 113.667060586882485, -7.858088675605018, 0.0 ], [ 113.667133121350048, -7.858087001690023, 0.0 ], [ 113.667244831347489, -7.85804039031251, 0.0 ], [ 113.667342311132529, -7.858009816229981, 0.0 ], [ 113.667392510787522, -7.857945354009985, 0.0 ], [ 113.667483802077527, -7.857831034837488, 0.0 ], [ 113.667513202139958, -7.857778970939989, 0.0 ], [ 113.667608092980004, -7.857651830022519, 0.0 ], [ 113.66769156623252, -7.857560520415007, 0.0 ], [ 113.66776722054999, -7.857492221220014, 0.0 ], [ 113.667817109387556, -7.857434422792494, 0.0 ], [ 113.667833680609988, -7.857368414525013, 0.0 ], [ 113.667820652342471, -7.857300046907483, 0.0 ], [ 113.667799113437468, -7.857221776377514, 0.0 ], [ 113.667800972052532, -7.857155393017479, 0.0 ], [ 113.66780357177754, -7.857093288462522, 0.0 ], [ 113.667834186362484, -7.857013216277494, 0.0 ], [ 113.667861122345016, -7.85694786157751, 0.0 ], [ 113.667908495899951, -7.85687727705249, 0.0 ], [ 113.667970208362476, -7.856822758990006, 0.0 ], [ 113.668013582617505, -7.856759901495025, 0.0 ], [ 113.668037479602503, -7.856723251589983, 0.0 ], [ 113.668089475887541, -7.856716468322475, 0.0 ], [ 113.668172287082484, -7.856706819145018, 0.0 ], [ 113.668225700907556, -7.856696874247518, 0.0 ], [ 113.668283733872499, -7.856657074582472, 0.0 ], [ 113.668345987122507, -7.856626248692521, 0.0 ], [ 113.668400560672467, -7.856617868182525, 0.0 ], [ 113.668459973450013, -7.856596333687492, 0.0 ], [ 113.66855416270505, -7.85658563398249, 0.0 ], [ 113.668600297482499, -7.856559305934979, 0.0 ], [ 113.668649271834965, -7.856523686494995, 0.0 ], [ 113.66873048223249, -7.856479072299976, 0.0 ], [ 113.66879515374751, -7.856441669432513, 0.0 ], [ 113.668914705137468, -7.856390846989996, 0.0 ], [ 113.668941662682528, -7.856361606495, 0.0 ], [ 113.668930782287475, -7.856314122755009, 0.0 ], [ 113.668963638167497, -7.856282999347513, 0.0 ], [ 113.669009132447513, -7.856242685865027, 0.0 ], [ 113.669070765860056, -7.856233987739984, 0.0 ], [ 113.669143236547484, -7.8562005469675, 0.0 ], [ 113.669215168245046, -7.856143413167501, 0.0 ], [ 113.669294357432477, -7.856066548420017, 0.0 ], [ 113.669376727552503, -7.856023499567527, 0.0 ], [ 113.669433001614948, -7.856040376477495, 0.0 ], [ 113.669491176512452, -7.856063097464983, 0.0 ], [ 113.66966333594246, -7.856055902577509, 0.0 ], [ 113.66978344249253, -7.856040805449993, 0.0 ], [ 113.669826217572449, -7.856036188054986, 0.0 ], [ 113.669939943387476, -7.85601545494751, 0.0 ], [ 113.67006316889001, -7.856083200805017, 0.0 ], [ 113.670160124957533, -7.856215969022514, 0.0 ], [ 113.670209720045023, -7.856369384609991, 0.0 ], [ 113.670334611022554, -7.856555892397523, 0.0 ], [ 113.67045541646246, -7.856597125007511, 0.0 ], [ 113.670572924184967, -7.856498107787502, 0.0 ], [ 113.670586673800017, -7.856348995579992, 0.0 ], [ 113.670627822030042, -7.856243505477494, 0.0 ], [ 113.670893587707496, -7.856102077462481, 0.0 ], [ 113.671031368609988, -7.856052663372509, 0.0 ], [ 113.671090283719991, -7.855986849725014, 0.0 ], [ 113.671043468020002, -7.855861992027485, 0.0 ], [ 113.671063827437479, -7.855767603322477, 0.0 ], [ 113.671308194347489, -7.855684146149997, 0.0 ], [ 113.671389424507538, -7.855632081602494, 0.0 ], [ 113.67135397698496, -7.855526828067525, 0.0 ], [ 113.67133083728254, -7.855463611157518, 0.0 ], [ 113.671279651277473, -7.85543764096002, 0.0 ], [ 113.671256135179988, -7.855411730092499, 0.0 ], [ 113.671252550002464, -7.855381636282516, 0.0 ], [ 113.671274302707502, -7.855348264029999, 0.0 ], [ 113.671308580622508, -7.855306293157525, 0.0 ], [ 113.671302276245001, -7.855240202165021, 0.0 ], [ 113.671282830414953, -7.855168720729978, 0.0 ], [ 113.671218618837543, -7.855080793235004, 0.0 ], [ 113.671171727679962, -7.85491351682748, 0.0 ], [ 113.671173004184993, -7.854811436955004, 0.0 ], [ 113.671217223754979, -7.854701621915012, 0.0 ], [ 113.671372922455021, -7.854588086715012, 0.0 ], [ 113.671548903317444, -7.854494701355009, 0.0 ], [ 113.671619868427456, -7.854453151325004, 0.0 ], [ 113.671807804969944, -7.854286236597488, 0.0 ], [ 113.672030412887466, -7.854191157324976, 0.0 ], [ 113.672265842457477, -7.854223351184999, 0.0 ], [ 113.672513021095028, -7.854204544887523, 0.0 ], [ 113.672741433925012, -7.85418380365752, 0.0 ] ] ] } },
{ "type": "Feature", "properties": { "NAMOBJ": "Jaringan Irigasi Sekunder", "REMARK": "DI Wringinanom" }, "geometry": { "type": "MultiLineString", "coordinates": [ [ [ 113.677717000162488, -7.786258999720019, 0.0 ], [ 113.677715552080031, -7.786257461142498, 0.0 ], [ 113.67768500037505, -7.786225000447473, 0.0 ], [ 113.677692999872534, -7.786174999424986, 0.0 ], [ 113.677703999744949, -7.785974000709984, 0.0 ], [ 113.677719999637475, -7.785933000297518, 0.0 ], [ 113.677714999614977, -7.785894000222527, 0.0 ], [ 113.677735999532501, -7.785661000002506, 0.0 ], [ 113.677737000254979, -7.785491999497481, 0.0 ], [ 113.67774500065002, -7.785470999687504, 0.0 ], [ 113.677753999972538, -7.785447000297495, 0.0 ], [ 113.677778000262492, -7.785353999594975, 0.0 ], [ 113.677806000750024, -7.785282999787512, 0.0 ], [ 113.677821999744992, -7.785214000320025, 0.0 ], [ 113.677812999525031, -7.785162, 0.0 ], [ 113.677845000210027, -7.785081999662509, 0.0 ], [ 113.677859000452486, -7.785046000154978, 0.0 ], [ 113.677876000172546, -7.784998000509972, 0.0 ], [ 113.677918000004979, -7.784885999537494, 0.0 ], [ 113.677933000072471, -7.784851000207482, 0.0 ], [ 113.67796400003499, -7.784775999830003, 0.0 ], [ 113.677993000347556, -7.784678000282497, 0.0 ], [ 113.678024999235049, -7.784621000127515, 0.0 ], [ 113.678077000012536, -7.78456399997998, 0.0 ], [ 113.678117000195016, -7.784536999240004, 0.0 ], [ 113.678141999412446, -7.784442000232502, 0.0 ], [ 113.678152000354999, -7.784410000514981, 0.0 ], [ 113.678178999222496, -7.784325999669989, 0.0 ], [ 113.678197000562477, -7.78427300020752, 0.0 ], [ 113.678201999687531, -7.784217000267518, 0.0 ], [ 113.678230000174949, -7.784146999897473, 0.0 ], [ 113.678271000182463, -7.784106999822484, 0.0 ], [ 113.678287000074988, -7.784061000604993, 0.0 ], [ 113.678300999420003, -7.784031999575006, 0.0 ], [ 113.678340999604984, -7.783956000089972, 0.0 ], [ 113.678355999672476, -7.783934999445023, 0.0 ], [ 113.678383000334975, -7.783883000192475, 0.0 ], [ 113.678414999222468, -7.783878000299978, 0.0 ], [ 113.678474999497553, -7.783824999982528, 0.0 ], [ 113.678502000160051, -7.783783999774982, 0.0 ], [ 113.678505000532482, -7.783760999727519, 0.0 ], [ 113.678497000137554, -7.783721999847501, 0.0 ], [ 113.678497000137554, -7.783678999327492, 0.0 ], [ 113.678540999620054, -7.783597000769987, 0.0 ], [ 113.678558000237445, -7.783577000299999, 0.0 ], [ 113.678585000002499, -7.783463999537503, 0.0 ], [ 113.678677000062521, -7.783290000010027, 0.0 ], [ 113.678676000237488, -7.783264000422491, 0.0 ], [ 113.678716000419968, -7.783240000242472, 0.0 ], [ 113.678744000010056, -7.783205000135013, 0.0 ], [ 113.678765999749999, -7.783121000437518, 0.0 ], [ 113.678766999575032, -7.783092999627513, 0.0 ], [ 113.67879199969002, -7.783064999735018, 0.0 ], [ 113.67884600011746, -7.783013999835021, 0.0 ], [ 113.679082999942466, -7.782985999945026, 0.0 ], [ 113.679116999379971, -7.782975999267478, 0.0 ], [ 113.679140999670039, -7.782907000169985, 0.0 ], [ 113.679140999670039, -7.782852999812519, 0.0 ], [ 113.67914400004247, -7.7827989994625, 0.0 ], [ 113.679159000112463, -7.782749999909981, 0.0 ], [ 113.679159999937497, -7.782703999927492, 0.0 ], [ 113.679169000157458, -7.782668999862494, 0.0 ], [ 113.679177999479975, -7.782637000277475, 0.0 ], [ 113.679191000797459, -7.782608999499985, 0.0 ], [ 113.679214999290025, -7.782568999565001, 0.0 ], [ 113.679241999952524, -7.782491000025004, 0.0 ], [ 113.679286000332468, -7.782369000867504, 0.0 ], [ 113.679299999677482, -7.782297999727518, 0.0 ], [ 113.679303999877447, -7.782268000482475, 0.0 ], [ 113.679322000317484, -7.782232000297483, 0.0 ], [ 113.679335999662499, -7.782188999927484, 0.0 ], [ 113.679348000257505, -7.782121000199993, 0.0 ], [ 113.679391999740005, -7.781993000204977, 0.0 ], [ 113.679423000599968, -7.78191499985752, 0.0 ], [ 113.679461000235051, -7.781788000079985, 0.0 ], [ 113.679493999847523, -7.781614999562521, 0.0 ], [ 113.679531999482492, -7.781507000090016, 0.0 ], [ 113.679550999747448, -7.781444000335, 0.0 ], [ 113.679595000130007, -7.781345999719974, 0.0 ], [ 113.679620000244995, -7.781314000232499, 0.0 ], [ 113.679636999962554, -7.781186999719978, 0.0 ], [ 113.679661999177483, -7.781114000290017, 0.0 ], [ 113.679679000692545, -7.781051999834972, 0.0 ], [ 113.679715000677447, -7.780904999967504, 0.0 ], [ 113.679759999984981, -7.780775000027518, 0.0 ], [ 113.679775000054974, -7.780708999917522, 0.0 ], [ 113.6797909999475, -7.780670000315013, 0.0 ], [ 113.679830000307447, -7.780555000007496, 0.0 ], [ 113.679858999719954, -7.780470999912495, 0.0 ], [ 113.679908999950044, -7.780322999179987, 0.0 ], [ 113.679928000215, -7.780249999897478, 0.0 ], [ 113.679940999734981, -7.780222000187507, 0.0 ], [ 113.679956999630008, -7.780185999260027, 0.0 ], [ 113.679993999439944, -7.780073999537478, 0.0 ], [ 113.680046000217544, -7.779996999690013, 0.0 ], [ 113.68010500066498, -7.77987100063001, 0.0 ], [ 113.680111999439987, -7.779697999969983, 0.0 ], [ 113.68020000020249, -7.779572000085011, 0.0 ], [ 113.680261000302494, -7.779472999744996, 0.0 ], [ 113.680282000217517, -7.779431999952521, 0.0 ], [ 113.680331999547548, -7.779338000397502, 0.0 ], [ 113.680350999815005, -7.779307999534979, 0.0 ], [ 113.680396999845016, -7.779194999890024, 0.0 ], [ 113.680440999327516, -7.779124000184993, 0.0 ], [ 113.680500999602486, -7.779048999894997, 0.0 ], [ 113.680544000160012, -7.778995000020018, 0.0 ], [ 113.680585000167525, -7.778889999830028, 0.0 ], [ 113.680621999977461, -7.778820000325027, 0.0 ] ] ] } },
{ "type": "Feature", "properties": { "NAMOBJ": "Jaringan Irigasi Sekunder", "REMARK": "DI Rantai" }, "geometry": { "type": "MultiLineString", "coordinates": [ [ [ 113.733092112427471, -7.832196604367482, 0.0 ], [ 113.733037291839992, -7.831996251242515, 0.0 ], [ 113.733023014915034, -7.831909013922484, 0.0 ], [ 113.732997252129962, -7.831843756155024, 0.0 ], [ 113.732941380512443, -7.831812107924975, 0.0 ], [ 113.732884540512487, -7.831774790270003, 0.0 ], [ 113.732829161172504, -7.831666380257502, 0.0 ], [ 113.732770291874999, -7.831566013519989, 0.0 ], [ 113.732717600295018, -7.831447096142483, 0.0 ], [ 113.732642970954998, -7.831330998905003, 0.0 ], [ 113.732555972714977, -7.83124132219001, 0.0 ], [ 113.732456033342487, -7.831130952839999, 0.0 ], [ 113.732387075964994, -7.831076001815006, 0.0 ], [ 113.732339865004974, -7.830999871704989, 0.0 ], [ 113.732296991112548, -7.830925966662505, 0.0 ] ] ] } },
{ "type": "Feature", "properties": { "NAMOBJ": "Jaringan Irigasi Primer", "REMARK": "DI Sampean Lama" }, "geometry": { "type": "MultiLineString", "coordinates": [ [ [ 114.00480090559995, -7.708811892024983, 0.0 ], [ 114.004224795347454, -7.707984165947494, 0.0 ], [ 114.004131960752488, -7.707731461637479, 0.0 ], [ 114.004151030187472, -7.707038185182512, 0.0 ], [ 114.004157285157476, -7.706226685720026, 0.0 ], [ 114.004278848775016, -7.705627099577498, 0.0 ], [ 114.004273813717532, -7.70542277794749, 0.0 ] ] ] } },
{ "type": "Feature", "properties": { "NAMOBJ": "Jaringan Irigasi Sekunder", "REMARK": "DI Sbr. Sira" }, "geometry": { "type": "MultiLineString", "coordinates": [ [ [ 114.079723655789962, -7.700665063924987, 0.0 ], [ 114.080051211187538, -7.70069272182252, 0.0 ], [ 114.080036736632451, -7.701048638787483, 0.0 ], [ 114.080102590329943, -7.701117071022509, 0.0 ], [ 114.08123615731995, -7.701230286594978, 0.0 ], [ 114.081751273762507, -7.701276882827472, 0.0 ], [ 114.081793804497465, -7.701308562542522, 0.0 ], [ 114.082626855379999, -7.701383105037507, 0.0 ], [ 114.082687733309967, -7.701413477314986, 0.0 ], [ 114.083040539450053, -7.701410190914999, 0.0 ], [ 114.083487759427499, -7.701446194414984, 0.0 ], [ 114.085149095627457, -7.701673902185007, 0.0 ], [ 114.085179578160023, -7.701637063834994, 0.0 ], [ 114.085529021907519, -7.701667179750018, 0.0 ] ] ] } },
{ "type": "Feature", "properties": { "NAMOBJ": "Jaringan Irigasi Sekunder", "REMARK": "DI Sbr. Kolpoh" }, "geometry": { "type": "MultiLineString", "coordinates": [ [ [ 114.301186911905006, -7.768992133624977, 0.0 ], [ 114.301309968522446, -7.768914642992513, 0.0 ], [ 114.301302935612512, -7.768266382784986, 0.0 ], [ 114.301213232542523, -7.767670960360022, 0.0 ], [ 114.301297596924996, -7.767360964190004, 0.0 ], [ 114.301256525949952, -7.767065747417519, 0.0 ], [ 114.301240149662476, -7.766637312152511, 0.0 ], [ 114.301244115722511, -7.766230732124995, 0.0 ], [ 114.301148657147451, -7.766200061472489, 0.0 ], [ 114.301228416764957, -7.765819850872504, 0.0 ], [ 114.301263539097476, -7.765307029147493, 0.0 ], [ 114.301275504657497, -7.765039317005005, 0.0 ], [ 114.301320253335007, -7.764767404722477, 0.0 ], [ 114.301294393532544, -7.764462401180026, 0.0 ] ] ] } },
{ "type": "Feature", "properties": { "NAMOBJ": "Jaringan Irigasi Sekunder", "REMARK": "DI Kalorkoran" }, "geometry": { "type": "MultiLineString", "coordinates": [ [ [ 114.310359037942476, -7.775006228074972, 0.0 ], [ 114.310360000037463, -7.775011999870003, 0.0 ], [ 114.310358259102486, -7.775011130222481, 0.0 ] ] ] } },
{ "type": "Feature", "properties": { "NAMOBJ": "Jaringan Irigasi Primer", "REMARK": "DI Sampean Lama" }, "geometry": { "type": "MultiLineString", "coordinates": [ [ [ 114.016669757052455, -7.697649266239978, 0.0 ], [ 114.017366359232483, -7.69809943724249, 0.0 ], [ 114.01771375212752, -7.698433997025006, 0.0 ], [ 114.017837463617525, -7.698648236547513, 0.0 ], [ 114.017883281289983, -7.699027942980024, 0.0 ], [ 114.017842257925054, -7.70034040813249, 0.0 ], [ 114.017929982905002, -7.70054773001749, 0.0 ], [ 114.018588175817513, -7.701123890157476, 0.0 ], [ 114.018804212559985, -7.701179729717524, 0.0 ], [ 114.020514930947456, -7.701174836614996, 0.0 ], [ 114.020889249045013, -7.701251069730006, 0.0 ], [ 114.021485927125013, -7.701261200814997, 0.0 ], [ 114.021958990735016, -7.701071433717516, 0.0 ], [ 114.022281875789986, -7.700990281075008, 0.0 ], [ 114.022619848049999, -7.701009407317486, 0.0 ], [ 114.023960062590049, -7.701466612609977, 0.0 ], [ 114.024348498610038, -7.701759645149991, 0.0 ], [ 114.024703884712494, -7.702037972095013, 0.0 ], [ 114.025188264397457, -7.702345263754978, 0.0 ], [ 114.025626677292507, -7.702927740892505, 0.0 ], [ 114.026372647287531, -7.703800831252522, 0.0 ], [ 114.027661108982556, -7.706464328294999, 0.0 ], [ 114.027765763612479, -7.706524535250026, 0.0 ], [ 114.027985702634965, -7.706623362885011, 0.0 ], [ 114.028187804710001, -7.706673463284972, 0.0 ], [ 114.028449651937535, -7.706719895872482, 0.0 ], [ 114.028587007037459, -7.706744253115005, 0.0 ], [ 114.029363499092483, -7.706729259762483, 0.0 ], [ 114.030556636062556, -7.706842227712514, 0.0 ], [ 114.031427700055019, -7.70702607042, 0.0 ], [ 114.032946958709999, -7.707388157615014, 0.0 ], [ 114.033779130142534, -7.707661897904984, 0.0 ], [ 114.034055267767485, -7.707577482222518, 0.0 ], [ 114.034285555382553, -7.707615286387522, 0.0 ], [ 114.034487756272483, -7.707746500644987, 0.0 ], [ 114.034665669409947, -7.707999783425009, 0.0 ], [ 114.034796376079953, -7.708185282619979, 0.0 ], [ 114.035030691742463, -7.70828400388001, 0.0 ], [ 114.036001976277475, -7.70840976221001, 0.0 ], [ 114.037080462167523, -7.708448714242479, 0.0 ], [ 114.037702299362536, -7.708458639292473, 0.0 ], [ 114.037877833762536, -7.708378519930022, 0.0 ], [ 114.038118468172456, -7.708355301264987, 0.0 ], [ 114.040010948982513, -7.708639420680015, 0.0 ], [ 114.041575195267455, -7.708870098417492, 0.0 ], [ 114.042295839957546, -7.709127880887479, 0.0 ], [ 114.043561168239989, -7.709831118602494, 0.0 ], [ 114.044176942705008, -7.710166126272497, 0.0 ], [ 114.044996058922493, -7.710791271392509, 0.0 ], [ 114.045530032797501, -7.711079056605001, 0.0 ], [ 114.045952565272501, -7.711195550294974, 0.0 ], [ 114.046503927837534, -7.711234644, 0.0 ], [ 114.04687320279254, -7.711275034232472, 0.0 ] ] ] } },
{ "type": "Feature", "properties": { "NAMOBJ": "Jaringan Irigasi Sekunder", "REMARK": "DI Patemon Arjasa" }, "geometry": { "type": "MultiLineString", "coordinates": [ [ [ 114.12797906337255, -7.72049689285501, 0.0 ], [ 114.12811672569751, -7.720536627917511, 0.0 ], [ 114.128233151850054, -7.720622103617472, 0.0 ], [ 114.128332165957545, -7.720686974099976, 0.0 ], [ 114.128409626787516, -7.72076254548, 0.0 ], [ 114.128729304857529, -7.72039194792751, 0.0 ], [ 114.128987492347505, -7.720057863952491, 0.0 ], [ 114.129142998807538, -7.719836399370024, 0.0 ], [ 114.129339664277495, -7.719503771130007, 0.0 ], [ 114.129467200795034, -7.719268097724978, 0.0 ], [ 114.129642340832447, -7.719065387400008, 0.0 ], [ 114.130019698829983, -7.718644882942499, 0.0 ], [ 114.130108073289989, -7.718554130207508, 0.0 ], [ 114.130480009955022, -7.718225594229978, 0.0 ], [ 114.130768995285052, -7.718099931602524, 0.0 ], [ 114.13143634472749, -7.717863500740009, 0.0 ], [ 114.131606402100033, -7.717796566795016, 0.0 ], [ 114.13225336517246, -7.717913334185027, 0.0 ], [ 114.132835372867476, -7.718041154624984, 0.0 ] ] ] } },
{ "type": "Feature", "properties": { "NAMOBJ": "Jaringan Irigasi Sekunder", "REMARK": "DI Sbr. Sageran" }, "geometry": { "type": "MultiLineString", "coordinates": [ [ [ 114.074732745429969, -7.71755532218998, 0.0 ], [ 114.074711824565043, -7.717424357710001, 0.0 ], [ 114.074677207985019, -7.717191438187513, 0.0 ], [ 114.074664608215016, -7.716794357215008, 0.0 ], [ 114.074660523574948, -7.716739414377514, 0.0 ], [ 114.074358280907518, -7.716521498949987, 0.0 ], [ 114.074339224047549, -7.716425603387506, 0.0 ], [ 114.07428340453248, -7.716429565084979, 0.0 ], [ 114.074102674274968, -7.716288487757481, 0.0 ], [ 114.074009624982523, -7.716146957919989, 0.0 ], [ 114.07397685354249, -7.716100652977502, 0.0 ], [ 114.07396313626748, -7.715922390392507, 0.0 ], [ 114.073990164777456, -7.715295255219985, 0.0 ] ] ] } },
{ "type": "Feature", "properties": { "NAMOBJ": "Jaringan Irigasi Sekunder", "REMARK": "DI Sbr. Taman" }, "geometry": { "type": "MultiLineString", "coordinates": [ [ [ 113.656673647527555, -7.741009550767501, 0.0 ], [ 113.657043827985035, -7.740904643760018, 0.0 ], [ 113.657204136837549, -7.740538508272493, 0.0 ], [ 113.657290458649982, -7.740380917544996, 0.0 ], [ 113.657375376392451, -7.740201268982503, 0.0 ], [ 113.65753319511748, -7.739782802539992, 0.0 ], [ 113.657635878842484, -7.739488464142482, 0.0 ], [ 113.657722453080055, -7.739191981664987, 0.0 ], [ 113.657885516167539, -7.739106799767512, 0.0 ], [ 113.65788364767252, -7.739035542040028, 0.0 ], [ 113.657825410789997, -7.738889384987488, 0.0 ], [ 113.657836276812532, -7.738793486302484, 0.0 ], [ 113.657793398427543, -7.738690048892522, 0.0 ], [ 113.657724646765018, -7.738567948052491, 0.0 ], [ 113.657836747530041, -7.738482283587473, 0.0 ], [ 113.657843759777506, -7.738382750664982, 0.0 ], [ 113.657771179497445, -7.738276819602504, 0.0 ], [ 113.657566376187447, -7.738248812577524, 0.0 ], [ 113.657503315355029, -7.738220967057487, 0.0 ], [ 113.657135061782469, -7.737969134784976, 0.0 ], [ 113.656760670922495, -7.7377493281125, 0.0 ], [ 113.656679610544984, -7.737689858652516, 0.0 ] ] ] } },
{ "type": "Feature", "properties": { "NAMOBJ": "Jaringan Irigasi Sekunder", "REMARK": "DI Accem" }, "geometry": { "type": "MultiLineString", "coordinates": [ [ [ 113.69598131116004, -7.805229535399974, 0.0 ], [ 113.695929119942548, -7.805149038522472, 0.0 ], [ 113.69585912860498, -7.805061431589991, 0.0 ], [ 113.695820043805043, -7.805020228585022, 0.0 ], [ 113.695800600667553, -7.804993798759995, 0.0 ], [ 113.695827878909995, -7.804925717854985, 0.0 ], [ 113.695870316222454, -7.804855809022513, 0.0 ], [ 113.695911388995, -7.804788675417512, 0.0 ], [ 113.695963771554943, -7.804748124034973, 0.0 ], [ 113.696029226400015, -7.804759337152518, 0.0 ], [ 113.69608510340754, -7.804743204210013, 0.0 ], [ 113.696156623677552, -7.80462950156749, 0.0 ], [ 113.696213779885056, -7.80458801387249, 0.0 ], [ 113.69628682729001, -7.804533773517505, 0.0 ], [ 113.696389589170053, -7.804477849419982, 0.0 ], [ 113.69646192780499, -7.804429229777497, 0.0 ], [ 113.696532168872523, -7.8043637507825, 0.0 ], [ 113.6965842540925, -7.804300065052473, 0.0 ], [ 113.696640619782556, -7.804212390759972, 0.0 ] ] ] } },
{ "type": "Feature", "properties": { "NAMOBJ": "Jaringan Irigasi Sekunder", "REMARK": "DI Kalorkoran" }, "geometry": { "type": "MultiLineString", "coordinates": [ [ [ 114.312332958217553, -7.76516108313001, 0.0 ], [ 114.31233299953999, -7.765161000092519, 0.0 ], [ 114.312348000507541, -7.765072999789993, 0.0 ], [ 114.312433999822474, -7.764681000489986, 0.0 ], [ 114.312547999625053, -7.764074000474977, 0.0 ], [ 114.312567999717544, -7.764012999847523, 0.0 ], [ 114.312599000577507, -7.763971999700004, 0.0 ], [ 114.312759000412484, -7.763466000290009, 0.0 ], [ 114.312820999437463, -7.763248000202509, 0.0 ], [ 114.31282599945996, -7.763244999862479, 0.0 ], [ 114.31282599945996, -7.763243999749989, 0.0 ], [ 114.31282599945996, -7.763238999184978, 0.0 ], [ 114.312838000054967, -7.763215000119999, 0.0 ], [ 114.312975000322467, -7.762811999447479, 0.0 ], [ 114.313100999819994, -7.762363999624995, 0.0 ], [ 114.313327000675031, -7.76172799968748, 0.0 ], [ 114.313473000265049, -7.761293999772477, 0.0 ], [ 114.31359900066002, -7.760870999655026, 0.0 ], [ 114.313659999862466, -7.760584000790004, 0.0 ], [ 114.313673000280005, -7.760487000459989, 0.0 ], [ 114.313689000175032, -7.760401999607495, 0.0 ], [ 114.31371700066245, -7.760386999832519, 0.0 ], [ 114.313766000167448, -7.760333999665022, 0.0 ] ] ] } },
{ "type": "Feature", "properties": { "NAMOBJ": "Jaringan Irigasi Sekunder", "REMARK": "DI Kalorkoran" }, "geometry": { "type": "MultiLineString", "coordinates": [ [ [ 114.312332958217553, -7.76516108313001, 0.0 ], [ 114.312313999275034, -7.765133999655006, 0.0 ], [ 114.31230900014998, -7.765132999537514, 0.0 ], [ 114.312314999997511, -7.765145000034977, 0.0 ], [ 114.312312000522525, -7.765138000124978, 0.0 ], [ 114.312332000615015, -7.765163000327505, 0.0 ], [ 114.312332958217553, -7.76516108313001, 0.0 ] ] ] } },
{ "type": "Feature", "properties": { "NAMOBJ": "Jaringan Irigasi Sekunder", "REMARK": "DI Sbr. Edden" }, "geometry": { "type": "MultiLineString", "coordinates": [ [ [ 113.720010903652451, -7.880474879054987, 0.0 ], [ 113.720135234079976, -7.880428997262527, 0.0 ], [ 113.720251735689999, -7.880371714167495, 0.0 ], [ 113.720412313139946, -7.880287562124977, 0.0 ] ] ] } },
{ "type": "Feature", "properties": { "NAMOBJ": "Jaringan Irigasi Sekunder", "REMARK": "DI Sbr. Klontong" }, "geometry": { "type": "MultiLineString", "coordinates": [ [ [ 113.657787849532497, -7.740072370777511, 0.0 ], [ 113.658027184980028, -7.740099071274983, 0.0 ], [ 113.658175055760012, -7.740155466062504, 0.0 ], [ 113.658317615699957, -7.740210478474978, 0.0 ], [ 113.658564452977544, -7.740160512897489, 0.0 ], [ 113.658730588305048, -7.740152678487505, 0.0 ], [ 113.658920930535032, -7.740187840259978, 0.0 ], [ 113.659089478735041, -7.740244549859995, 0.0 ], [ 113.65926272692252, -7.740286315139997, 0.0 ], [ 113.659365616362493, -7.740284274870021, 0.0 ], [ 113.659637045920022, -7.740331909120016, 0.0 ], [ 113.659860104790027, -7.740406872575022, 0.0 ], [ 113.660072166487453, -7.74044742885502, 0.0 ], [ 113.660171847142465, -7.740513618990008, 0.0 ], [ 113.660071469395007, -7.740633465679991, 0.0 ], [ 113.660029247677471, -7.740742613757504, 0.0 ], [ 113.660163681457448, -7.740789740727507, 0.0 ], [ 113.660308239252458, -7.740819771762517, 0.0 ], [ 113.660457940797528, -7.740836332084996, 0.0 ], [ 113.660525240782476, -7.740852583994979, 0.0 ], [ 113.660507181052481, -7.741016216325022, 0.0 ], [ 113.660470759757459, -7.741185974097505, 0.0 ], [ 113.660521137280057, -7.741295169762509, 0.0 ], [ 113.660571572292497, -7.741325288430005, 0.0 ], [ 113.660511503745056, -7.741457094124996, 0.0 ], [ 113.66041574064252, -7.741714210697523, 0.0 ], [ 113.660439576540057, -7.741938568942487, 0.0 ], [ 113.660491558452463, -7.742199451554995, 0.0 ] ] ] } },
{ "type": "Feature", "properties": { "NAMOBJ": "Jaringan Irigasi Primer", "REMARK": "DI Sampean Lama" }, "geometry": { "type": "MultiLineString", "coordinates": [ [ [ 114.035754567672484, -7.6434460980675, 0.0 ], [ 114.035875558165003, -7.643515024844987, 0.0 ], [ 114.03608639815252, -7.643518320842475, 0.0 ], [ 114.036198801647515, -7.643491238554986, 0.0 ], [ 114.036255682972524, -7.643404317440002, 0.0 ], [ 114.036293186737453, -7.643287416725002, 0.0 ], [ 114.036511119822535, -7.642515061247479, 0.0 ], [ 114.037184270582543, -7.639905191439993, 0.0 ], [ 114.037991034962488, -7.636937245317483, 0.0 ], [ 114.038930779649945, -7.633643074625013, 0.0 ] ] ] } },
{ "type": "Feature", "properties": { "NAMOBJ": "Jaringan Irigasi Sekunder", "REMARK": "DI Cr. Taman Kursi" }, "geometry": { "type": "MultiLineString", "coordinates": [ [ [ 113.688858939379998, -7.894081914184994, 0.0 ], [ 113.688909142627494, -7.894002843670023, 0.0 ], [ 113.689006961974997, -7.893949206260004, 0.0 ], [ 113.689094905245042, -7.893884085034983, 0.0 ], [ 113.6891387771675, -7.89384364567502, 0.0 ], [ 113.689193832214983, -7.893784398272487, 0.0 ], [ 113.689240007417538, -7.893688577202511, 0.0 ], [ 113.68927831966505, -7.893590600142488, 0.0 ], [ 113.689281212242463, -7.893515598934982, 0.0 ], [ 113.689323848980052, -7.893416615110027, 0.0 ], [ 113.68940845680504, -7.893356981657519, 0.0 ], [ 113.689460254562505, -7.893325343462493, 0.0 ], [ 113.689536525122548, -7.893310551709988, 0.0 ], [ 113.689575017035054, -7.893287311182519, 0.0 ], [ 113.689648166847519, -7.893285983987482, 0.0 ], [ 113.689735065377477, -7.893259737642495, 0.0 ], [ 113.689806085284999, -7.893243109362515, 0.0 ], [ 113.689841143834997, -7.893241123132498, 0.0 ], [ 113.689905396734957, -7.893218291537494, 0.0 ], [ 113.690006349407554, -7.893216135529997, 0.0 ], [ 113.690110322214991, -7.893214775472472, 0.0 ], [ 113.690164661304948, -7.893230205260011, 0.0 ], [ 113.690197025809994, -7.893249652234999, 0.0 ], [ 113.690225291299953, -7.893281222877476, 0.0 ], [ 113.690254742565003, -7.893301639235005, 0.0 ], [ 113.690314513769977, -7.893298566787507, 0.0 ], [ 113.690340085212483, -7.893284382040008, 0.0 ], [ 113.690391139164944, -7.893240027784998, 0.0 ], [ 113.690556511822479, -7.893052867702522, 0.0 ], [ 113.690618131759948, -7.892987101275025, 0.0 ], [ 113.690641518500001, -7.892940388405009, 0.0 ], [ 113.690666784514974, -7.892903476150025, 0.0 ], [ 113.69071154577, -7.892818955594976, 0.0 ], [ 113.690743562625016, -7.892796731027488, 0.0 ], [ 113.690775998992535, -7.89279828824499, 0.0 ], [ 113.69082616181754, -7.892821175497488, 0.0 ], [ 113.690917812432531, -7.892766256679977, 0.0 ], [ 113.690967185637533, -7.892669927415, 0.0 ], [ 113.691015183522495, -7.892583663482526, 0.0 ], [ 113.69101332131504, -7.892466962667527, 0.0 ], [ 113.690988323894999, -7.892423766825004, 0.0 ], [ 113.690938496142508, -7.892358220474989, 0.0 ], [ 113.690922165670031, -7.892321052690022, 0.0 ], [ 113.690942511612548, -7.892220281904997, 0.0 ], [ 113.691014996672493, -7.892154417024983, 0.0 ], [ 113.691095858522544, -7.892033585967511, 0.0 ], [ 113.691124526457543, -7.891956256520018, 0.0 ], [ 113.691128417960044, -7.891888866415002, 0.0 ], [ 113.691148493510013, -7.891844516867479, 0.0 ], [ 113.691203476695023, -7.891781634117478, 0.0 ], [ 113.691260240337556, -7.891695198762477, 0.0 ], [ 113.691316778504984, -7.8916602591475, 0.0 ], [ 113.691337041802512, -7.891617554464972, 0.0 ], [ 113.69137649670995, -7.891492175150006, 0.0 ], [ 113.691400808715002, -7.891329287707492, 0.0 ], [ 113.691404749622507, -7.891259191292477, 0.0 ], [ 113.691415135044963, -7.891186964452515, 0.0 ], [ 113.691455548454996, -7.891123109684997, 0.0 ], [ 113.691553504345052, -7.891019875577513, 0.0 ], [ 113.691637910049963, -7.890961016505003, 0.0 ], [ 113.691703293029946, -7.890903843349975, 0.0 ], [ 113.691755625285055, -7.890838587502515, 0.0 ], [ 113.691817768042483, -7.890765312855024, 0.0 ], [ 113.691862658652553, -7.890664347104973, 0.0 ], [ 113.691864137280049, -7.890565834939991, 0.0 ], [ 113.691853292817541, -7.890505844990003, 0.0 ], [ 113.691857001962489, -7.890455262190017, 0.0 ], [ 113.692009368809977, -7.890378148447496, 0.0 ], [ 113.692084863227478, -7.890338433257511, 0.0 ], [ 113.692146434655001, -7.890301231877515, 0.0 ], [ 113.69219024009999, -7.890274899917472, 0.0 ], [ 113.692234598909977, -7.890209684327488, 0.0 ], [ 113.692265644684994, -7.89011615697251, 0.0 ], [ 113.692255307772484, -7.890063278572484, 0.0 ], [ 113.692213965504948, -7.890005618115026, 0.0 ], [ 113.692171485972494, -7.889970609264992, 0.0 ], [ 113.692127224182514, -7.88994186210499, 0.0 ], [ 113.692070076057462, -7.889908524564987, 0.0 ], [ 113.692071969707513, -7.889888556544975, 0.0 ], [ 113.69216913687751, -7.889777212672527, 0.0 ], [ 113.692275162335022, -7.889649639574998, 0.0 ], [ 113.692261972372535, -7.889537265237493, 0.0 ], [ 113.69225762273004, -7.88942076789499, 0.0 ], [ 113.692239890885048, -7.889366409052514, 0.0 ], [ 113.692157693240006, -7.889236207270017, 0.0 ], [ 113.692156066389998, -7.88921223491252, 0.0 ], [ 113.692154366777459, -7.889113842659981, 0.0 ], [ 113.692155142024944, -7.889014647179977, 0.0 ], [ 113.692127049009969, -7.888895863469997, 0.0 ], [ 113.692062774552483, -7.888842841002486, 0.0 ], [ 113.69197477648504, -7.888761280489973, 0.0 ], [ 113.691943153989996, -7.888667561769978, 0.0 ] ] ] } },
{ "type": "Feature", "properties": { "NAMOBJ": "Jaringan Irigasi Sekunder", "REMARK": "DI Sbr. Bringin" }, "geometry": { "type": "MultiLineString", "coordinates": [ [ [ 113.698716919255048, -7.885096805777494, 0.0 ], [ 113.698772903162535, -7.885008099892502, 0.0 ], [ 113.698843508947448, -7.884938369632494, 0.0 ], [ 113.698939254084962, -7.884820081782493, 0.0 ], [ 113.698954109524948, -7.884746900364973, 0.0 ], [ 113.698962020087492, -7.884723933225018, 0.0 ], [ 113.699079365217472, -7.884672551527501, 0.0 ], [ 113.699189976574985, -7.884642607170008, 0.0 ], [ 113.699229585092553, -7.884629063477519, 0.0 ], [ 113.699322081922446, -7.88458786283752, 0.0 ], [ 113.699354993500037, -7.884535521835005, 0.0 ], [ 113.699410954049995, -7.884510196104998, 0.0 ], [ 113.699481386459979, -7.884519886077499, 0.0 ], [ 113.699543310027479, -7.884527983262501, 0.0 ], [ 113.699607950997461, -7.884535715342508, 0.0 ], [ 113.699667397910048, -7.884566052182493, 0.0 ], [ 113.699743638827499, -7.88457770278751, 0.0 ], [ 113.699827561237498, -7.884544507147496, 0.0 ], [ 113.699978231170007, -7.884494119479996, 0.0 ], [ 113.7001061476725, -7.884428996055021, 0.0 ], [ 113.700340955610045, -7.884316627659985, 0.0 ], [ 113.700403361572512, -7.884257576007485, 0.0 ], [ 113.700443246769964, -7.884205660397527, 0.0 ], [ 113.700437283752535, -7.884172235682513, 0.0 ], [ 113.700443488417477, -7.88411663797001, 0.0 ], [ 113.700473386147451, -7.884052377170008, 0.0 ], [ 113.700541732667489, -7.88397608516749, 0.0 ], [ 113.700628200004985, -7.883911058574995, 0.0 ], [ 113.700687959532502, -7.883842778885025, 0.0 ], [ 113.70071414272752, -7.883700981155016, 0.0 ], [ 113.700737807047517, -7.883641666709991, 0.0 ], [ 113.700810862537537, -7.88356410603501, 0.0 ], [ 113.700856447547494, -7.88347309208001, 0.0 ], [ 113.700876524892465, -7.883427951129988, 0.0 ], [ 113.700841881365022, -7.883397017420009, 0.0 ], [ 113.700809515064975, -7.883372622782474, 0.0 ], [ 113.700804797112482, -7.883328082445018, 0.0 ], [ 113.700864618622518, -7.883250216047486, 0.0 ], [ 113.700963940852489, -7.883228636392516, 0.0 ], [ 113.701017792157472, -7.883228233862496, 0.0 ], [ 113.70106216264503, -7.88319898970002, 0.0 ], [ 113.701169875139954, -7.88316620400002, 0.0 ], [ 113.701263171470032, -7.883120795642526, 0.0 ], [ 113.701293233590036, -7.883088000822511, 0.0 ], [ 113.70132993695745, -7.882992707917481, 0.0 ], [ 113.701381113079947, -7.882932429690015, 0.0 ], [ 113.701569022670014, -7.882820894135023, 0.0 ], [ 113.701597912490001, -7.882789626397482, 0.0 ] ] ] } },
{ "type": "Feature", "properties": { "NAMOBJ": "Jaringan Irigasi Sekunder", "REMARK": "DI Tanah Merah B" }, "geometry": { "type": "MultiLineString", "coordinates": [ [ [ 113.671803235239963, -7.798970280662502, 0.0 ], [ 113.671832302925054, -7.798789385740008, 0.0 ], [ 113.671860670822525, -7.798622703522483, 0.0 ], [ 113.671865863984976, -7.798478718312481, 0.0 ], [ 113.671911417552451, -7.798243361362495, 0.0 ], [ 113.671925895700042, -7.798069458065015, 0.0 ], [ 113.671883997377449, -7.797959901242507, 0.0 ], [ 113.67186828404499, -7.79787634582749, 0.0 ], [ 113.671864950397548, -7.797707711945009, 0.0 ], [ 113.671893104497485, -7.797590155497517, 0.0 ], [ 113.671910356642456, -7.797533317894988, 0.0 ] ] ] } },
{ "type": "Feature", "properties": { "NAMOBJ": "Jaringan Irigasi Sekunder", "REMARK": "DI Ra'As" }, "geometry": { "type": "MultiLineString", "coordinates": [ [ [ 113.691404904132469, -7.836309245617485, 0.0 ], [ 113.69151362543505, -7.836262868435028, 0.0 ], [ 113.691688239959944, -7.836219685592482, 0.0 ], [ 113.69177097120496, -7.836223609150011, 0.0 ], [ 113.691835469345051, -7.836218307465003, 0.0 ], [ 113.691886047189996, -7.836215235430018, 0.0 ], [ 113.691987976329983, -7.83618845686749, 0.0 ], [ 113.69214677511502, -7.836131817672481, 0.0 ], [ 113.692314300137468, -7.836077219207482, 0.0 ], [ 113.692581216557528, -7.835927536412498, 0.0 ], [ 113.692699036894965, -7.835843927052508, 0.0 ], [ 113.692753084932519, -7.835740629675001, 0.0 ], [ 113.692824402182509, -7.835647572434993, 0.0 ], [ 113.692941243357495, -7.835542218869989, 0.0 ], [ 113.693030412827511, -7.835473035175028, 0.0 ], [ 113.693156990839952, -7.835374591439972, 0.0 ], [ 113.693305946785017, -7.83524589927498, 0.0 ], [ 113.693500141887512, -7.835067956114983, 0.0 ], [ 113.693639046584963, -7.834923128135017, 0.0 ], [ 113.693769752357525, -7.834791628749997, 0.0 ], [ 113.693828514752454, -7.834720511242494, 0.0 ], [ 113.693867913064992, -7.834630665885015, 0.0 ], [ 113.693864704282532, -7.834557511337493, 0.0 ], [ 113.693947059132483, -7.834464259957485, 0.0 ], [ 113.694021541147549, -7.83436745833751, 0.0 ], [ 113.694073961437539, -7.83431441618751, 0.0 ], [ 113.694138284404971, -7.834244571922511, 0.0 ], [ 113.694227912014981, -7.834157489295023, 0.0 ], [ 113.694254398842531, -7.83411615207001, 0.0 ] ] ] } },
{ "type": "Feature", "properties": { "NAMOBJ": "Jaringan Irigasi Sekunder", "REMARK": "DI Ceracap" }, "geometry": { "type": "MultiLineString", "coordinates": [ [ [ 113.695094024495006, -7.900265467555016, 0.0 ], [ 113.695213974737499, -7.900261587224975, 0.0 ], [ 113.695303687687556, -7.900246574332527, 0.0 ], [ 113.695361677532446, -7.900281113935023, 0.0 ], [ 113.695393454537452, -7.900302838679977, 0.0 ], [ 113.695484314637497, -7.900325701692509, 0.0 ], [ 113.695544042722531, -7.900320579945003, 0.0 ], [ 113.695576559039978, -7.900266749132527, 0.0 ], [ 113.69561948054502, -7.900192700627485, 0.0 ], [ 113.695660182312508, -7.900120412932495, 0.0 ], [ 113.695710229252541, -7.900017102700019, 0.0 ], [ 113.695750280640027, -7.899976150675002, 0.0 ], [ 113.695832914865036, -7.899959942020018, 0.0 ], [ 113.695885545362444, -7.899968677550021, 0.0 ], [ 113.695944084975054, -7.899960958882502, 0.0 ], [ 113.696049248949976, -7.899938078545006, 0.0 ], [ 113.696149429070033, -7.899910992925015, 0.0 ], [ 113.696229652217539, -7.899870091112518, 0.0 ], [ 113.696295925427535, -7.899826140539972, 0.0 ], [ 113.696374019570044, -7.899787012312515, 0.0 ], [ 113.696405329450045, -7.899788292975018, 0.0 ], [ 113.696411632927493, -7.899805938377483, 0.0 ], [ 113.696449859837458, -7.899848014962515, 0.0 ], [ 113.696465554302449, -7.899939141050027, 0.0 ], [ 113.69649744719004, -7.899985152744989, 0.0 ], [ 113.696538862219995, -7.900046528757514, 0.0 ], [ 113.696546356865042, -7.900127327422524, 0.0 ], [ 113.696552685495021, -7.900188797477483, 0.0 ], [ 113.696583518372449, -7.900230373882493, 0.0 ], [ 113.696641721117544, -7.90023955577999, 0.0 ], [ 113.696842121782538, -7.900194118212482, 0.0 ], [ 113.696921810432514, -7.900178340392472, 0.0 ], [ 113.696979506527555, -7.900121672602495, 0.0 ], [ 113.69705079503251, -7.900075242829985, 0.0 ], [ 113.697107455369974, -7.900042872977508, 0.0 ], [ 113.697154379767539, -7.900013357467515, 0.0 ], [ 113.697209695327501, -7.899978982190021, 0.0 ], [ 113.697246711307457, -7.899970636427497, 0.0 ], [ 113.697263230427552, -7.899949016672508, 0.0 ], [ 113.697296947792552, -7.899907310675019, 0.0 ], [ 113.697321974857459, -7.899871099759991, 0.0 ], [ 113.697383527420016, -7.8998597015825, 0.0 ], [ 113.697442439834958, -7.899829286060026, 0.0 ], [ 113.697482184897467, -7.899801489372521, 0.0 ], [ 113.697538440992503, -7.89978490647502, 0.0 ], [ 113.697667777732477, -7.899759444742472, 0.0 ], [ 113.697716145722552, -7.899751775370021, 0.0 ], [ 113.69778386791495, -7.899750532129985, 0.0 ], [ 113.697847474027526, -7.899692556352477, 0.0 ], [ 113.697901316349999, -7.899633209550018, 0.0 ], [ 113.697935702962468, -7.899605858322502, 0.0 ], [ 113.697954717600055, -7.899581347740025, 0.0 ], [ 113.698104605099957, -7.899549659790011, 0.0 ], [ 113.698170306980046, -7.899519310924973, 0.0 ], [ 113.698231225332506, -7.899483707057527, 0.0 ], [ 113.698345721904957, -7.899389891950023, 0.0 ], [ 113.69848342734997, -7.899371184977497, 0.0 ], [ 113.698577168344968, -7.899323252812508, 0.0 ], [ 113.698669821482554, -7.899275939535016, 0.0 ], [ 113.698698493012444, -7.899223645099994, 0.0 ], [ 113.698705590599957, -7.899167973304998, 0.0 ], [ 113.698788892275047, -7.899070956160017, 0.0 ], [ 113.698866181524977, -7.898984390614999, 0.0 ], [ 113.698923117647496, -7.898892380227494, 0.0 ], [ 113.698973145722448, -7.898795436170019, 0.0 ], [ 113.698995954847533, -7.89872364436502, 0.0 ], [ 113.699029679400041, -7.898645359820023, 0.0 ], [ 113.69909319029, -7.898574438852506, 0.0 ], [ 113.699153111512487, -7.898527134785013, 0.0 ], [ 113.699246781542456, -7.898471778909993, 0.0 ], [ 113.699324224405018, -7.898375031199976, 0.0 ], [ 113.699434798032485, -7.898302616024978, 0.0 ], [ 113.699464614015028, -7.898268569494974, 0.0 ], [ 113.699445505052495, -7.898232694629996, 0.0 ], [ 113.699414250867449, -7.898203804512491, 0.0 ], [ 113.699377575350013, -7.898172074677518, 0.0 ], [ 113.699371860267547, -7.898124244882524, 0.0 ], [ 113.69940015270754, -7.898053740237515, 0.0 ], [ 113.699422841457476, -7.897990058782511, 0.0 ], [ 113.699455832982494, -7.897917346099973, 0.0 ], [ 113.699496026305042, -7.897852211487475, 0.0 ], [ 113.699507255244953, -7.897746188055009, 0.0 ] ] ] } },
{ "type": "Feature", "properties": { "NAMOBJ": "Jaringan Irigasi Sekunder", "REMARK": "DI Pao" }, "geometry": { "type": "MultiLineString", "coordinates": [ [ [ 113.80636282218245, -7.780250691607478, 0.0 ], [ 113.806175066205014, -7.780173280167503, 0.0 ], [ 113.806100462017525, -7.780127355287505, 0.0 ], [ 113.805953561417482, -7.780182590894981, 0.0 ], [ 113.805903960939986, -7.780225012507515, 0.0 ], [ 113.805753977322524, -7.780236453122484, 0.0 ], [ 113.805678373310002, -7.780206348164995, 0.0 ], [ 113.805571052482492, -7.780140182972502, 0.0 ], [ 113.805485925430048, -7.780104437565001, 0.0 ], [ 113.805378027882512, -7.780096790414973, 0.0 ], [ 113.805277697745055, -7.780074222200028, 0.0 ], [ 113.805177188840048, -7.780053317559975, 0.0 ], [ 113.805147463587446, -7.780018606989984, 0.0 ], [ 113.805147358484987, -7.779960637412501, 0.0 ], [ 113.805114355280011, -7.779815362632519, 0.0 ], [ 113.805083087620005, -7.779751014379997, 0.0 ], [ 113.805042723619977, -7.779684266140009, 0.0 ], [ 113.804977872442464, -7.779625169612473, 0.0 ], [ 113.804904450439949, -7.779553425199992, 0.0 ], [ 113.804734605967496, -7.779442396592515, 0.0 ], [ 113.804626322145054, -7.779342134229978, 0.0 ], [ 113.804594402307544, -7.779255770880013, 0.0 ], [ 113.804574365384951, -7.779176587455026, 0.0 ], [ 113.804589797544963, -7.779073180525018, 0.0 ], [ 113.804593105140043, -7.779044772982502, 0.0 ], [ 113.804568908120018, -7.778965555832485, 0.0 ], [ 113.804539190952482, -7.778946201662507, 0.0 ], [ 113.804490824760023, -7.778949118155026, 0.0 ], [ 113.804390800945043, -7.779026600555028, 0.0 ], [ 113.804306099695054, -7.779042134814972, 0.0 ], [ 113.804283348065042, -7.779033280387523, 0.0 ], [ 113.80424253221247, -7.779082008489979, 0.0 ], [ 113.804207568882475, -7.779081232824979, 0.0 ], [ 113.804165304047501, -7.779011629335002, 0.0 ], [ 113.804118799162552, -7.778905201004989, 0.0 ], [ 113.80411668632496, -7.778860581199979, 0.0 ], [ 113.80402151880503, -7.778776328662502, 0.0 ], [ 113.803911683589945, -7.778764738430027, 0.0 ], [ 113.803870208374974, -7.778770673622489, 0.0 ], [ 113.803805668912446, -7.7787814088, 0.0 ], [ 113.80370832836752, -7.778805998234986, 0.0 ], [ 113.803635694185004, -7.778811327497522, 0.0 ], [ 113.803598377269964, -7.778792810134973, 0.0 ], [ 113.803529005772475, -7.778766492342527, 0.0 ], [ 113.803493074057542, -7.77873264788002, 0.0 ], [ 113.803506555075046, -7.778668850965005, 0.0 ], [ 113.80351290077499, -7.778625272400006, 0.0 ], [ 113.803456414710013, -7.778566712595023, 0.0 ], [ 113.803396190755052, -7.778534794527502, 0.0 ], [ 113.803329153977529, -7.778467120245011, 0.0 ], [ 113.803279808620005, -7.778409430115005, 0.0 ], [ 113.803238225605014, -7.778367940387511, 0.0 ], [ 113.803228546257515, -7.778326246255006, 0.0 ], [ 113.803174356287514, -7.778251423134975, 0.0 ], [ 113.803139087529985, -7.778230535007481, 0.0 ] ] ] } },
{ "type": "Feature", "properties": { "NAMOBJ": "Jaringan Irigasi Sekunder", "REMARK": "DI Suren" }, "geometry": { "type": "MultiLineString", "coordinates": [ [ [ 113.622389329725024, -7.756023482247485, 0.0 ], [ 113.622353304587477, -7.755804086150022, 0.0 ], [ 113.622306249034978, -7.755621179045022, 0.0 ], [ 113.622304719204976, -7.755427964472517, 0.0 ], [ 113.622320337315045, -7.755261921349984, 0.0 ], [ 113.622395400539972, -7.755151296842484, 0.0 ], [ 113.622521322782518, -7.755046623652504, 0.0 ], [ 113.622639250917473, -7.754981717910027, 0.0 ], [ 113.622721009287488, -7.754909222050003, 0.0 ], [ 113.622755381525053, -7.754829017449993, 0.0 ], [ 113.622785564917535, -7.754654902640027, 0.0 ], [ 113.622778355937498, -7.754520287917501, 0.0 ], [ 113.622712435765038, -7.754340434559992, 0.0 ], [ 113.622690659704972, -7.754240383342506, 0.0 ], [ 113.622666393515033, -7.75408135409748, 0.0 ], [ 113.622679861955021, -7.753973307682486, 0.0 ], [ 113.622760330342544, -7.753826619987478, 0.0 ], [ 113.62283798610747, -7.753565450227484, 0.0 ] ] ] } },
{ "type": "Feature", "properties": { "NAMOBJ": "Jaringan Irigasi Sekunder", "REMARK": "DI Palangan" }, "geometry": { "type": "MultiLineString", "coordinates": [ [ [ 114.162625372590014, -7.729363339082511, 0.0 ], [ 114.162634613560044, -7.729364659384999, 0.0 ] ] ] } },
{ "type": "Feature", "properties": { "NAMOBJ": "Jaringan Irigasi Sekunder", "REMARK": "DI Penjalinan B" }, "geometry": { "type": "MultiLineString", "coordinates": [ [ [ 113.737376999977528, -7.764224999627515, 0.0 ], [ 113.737369999405018, -7.763986999597478, 0.0 ], [ 113.737376000152494, -7.763865999402526, 0.0 ], [ 113.737406999214954, -7.763686999915024, 0.0 ], [ 113.737450999597513, -7.763525999812487, 0.0 ], [ 113.737536999810004, -7.763320000144972, 0.0 ], [ 113.737575000342531, -7.763199999337473, 0.0 ], [ 113.737556000077461, -7.763120000337494, 0.0 ], [ 113.737527999590043, -7.763032999652523, 0.0 ], [ 113.737555000252542, -7.762961999872516, 0.0 ], [ 113.737636000442535, -7.762803000262522, 0.0 ], [ 113.737811000345005, -7.762563999992494, 0.0 ], [ 113.737960000307453, -7.762372999712511, 0.0 ], [ 113.738098000399987, -7.762263000277528, 0.0 ], [ 113.738185999364987, -7.762172000235012, 0.0 ], [ 113.738228000097479, -7.76210000048502, 0.0 ] ] ] } },
{ "type": "Feature", "properties": { "NAMOBJ": "Jaringan Irigasi Sekunder", "REMARK": "DI Paras" }, "geometry": { "type": "MultiLineString", "coordinates": [ [ [ 113.7142856564775, -7.881916729287525, 0.0 ], [ 113.714293809587502, -7.881828601847474, 0.0 ], [ 113.714258646832491, -7.881745694527524, 0.0 ], [ 113.71421852986748, -7.881700509950008, 0.0 ], [ 113.714193144377532, -7.881652721257524, 0.0 ], [ 113.714203766057494, -7.881596585344994, 0.0 ], [ 113.71421755070503, -7.881560682680004, 0.0 ], [ 113.714194680494984, -7.881491845667483, 0.0 ], [ 113.714141458907534, -7.881413096964991, 0.0 ], [ 113.714104816627469, -7.881344656115004, 0.0 ], [ 113.714057231070001, -7.881287300790007, 0.0 ], [ 113.714030556497505, -7.88123994023249, 0.0 ], [ 113.714008482195027, -7.88117296257002, 0.0 ], [ 113.713950259687522, -7.881123225189981, 0.0 ], [ 113.713890368110015, -7.881049963174974, 0.0 ], [ 113.713823954762461, -7.880925886752493, 0.0 ], [ 113.713858499475009, -7.880845877630009, 0.0 ], [ 113.713963552957466, -7.880660999437509, 0.0 ], [ 113.713998969935005, -7.880599656344998, 0.0 ], [ 113.714130203917534, -7.880604755947502, 0.0 ], [ 113.71421280221, -7.880652488842486, 0.0 ], [ 113.714251527684951, -7.880676415990024, 0.0 ], [ 113.714318068592547, -7.880654890319988, 0.0 ], [ 113.71437543680247, -7.880578945775028, 0.0 ], [ 113.714487871739948, -7.880400525487516, 0.0 ], [ 113.714579858327511, -7.880306196150002, 0.0 ], [ 113.714639989755028, -7.880197795704987, 0.0 ], [ 113.714779667002517, -7.880083472382523, 0.0 ], [ 113.714865333042553, -7.880018419915018, 0.0 ], [ 113.714998896355041, -7.879950530600013, 0.0 ], [ 113.715101267467503, -7.879986070762527, 0.0 ], [ 113.715155779935003, -7.880007006755022, 0.0 ], [ 113.715201533825052, -7.880055137545014, 0.0 ], [ 113.715227690072538, -7.880099330689973, 0.0 ], [ 113.715269201222554, -7.880127965830013, 0.0 ], [ 113.715296379750043, -7.880143658017516, 0.0 ], [ 113.715372245169988, -7.880112277292483, 0.0 ], [ 113.715430128117532, -7.880077708297506, 0.0 ], [ 113.715493209612532, -7.880066315215004, 0.0 ], [ 113.715519026295055, -7.880117281049991, 0.0 ], [ 113.715518632832527, -7.880142983487474, 0.0 ], [ 113.715535591230037, -7.880180828387495, 0.0 ], [ 113.715570630914954, -7.880239092672525, 0.0 ], [ 113.715607157312547, -7.880293993442478, 0.0 ], [ 113.715593730194996, -7.880350362849981, 0.0 ], [ 113.715592290194991, -7.880446179087528, 0.0 ], [ 113.715587098830042, -7.880506821154995, 0.0 ], [ 113.715608413157497, -7.88049531670498, 0.0 ], [ 113.715641647229972, -7.880470535222514, 0.0 ], [ 113.715746954934957, -7.880438606817506, 0.0 ], [ 113.715840037465, -7.880409023297489, 0.0 ], [ 113.715997215689981, -7.880393602189997, 0.0 ], [ 113.716048130405056, -7.880416120020016, 0.0 ], [ 113.716064101552547, -7.880472831730003, 0.0 ] ] ] } },
{ "type": "Feature", "properties": { "NAMOBJ": "Jaringan Irigasi Sekunder", "REMARK": "DI Sbr. Wunut" }, "geometry": { "type": "MultiLineString", "coordinates": [ [ [ 114.202688456495025, -7.73508011052752, 0.0 ], [ 114.202736311547483, -7.734699406282516, 0.0 ], [ 114.202695160622511, -7.734565760405019, 0.0 ], [ 114.202666893335049, -7.734473952284986, 0.0 ], [ 114.202746383459953, -7.734194522377493, 0.0 ], [ 114.202764216815012, -7.734131833369986, 0.0 ], [ 114.202764211425006, -7.734131793222502, 0.0 ], [ 114.202719918192543, -7.733803698019983, 0.0 ], [ 114.203115132002495, -7.732126764374982, 0.0 ], [ 114.203312267290016, -7.732022072120003, 0.0 ], [ 114.203547160567496, -7.730087260882499, 0.0 ] ] ] } },
{ "type": "Feature", "properties": { "NAMOBJ": "Jaringan Irigasi Primer", "REMARK": "DI Sampean Lama" }, "geometry": { "type": "MultiLineString", "coordinates": [ [ [ 114.010774720207451, -7.674253043885017, 0.0 ], [ 114.007093395425045, -7.673556333792476, 0.0 ], [ 114.004315367987488, -7.673045151012502, 0.0 ], [ 114.002969754572518, -7.672828687057518, 0.0 ], [ 113.999691832642498, -7.672165005240004, 0.0 ], [ 113.995554394565033, -7.671519833565014, 0.0 ], [ 113.995092397302528, -7.671236232827482, 0.0 ], [ 113.994888341392539, -7.670836105549995, 0.0 ], [ 113.995041392757457, -7.670110818035027, 0.0 ], [ 113.995517129752557, -7.668250340797499, 0.0 ], [ 113.995450136094973, -7.667920964199993, 0.0 ], [ 113.994925928702514, -7.666963766850017, 0.0 ], [ 113.993801999737457, -7.665230000415022, 0.0 ], [ 113.993514072619973, -7.664981265692518, 0.0 ], [ 113.993110334697462, -7.664804812137504, 0.0 ], [ 113.991440413297482, -7.66446148535249, 0.0 ], [ 113.990006031959979, -7.664138982170016, 0.0 ], [ 113.988970155859988, -7.663500829737472, 0.0 ], [ 113.987450936730056, -7.662607889920025, 0.0 ], [ 113.986519908395053, -7.662058634177527, 0.0 ], [ 113.985947521660023, -7.661919193780022, 0.0 ], [ 113.985423323249961, -7.661749541737493, 0.0 ], [ 113.984159478985021, -7.661230073592492, 0.0 ], [ 113.982359821992532, -7.660489636000023, 0.0 ], [ 113.979799983657472, -7.659459737772522, 0.0 ] ] ] } },
{ "type": "Feature", "properties": { "NAMOBJ": "Jaringan Irigasi Sekunder", "REMARK": "DI Buteng" }, "geometry": { "type": "MultiLineString", "coordinates": [ [ [ 113.673595111024952, -7.859846492037491, 0.0 ], [ 113.673655232572514, -7.859854842492496, 0.0 ], [ 113.67372959510999, -7.859851766632517, 0.0 ], [ 113.673838670350051, -7.859847799962495, 0.0 ], [ 113.673892711199983, -7.859857733979993, 0.0 ], [ 113.673922131924996, -7.859878151472515, 0.0 ], [ 113.674017542887555, -7.859866690477475, 0.0 ], [ 113.674064315469991, -7.85985997378998, 0.0 ], [ 113.674096077205036, -7.859870110429995, 0.0 ], [ 113.674132596415006, -7.859853040787527, 0.0 ], [ 113.674126252512451, -7.859822585227505, 0.0 ], [ 113.674149486540045, -7.859800638937486, 0.0 ], [ 113.674187495157526, -7.859774535220026, 0.0 ], [ 113.674232992132488, -7.859757565977475, 0.0 ], [ 113.674265997132466, -7.859757198152522, 0.0 ], [ 113.674313761454982, -7.8597402946275, 0.0 ], [ 113.67432753173, -7.859717875552519, 0.0 ], [ 113.674374762452544, -7.859670802162498, 0.0 ], [ 113.674436359032484, -7.859628298752511, 0.0 ], [ 113.674490271425043, -7.859573079372524, 0.0 ], [ 113.674614706057469, -7.859535793972498, 0.0 ], [ 113.6747156048325, -7.859495559590016, 0.0 ], [ 113.674818376592498, -7.859471216519978, 0.0 ], [ 113.67487787201253, -7.859487069497504, 0.0 ], [ 113.674912277487465, -7.859498755925017, 0.0 ], [ 113.674986755910027, -7.85952240624249, 0.0 ], [ 113.675027322929964, -7.859504746085008, 0.0 ], [ 113.675082834322552, -7.859459330209972, 0.0 ] ] ] } },
{ "type": "Feature", "properties": { "NAMOBJ": "Jaringan Irigasi Primer", "REMARK": "DI Sampean Lama" }, "geometry": { "type": "MultiLineString", "coordinates": [ [ [ 114.047909472354945, -7.680273683932512, 0.0 ], [ 114.047837103177471, -7.679169057127524, 0.0 ], [ 114.047933039657551, -7.678343805972474, 0.0 ], [ 114.048222001632553, -7.676029375237476, 0.0 ], [ 114.04842888094754, -7.674803002847511, 0.0 ], [ 114.048568831282523, -7.674270222052485, 0.0 ], [ 114.048666753937482, -7.672883295005022, 0.0 ], [ 114.048465207022446, -7.670655996712526, 0.0 ], [ 114.04831948411254, -7.668697183444976, 0.0 ], [ 114.048288782390046, -7.666068336657474, 0.0 ], [ 114.048421067402501, -7.663617590792512, 0.0 ], [ 114.048636442982456, -7.661901198677526, 0.0 ], [ 114.0496479998925, -7.656355000319991, 0.0 ], [ 114.050084405050029, -7.653281862592507, 0.0 ], [ 114.050482972269947, -7.65130127169499, 0.0 ], [ 114.050747393170013, -7.650585371039995, 0.0 ], [ 114.051421620112478, -7.648964325059978, 0.0 ], [ 114.052007180642477, -7.647508224230023, 0.0 ], [ 114.052565875257528, -7.646064263205005, 0.0 ], [ 114.052954241210045, -7.645050223942519, 0.0 ], [ 114.053358159694994, -7.644244307787517, 0.0 ], [ 114.053929233992449, -7.642739674019992, 0.0 ], [ 114.054442386714982, -7.641596466852491, 0.0 ] ] ] } },
{ "type": "Feature", "properties": { "NAMOBJ": "Jaringan Irigasi Sekunder", "REMARK": "DI Sbr. Taman 2" }, "geometry": { "type": "MultiLineString", "coordinates": [ [ [ 113.630748804722543, -7.770671563692474, 0.0 ], [ 113.630593070987516, -7.770695784915006, 0.0 ], [ 113.630499147632463, -7.770697831714983, 0.0 ], [ 113.630442897824992, -7.770748028957485, 0.0 ], [ 113.63040547400999, -7.770817819094987, 0.0 ], [ 113.630361719767507, -7.770850057799976, 0.0 ], [ 113.630259684625003, -7.77086425491251, 0.0 ], [ 113.630179641139989, -7.770876060287492, 0.0 ], [ 113.630061651919959, -7.770857744022521, 0.0 ], [ 113.629992259760002, -7.770828532175017, 0.0 ], [ 113.62990234468748, -7.770774676597512, 0.0 ], [ 113.629845940370046, -7.770714822982484, 0.0 ], [ 113.629779196442541, -7.770695646212516, 0.0 ], [ 113.629666050037486, -7.770633519499995, 0.0 ] ] ] } },
{ "type": "Feature", "properties": { "NAMOBJ": "Jaringan Irigasi Sekunder", "REMARK": "DI Sbr. Suri" }, "geometry": { "type": "MultiLineString", "coordinates": [ [ [ 114.074817098132485, -7.718067903034978, 0.0 ], [ 114.074884478965032, -7.717994475390014, 0.0 ], [ 114.074951330690055, -7.717850462310025, 0.0 ], [ 114.074972974700017, -7.717711591655018, 0.0 ], [ 114.075022388327511, -7.717464167310027, 0.0 ], [ 114.07507701757504, -7.717092040627506, 0.0 ], [ 114.075086704110049, -7.717042606002508, 0.0 ], [ 114.07539939777746, -7.716989450554991, 0.0 ], [ 114.075505249862545, -7.716936772305019, 0.0 ], [ 114.075656335712551, -7.71682564024502, 0.0 ], [ 114.075710394530006, -7.716598372534975, 0.0 ], [ 114.075769546794959, -7.716717085782477, 0.0 ], [ 114.075849986437447, -7.716822559022489, 0.0 ], [ 114.075887124587553, -7.716869596712513, 0.0 ], [ 114.076145073124962, -7.716817863740005, 0.0 ], [ 114.076478318452473, -7.716793354469985, 0.0 ], [ 114.07673348490755, -7.716731133307519, 0.0 ], [ 114.076973895637479, -7.716702831140026, 0.0 ], [ 114.077132321622457, -7.716734533875012, 0.0 ] ] ] } },
{ "type": "Feature", "properties": { "NAMOBJ": "Jaringan Irigasi Sekunder", "REMARK": "DI Masegit" }, "geometry": { "type": "MultiLineString", "coordinates": [ [ [ 113.688288922400034, -7.875357013514986, 0.0 ], [ 113.688267594597505, -7.87525439934501, 0.0 ], [ 113.688279691309958, -7.875109057534985, 0.0 ], [ 113.688245016340034, -7.874996668785002, 0.0 ], [ 113.68823606642502, -7.87489450377501, 0.0 ], [ 113.688222966295029, -7.874744968002517, 0.0 ], [ 113.688256937882556, -7.874594533222478, 0.0 ], [ 113.688374590234957, -7.874460097160011, 0.0 ], [ 113.688500711905021, -7.874381977730025, 0.0 ], [ 113.688632093210003, -7.874284025202485, 0.0 ], [ 113.688734820952504, -7.874172887134989, 0.0 ], [ 113.68881774623253, -7.874055601739997, 0.0 ], [ 113.688918045829951, -7.873952298760003, 0.0 ], [ 113.689070024607531, -7.873861054112524, 0.0 ], [ 113.689213441540005, -7.873852082717519, 0.0 ], [ 113.689336034627445, -7.873770410985003, 0.0 ], [ 113.689364742087491, -7.873676171655006, 0.0 ], [ 113.689411056530048, -7.873567989220021, 0.0 ], [ 113.689494155185002, -7.873485023270007, 0.0 ], [ 113.689655810612521, -7.873365531955017, 0.0 ], [ 113.689791825430007, -7.873306824102485, 0.0 ], [ 113.689925121045007, -7.873207181417513, 0.0 ] ] ] } },
{ "type": "Feature", "properties": { "NAMOBJ": "Jaringan Irigasi Sekunder", "REMARK": "DI Banyeman 6" }, "geometry": { "type": "MultiLineString", "coordinates": [ [ [ 114.140214225339946, -7.775195213592497, 0.0 ], [ 114.140438864347516, -7.774719061937503, 0.0 ], [ 114.140340912947522, -7.773879205429978, 0.0 ], [ 114.140331798639977, -7.773454887135017, 0.0 ], [ 114.140368588244996, -7.7729122429825, 0.0 ], [ 114.140561936237532, -7.772500856210002, 0.0 ], [ 114.141016197207477, -7.772082971700002, 0.0 ], [ 114.141422040782459, -7.771742360625012, 0.0 ], [ 114.141794842522472, -7.771499931592473, 0.0 ], [ 114.141975494624944, -7.770934371752503, 0.0 ], [ 114.142050227270033, -7.77046213315748, 0.0 ], [ 114.142134729992449, -7.769944401085013, 0.0 ], [ 114.142232530474985, -7.769355579374974, 0.0 ], [ 114.142619595667497, -7.768128048027506, 0.0 ], [ 114.142897290972542, -7.767195732272512, 0.0 ], [ 114.143082837995053, -7.766737405480001, 0.0 ], [ 114.143194594705051, -7.766676545915004, 0.0 ], [ 114.143272525352472, -7.766600105097496, 0.0 ], [ 114.143314447930038, -7.766348320162479, 0.0 ], [ 114.143403326345037, -7.766207649062494, 0.0 ], [ 114.143443399292551, -7.765930648754988, 0.0 ], [ 114.143495756699963, -7.76547804387252, 0.0 ], [ 114.143407614902458, -7.765296435744972, 0.0 ], [ 114.143448929320016, -7.76505901001002, 0.0 ], [ 114.143654745927506, -7.764597111165017, 0.0 ], [ 114.143852348342534, -7.764315291992489, 0.0 ], [ 114.144052033947446, -7.764135638047492, 0.0 ], [ 114.144426559554972, -7.76387005552499, 0.0 ], [ 114.144779336052466, -7.763612409289976, 0.0 ], [ 114.145077084450008, -7.763327667069973, 0.0 ], [ 114.145498446419992, -7.762582232867487, 0.0 ], [ 114.145784920962456, -7.762026477770007, 0.0 ], [ 114.146086309332532, -7.761394099162487, 0.0 ], [ 114.146661831190045, -7.759866444697479, 0.0 ], [ 114.146912534814987, -7.759237870742481, 0.0 ], [ 114.147136951042512, -7.758639514305003, 0.0 ], [ 114.147316311364989, -7.757983894697475, 0.0 ], [ 114.147427220965028, -7.757585347345014, 0.0 ], [ 114.147575818482551, -7.757206618017506, 0.0 ], [ 114.147779180892485, -7.75679307173499, 0.0 ], [ 114.147941174985021, -7.756326072659988, 0.0 ], [ 114.14807009311005, -7.755821149830012, 0.0 ], [ 114.148268732179986, -7.755287953012498, 0.0 ], [ 114.148484799462494, -7.754597667377482, 0.0 ], [ 114.148593257560037, -7.754228395009989, 0.0 ], [ 114.148708389240028, -7.753916673842525, 0.0 ], [ 114.148829898957501, -7.753463097887504, 0.0 ], [ 114.149054791290041, -7.752823024927523, 0.0 ], [ 114.149280667279982, -7.752220342137491, 0.0 ], [ 114.149402306355, -7.751908587744992, 0.0 ], [ 114.149529143982477, -7.751622964477519, 0.0 ], [ 114.149713640872505, -7.751146241147524, 0.0 ], [ 114.14979737912995, -7.750896823087487, 0.0 ], [ 114.149867399212553, -7.750544694002485, 0.0 ], [ 114.149939497097535, -7.750232636047485, 0.0 ], [ 114.150013175122467, -7.749871702947473, 0.0 ], [ 114.150053202254981, -7.749699075654974, 0.0 ], [ 114.150075932324967, -7.749249092920024, 0.0 ], [ 114.150079195007493, -7.748903772290021, 0.0 ], [ 114.150097971592459, -7.748535597937519, 0.0 ], [ 114.150138269117519, -7.748360992922528, 0.0 ], [ 114.150160666812553, -7.74749124378252, 0.0 ], [ 114.150109729642509, -7.746932439429997, 0.0 ], [ 114.150156220152553, -7.746515831579984, 0.0 ], [ 114.150120308202531, -7.746153845847516, 0.0 ], [ 114.150166978377456, -7.745789369362512, 0.0 ], [ 114.150190367812456, -7.744454499674987, 0.0 ], [ 114.150585428007503, -7.744429394824976, 0.0 ] ] ] } },
{ "type": "Feature", "properties": { "NAMOBJ": "Jaringan Irigasi Sekunder", "REMARK": "DI Goa 2" }, "geometry": { "type": "MultiLineString", "coordinates": [ [ [ 113.708418550947499, -7.808451419655, 0.0 ], [ 113.708474774704996, -7.808385092232527, 0.0 ], [ 113.708492303532466, -7.808324036955014, 0.0 ], [ 113.708512691694978, -7.808273671972472, 0.0 ], [ 113.708531143989944, -7.808218725702488, 0.0 ], [ 113.708582828559997, -7.808167213582522, 0.0 ], [ 113.708626976265009, -7.808094192232488, 0.0 ], [ 113.708662226154956, -7.808016600557494, 0.0 ], [ 113.708694039092507, -7.807925730470004, 0.0 ], [ 113.708696467239974, -7.807867860254987, 0.0 ], [ 113.708691366604967, -7.807827842457527, 0.0 ], [ 113.708685822202483, -7.807791190354976, 0.0 ], [ 113.708680056814956, -7.807756220190015, 0.0 ], [ 113.708680679347481, -7.80771865183749, 0.0 ], [ 113.70868909386752, -7.807694068962519, 0.0 ], [ 113.708711939822479, -7.807631988924982, 0.0 ], [ 113.708720796312491, -7.807604040364993, 0.0 ], [ 113.708711045100017, -7.807579679257515, 0.0 ], [ 113.708687631410044, -7.807547565567518, 0.0 ], [ 113.708682608032518, -7.807533226702503, 0.0 ], [ 113.708686962164961, -7.807513253409979, 0.0 ], [ 113.708709888069961, -7.807496532645018, 0.0 ], [ 113.708737318127532, -7.807471836619982, 0.0 ], [ 113.708873596150056, -7.807387293742522, 0.0 ], [ 113.70896849148005, -7.807327669572487, 0.0 ], [ 113.709047568377514, -7.8072642069925, 0.0 ], [ 113.70910424039505, -7.807219414500025, 0.0 ], [ 113.709216573822459, -7.80710993291251, 0.0 ], [ 113.709275411677481, -7.80703487389502, 0.0 ], [ 113.709352002037463, -7.806935153575012, 0.0 ], [ 113.709402544850036, -7.806868007779997, 0.0 ], [ 113.709445728662445, -7.806843036185001, 0.0 ], [ 113.709478676172466, -7.806813149302513, 0.0 ], [ 113.709515887985049, -7.806778422882473, 0.0 ], [ 113.709548447420048, -7.806737704305021, 0.0 ], [ 113.709639303030031, -7.806651230502496, 0.0 ], [ 113.709710939182514, -7.806602978392505, 0.0 ], [ 113.70976249259752, -7.806555728325009, 0.0 ], [ 113.709802417322521, -7.80651416469999, 0.0 ], [ 113.709842103094957, -7.806433039709987, 0.0 ], [ 113.709880011999985, -7.806393012005003, 0.0 ], [ 113.709935829717551, -7.806340921515016, 0.0 ], [ 113.70997195456755, -7.806300663844979, 0.0 ], [ 113.710001097712507, -7.806230756612479, 0.0 ], [ 113.710046290157493, -7.806162920090003, 0.0 ], [ 113.710079621249974, -7.806102536802484, 0.0 ], [ 113.71012396029505, -7.806027403127473, 0.0 ], [ 113.710183330849986, -7.805939879975028, 0.0 ], [ 113.710233333772521, -7.805890632295018, 0.0 ], [ 113.710306418009964, -7.805829464209978, 0.0 ], [ 113.710332626357513, -7.805774111234996, 0.0 ], [ 113.710355040222453, -7.805703320689986, 0.0 ], [ 113.710456174355045, -7.805612554214974, 0.0 ], [ 113.710573392820038, -7.805518741495007, 0.0 ], [ 113.710642638557488, -7.805398124782528, 0.0 ], [ 113.710693193944962, -7.80530300434998, 0.0 ], [ 113.71074024051245, -7.805148053827509, 0.0 ], [ 113.710743903842513, -7.80505634931751, 0.0 ], [ 113.710718162617468, -7.805019898222497, 0.0 ], [ 113.710706292279951, -7.804920308872511, 0.0 ], [ 113.710692324375032, -7.804838707807505, 0.0 ], [ 113.710645029872467, -7.804789333402482, 0.0 ], [ 113.71059095578255, -7.804750387282525, 0.0 ], [ 113.710587102009981, -7.804697148940022, 0.0 ], [ 113.710594560722484, -7.804605995737518, 0.0 ], [ 113.710633364349974, -7.804525715262514, 0.0 ], [ 113.710641158132489, -7.804478378727481, 0.0 ], [ 113.710647596357489, -7.804393440372507, 0.0 ], [ 113.710643868349962, -7.804290038327508, 0.0 ], [ 113.710647496645038, -7.804251153397502, 0.0 ], [ 113.710626547034963, -7.80422808745999, 0.0 ], [ 113.710521097397532, -7.804176039212507, 0.0 ], [ 113.710495871805051, -7.804141937222482, 0.0 ], [ 113.71045861687503, -7.804037760442498, 0.0 ], [ 113.710472256892444, -7.803784280815023, 0.0 ], [ 113.710448868357503, -7.803687561872493, 0.0 ], [ 113.71040655950253, -7.803569831305026, 0.0 ], [ 113.71034840886, -7.803534420697474, 0.0 ], [ 113.710250965904947, -7.803500659157521, 0.0 ], [ 113.710209611962455, -7.80342551954999, 0.0 ], [ 113.710187099282507, -7.803370784712513, 0.0 ], [ 113.710187915850042, -7.803261754932521, 0.0 ], [ 113.71013560785002, -7.803182491342511, 0.0 ], [ 113.710052049257456, -7.803133505892504, 0.0 ], [ 113.709945187467497, -7.803056601387482, 0.0 ], [ 113.709897865117455, -7.802974697694992, 0.0 ], [ 113.709816996080008, -7.802856296564983, 0.0 ], [ 113.709751787375012, -7.802757981699983, 0.0 ], [ 113.709601038390019, -7.802537812554988, 0.0 ], [ 113.709515587947521, -7.802430520564997, 0.0 ], [ 113.709415719542449, -7.802360548257525, 0.0 ], [ 113.709354963785017, -7.802331316017501, 0.0 ], [ 113.709270355059971, -7.802280555669995, 0.0 ], [ 113.709240008172515, -7.8022328552575, 0.0 ], [ 113.709230399792546, -7.802192154452484, 0.0 ], [ 113.70923329686002, -7.80212618756002, 0.0 ], [ 113.709266707002485, -7.802027103545015, 0.0 ], [ 113.709247130914946, -7.801896198314978, 0.0 ], [ 113.709152961422546, -7.80180825803501, 0.0 ], [ 113.709125499025049, -7.801754010730008, 0.0 ] ] ] } },
{ "type": "Feature", "properties": { "NAMOBJ": "Jaringan Irigasi Sekunder", "REMARK": "DI Sbr. Benduman" }, "geometry": { "type": "MultiLineString", "coordinates": [ [ [ 113.612022249424967, -7.728198281829975, 0.0 ], [ 113.612065098164976, -7.728176423465015, 0.0 ], [ 113.612094366175029, -7.728111534524999, 0.0 ], [ 113.612095263592551, -7.728039665447511, 0.0 ], [ 113.612103726620035, -7.727960958575011, 0.0 ], [ 113.612122169932491, -7.727841448430013, 0.0 ], [ 113.612207416460024, -7.727655018362498, 0.0 ], [ 113.612278558537469, -7.727460432104976, 0.0 ], [ 113.612343744787495, -7.727244564274997, 0.0 ], [ 113.612367946297468, -7.727185634595003, 0.0 ], [ 113.61244794486754, -7.727031162864989, 0.0 ], [ 113.612466727742458, -7.726963053199995, 0.0 ], [ 113.612483058215048, -7.726893580370017, 0.0 ], [ 113.612508730269951, -7.726794480777528, 0.0 ], [ 113.612522273272475, -7.726760826522479, 0.0 ], [ 113.61253207479001, -7.726686145544988, 0.0 ], [ 113.612584407045006, -7.726631048167519, 0.0 ], [ 113.61260899034005, -7.726572559274985, 0.0 ], [ 113.612619840192451, -7.726531243324985, 0.0 ], [ 113.612639279735049, -7.726448850489987, 0.0 ], [ 113.612645548180012, -7.726366066237517, 0.0 ], [ 113.612637969992534, -7.726236566292528, 0.0 ], [ 113.612643239510021, -7.726059013067527, 0.0 ], [ 113.61264558501, -7.725933495984975, 0.0 ], [ 113.612655232917518, -7.725786640779972, 0.0 ], [ 113.612649287864997, -7.725371019532474, 0.0 ] ] ] } },
{ "type": "Feature", "properties": { "NAMOBJ": "Jaringan Irigasi Primer", "REMARK": "DI Banyuputih" }, "geometry": { "type": "MultiLineString", "coordinates": [ [ [ 114.203121962789965, -7.762824207935012, 0.0 ], [ 114.203233540735027, -7.759636199707472, 0.0 ], [ 114.203455695902448, -7.756051446622507, 0.0 ], [ 114.20352290874996, -7.752408658862521, 0.0 ], [ 114.203322216132506, -7.750815818070009, 0.0 ], [ 114.20086182758746, -7.751015750130023, 0.0 ], [ 114.200728501430035, -7.750881000582524, 0.0 ], [ 114.200602380657529, -7.749656201712526, 0.0 ], [ 114.200448194722526, -7.748326033967487, 0.0 ], [ 114.199715104770007, -7.740300073265018, 0.0 ], [ 114.199748257097554, -7.739362891159999, 0.0 ] ] ] } },
{ "type": "Feature", "properties": { "NAMOBJ": "Jaringan Irigasi Sekunder", "REMARK": "DI Sbr. Asem" }, "geometry": { "type": "MultiLineString", "coordinates": [ [ [ 114.061957423787476, -7.717280676027485, 0.0 ], [ 114.061969908572451, -7.717237903832483, 0.0 ], [ 114.062081480229949, -7.717236799812497, 0.0 ], [ 114.06213394453755, -7.717211319709975, 0.0 ], [ 114.062182415832467, -7.717193483822484, 0.0 ], [ 114.062234843309966, -7.717155010935016, 0.0 ], [ 114.062265711219993, -7.717090789707527, 0.0 ], [ 114.062300532615041, -7.716979106509996, 0.0 ], [ 114.062346902752552, -7.716856277289992, 0.0 ], [ 114.062399951862517, -7.716704856700005, 0.0 ], [ 114.062468936187543, -7.716452381807528, 0.0 ], [ 114.062560458345047, -7.71616305197, 0.0 ], [ 114.062598736457517, -7.715963325770019, 0.0 ], [ 114.062790861842473, -7.715845278790027, 0.0 ], [ 114.062963147037522, -7.715748049427475, 0.0 ], [ 114.063142794822511, -7.715727524722524, 0.0 ], [ 114.063456694927481, -7.715581744142526, 0.0 ], [ 114.063676049147489, -7.715524226635011, 0.0 ], [ 114.063798288297448, -7.715514009452477, 0.0 ], [ 114.063976747612514, -7.715510795937519, 0.0 ], [ 114.064070698815044, -7.715520110747491, 0.0 ], [ 114.064211061475021, -7.715465161685017, 0.0 ], [ 114.064255678999984, -7.715385128622472, 0.0 ] ] ] } },
{ "type": "Feature", "properties": { "NAMOBJ": "Jaringan Irigasi Sekunder", "REMARK": "DI Bt. Koong" }, "geometry": { "type": "MultiLineString", "coordinates": [ [ [ 113.682467683949994, -7.885904343882487, 0.0 ], [ 113.682395237517539, -7.885842843037494, 0.0 ], [ 113.682416111670022, -7.885602789204995, 0.0 ], [ 113.682392724030024, -7.885425349862487, 0.0 ], [ 113.682382137385048, -7.885357985437508, 0.0 ], [ 113.682334451214956, -7.885285859092505, 0.0 ], [ 113.682201227467544, -7.885141855625022, 0.0 ], [ 113.682089374637485, -7.885027532799995, 0.0 ], [ 113.681982175079952, -7.884878707249982, 0.0 ], [ 113.681916368097518, -7.884763857825021, 0.0 ], [ 113.681868603775001, -7.884668084427517, 0.0 ], [ 113.681880746302454, -7.884572389549987, 0.0 ], [ 113.681925335079995, -7.884514808334984, 0.0 ], [ 113.681982309827504, -7.884436957237483, 0.0 ], [ 113.682027202234963, -7.884364999910019, 0.0 ], [ 113.68207265339754, -7.884273785890002, 0.0 ], [ 113.682186315432546, -7.884167868079999, 0.0 ], [ 113.682300466152469, -7.884119678405, 0.0 ], [ 113.682408754467474, -7.884162762957487, 0.0 ], [ 113.682470178570043, -7.88422588372498, 0.0 ], [ 113.682549148570047, -7.884228659460007, 0.0 ], [ 113.682592911795041, -7.884246429262475, 0.0 ], [ 113.682632665839947, -7.884306304232496, 0.0 ], [ 113.682661891630005, -7.884362280770006, 0.0 ], [ 113.682723570855046, -7.884378273414995, 0.0 ], [ 113.682781973924989, -7.884357873915008, 0.0 ], [ 113.682858546319949, -7.884335625142512, 0.0 ], [ 113.682895723097545, -7.884296121370028, 0.0 ], [ 113.682906804715003, -7.884209644637508, 0.0 ], [ 113.682943658997488, -7.884115271555004, 0.0 ], [ 113.682969846684955, -7.883989159675025, 0.0 ], [ 113.683008220917486, -7.883857167774977, 0.0 ], [ 113.683033101554997, -7.883754735932484, 0.0 ], [ 113.683058903865003, -7.883645202775028, 0.0 ], [ 113.683114139475038, -7.883541157210004, 0.0 ], [ 113.683306812832484, -7.883325010980002, 0.0 ], [ 113.683445470492529, -7.883267655387499, 0.0 ], [ 113.683579679692457, -7.883257431477489, 0.0 ], [ 113.683739557355011, -7.883315166779994, 0.0 ], [ 113.683805853024978, -7.883385267357482, 0.0 ], [ 113.68386357427255, -7.883469912907515, 0.0 ], [ 113.683917316882457, -7.883522656309992, 0.0 ], [ 113.683957878512501, -7.883504337049999, 0.0 ], [ 113.683978464305028, -7.883458370954997, 0.0 ], [ 113.683979711167467, -7.883380238917482, 0.0 ], [ 113.683969096675014, -7.883264074599992, 0.0 ], [ 113.684004949334962, -7.883093151569994, 0.0 ], [ 113.684098062410044, -7.882901784449984, 0.0 ], [ 113.68414645914504, -7.88281019103249, 0.0 ], [ 113.684188762610006, -7.882766420214978, 0.0 ], [ 113.684247748685038, -7.882757567292515, 0.0 ], [ 113.684297539607542, -7.882709284675002, 0.0 ], [ 113.684321404249999, -7.882656904654993, 0.0 ], [ 113.68432400577251, -7.882612407292527, 0.0 ], [ 113.68429935330505, -7.882556980472486, 0.0 ], [ 113.684319630974983, -7.882499167687513, 0.0 ], [ 113.684339191792446, -7.882375369237479, 0.0 ], [ 113.684339136094991, -7.882190915727506, 0.0 ], [ 113.68436795944001, -7.88205069215752, 0.0 ], [ 113.684547932414944, -7.881838681507475, 0.0 ], [ 113.68497551791495, -7.881436052062497, 0.0 ], [ 113.685178671914969, -7.881300260207524, 0.0 ], [ 113.685447932939951, -7.881176141725007, 0.0 ], [ 113.68586090554254, -7.881062703520001, 0.0 ], [ 113.685928102222533, -7.881026056999985, 0.0 ], [ 113.686133374450037, -7.881043463387527, 0.0 ], [ 113.686294613959944, -7.881038903224976, 0.0 ], [ 113.686364556787453, -7.881003974525015, 0.0 ], [ 113.686541779122535, -7.88104901664002, 0.0 ], [ 113.686671393439951, -7.881031387535018, 0.0 ], [ 113.686829593049993, -7.880951531734979, 0.0 ], [ 113.686981206212522, -7.880883477060024, 0.0 ], [ 113.687392335472509, -7.880706723347487, 0.0 ], [ 113.687747441302463, -7.880484993367475, 0.0 ], [ 113.68818315026499, -7.880212783242484, 0.0 ], [ 113.688426610774968, -7.880066481337508, 0.0 ], [ 113.688571227857551, -7.879953413097496, 0.0 ], [ 113.688802973437532, -7.879821384115019, 0.0 ], [ 113.689058473170007, -7.879718697672502, 0.0 ], [ 113.689291257202512, -7.879673933177514, 0.0 ], [ 113.689482742987479, -7.879647911302527, 0.0 ], [ 113.689596863164979, -7.8796180476225, 0.0 ], [ 113.689818498205, -7.879576173850012, 0.0 ], [ 113.68993167066003, -7.879474821009978, 0.0 ], [ 113.69001396172996, -7.879340526704993, 0.0 ], [ 113.690066009220004, -7.879197101205023, 0.0 ], [ 113.69009904476502, -7.878992726292495, 0.0 ], [ 113.69022126774496, -7.878819263860009, 0.0 ], [ 113.690389259890026, -7.878476741435009, 0.0 ], [ 113.690436708004995, -7.878318331489993, 0.0 ], [ 113.690450277057494, -7.878153881892501, 0.0 ], [ 113.690443067180013, -7.877988287762491, 0.0 ], [ 113.690361599865014, -7.877802749977491, 0.0 ] ] ] } },
{ "type": "Feature", "properties": { "NAMOBJ": "Jaringan Irigasi Sekunder", "REMARK": "DI Sbr. Bendo" }, "geometry": { "type": "MultiLineString", "coordinates": [ [ [ 113.671998136417528, -7.826867354757496, 0.0 ], [ 113.672065637624996, -7.826847522024991, 0.0 ], [ 113.672126723065048, -7.826831133622477, 0.0 ], [ 113.672200790957504, -7.826864705342473, 0.0 ], [ 113.672299644264967, -7.826899515529988, 0.0 ], [ 113.672388722107485, -7.826918096112479, 0.0 ], [ 113.672440512677554, -7.826927755570011, 0.0 ], [ 113.672516206519958, -7.826954685052499, 0.0 ], [ 113.672604226147541, -7.826954636682501, 0.0 ], [ 113.672770770207535, -7.826901470420012, 0.0 ], [ 113.672832180837531, -7.826905843824989, 0.0 ], [ 113.672932864015024, -7.826896330390014, 0.0 ] ] ] } },
{ "type": "Feature", "properties": { "NAMOBJ": "Jaringan Irigasi Sekunder", "REMARK": "DI Palangan" }, "geometry": { "type": "MultiLineString", "coordinates": [ [ [ 114.162625372590014, -7.729363339082511, 0.0 ], [ 114.162615000642518, -7.729366999794991, 0.0 ], [ 114.162618999942538, -7.72936000046252, 0.0 ], [ 114.162623000140002, -7.729363000567503, 0.0 ], [ 114.162625372590014, -7.729363339082511, 0.0 ] ] ] } },
{ "type": "Feature", "properties": { "NAMOBJ": "Jaringan Irigasi Sekunder", "REMARK": "DI Kokap 2" }, "geometry": { "type": "MultiLineString", "coordinates": [ [ [ 113.797047545114992, -7.771643008022522, 0.0 ], [ 113.797043339202446, -7.771467380754984, 0.0 ], [ 113.797056944187489, -7.771359089992472, 0.0 ], [ 113.797052769715037, -7.771284949742494, 0.0 ], [ 113.797073357304953, -7.77121178864752, 0.0 ], [ 113.797078055495035, -7.771025074335, 0.0 ], [ 113.79707607650505, -7.770801259450025, 0.0 ], [ 113.797069029222484, -7.770691184862528, 0.0 ], [ 113.797068721100004, -7.770632587809985, 0.0 ], [ 113.797038375112493, -7.770607774359974, 0.0 ], [ 113.797018325612498, -7.770561396972482, 0.0 ], [ 113.797034180877517, -7.770420365874998, 0.0 ], [ 113.797077821932476, -7.770302305862515, 0.0 ], [ 113.797119475015052, -7.770150242400007, 0.0 ], [ 113.797177640930045, -7.769965581732492, 0.0 ], [ 113.797220879539964, -7.769763129625005, 0.0 ], [ 113.797258104827506, -7.76958999340502, 0.0 ], [ 113.797307719677519, -7.769410099092511, 0.0 ], [ 113.797343703492515, -7.769200600732518, 0.0 ], [ 113.797341060649956, -7.76913214040502, 0.0 ], [ 113.797310365217527, -7.769067437862475, 0.0 ], [ 113.797291719784994, -7.768987641269973, 0.0 ], [ 113.797353721505033, -7.7688476756, 0.0 ], [ 113.797383677625021, -7.768752303180008, 0.0 ], [ 113.797358957785036, -7.768647541827477, 0.0 ], [ 113.797424173677541, -7.768470688437503, 0.0 ], [ 113.797440315505014, -7.768280010400019, 0.0 ], [ 113.797435427772484, -7.768177914639978, 0.0 ], [ 113.797454561887548, -7.768042301052503, 0.0 ], [ 113.797518428509989, -7.767943168307511, 0.0 ], [ 113.797537368590042, -7.767855686662472, 0.0 ], [ 113.797538606469971, -7.767679354644997, 0.0 ] ] ] } },
{ "type": "Feature", "properties": { "NAMOBJ": "Jaringan Irigasi Sekunder", "REMARK": "DI Biser 1" }, "geometry": { "type": "MultiLineString", "coordinates": [ [ [ 113.834067823150008, -7.786203641052509, 0.0 ], [ 113.834160381962533, -7.786225196647479, 0.0 ], [ 113.834217301017475, -7.786223673582526, 0.0 ], [ 113.834257033502467, -7.786194301907528, 0.0 ], [ 113.834285622384982, -7.786167274600018, 0.0 ], [ 113.834347734599987, -7.786110491437512, 0.0 ], [ 113.83437438222245, -7.786080892542486, 0.0 ], [ 113.834395404597444, -7.786013057372486, 0.0 ], [ 113.834407620787488, -7.785953736400018, 0.0 ], [ 113.834393704985018, -7.785878261300013, 0.0 ], [ 113.834375646152466, -7.785822880780017, 0.0 ], [ 113.83438373997501, -7.785775891252513, 0.0 ], [ 113.834429224372457, -7.785708895687492, 0.0 ], [ 113.83446097263004, -7.785651333259977, 0.0 ], [ 113.83450397408501, -7.78555497246748, 0.0 ], [ 113.834533372350052, -7.785477367525004, 0.0 ], [ 113.834571993619988, -7.785367219832494, 0.0 ], [ 113.834587115860018, -7.785294843885026, 0.0 ], [ 113.834567251412523, -7.785273668874993, 0.0 ], [ 113.834506072549971, -7.785251037419982, 0.0 ], [ 113.834449998809987, -7.785242721274983, 0.0 ], [ 113.834413171477536, -7.785231494977495, 0.0 ], [ 113.834399852157503, -7.785197796017485, 0.0 ], [ 113.834423213745026, -7.78516332047252, 0.0 ], [ 113.834472012924948, -7.785075108935018, 0.0 ], [ 113.834511747207443, -7.785011257242502, 0.0 ], [ 113.834553743447486, -7.784940064939974, 0.0 ], [ 113.834581324420014, -7.784876437754974, 0.0 ] ] ] } },
{ "type": "Feature", "properties": { "NAMOBJ": "Jaringan Irigasi Sekunder", "REMARK": "DI Kesambi Ii" }, "geometry": { "type": "MultiLineString", "coordinates": [ [ [ 113.721678702332497, -7.785853696099991, 0.0 ], [ 113.721703171542458, -7.785738667944997, 0.0 ], [ 113.721707132214988, -7.785609981542507, 0.0 ], [ 113.721712179849987, -7.785577483479983, 0.0 ], [ 113.721789631694946, -7.785544280925023, 0.0 ], [ 113.721813684084964, -7.785549061822508, 0.0 ], [ 113.721828239487536, -7.785600492750007, 0.0 ], [ 113.721946125402496, -7.785600212595, 0.0 ], [ 113.722088474239968, -7.785587492430011, 0.0 ], [ 113.722226927082488, -7.785590642585021, 0.0 ], [ 113.722276126015004, -7.785558374489995, 0.0 ], [ 113.722089133602481, -7.785379402494982, 0.0 ], [ 113.722088705107467, -7.785323060200028, 0.0 ], [ 113.722113741154999, -7.785267053737527, 0.0 ], [ 113.722177217009971, -7.785222894115009, 0.0 ], [ 113.722174363959994, -7.785128342109999, 0.0 ], [ 113.72219601156246, -7.785062428940023, 0.0 ], [ 113.722244760437547, -7.785038086450015, 0.0 ], [ 113.722265468402497, -7.78497116674248, 0.0 ], [ 113.72232951828255, -7.784890724759975, 0.0 ], [ 113.722379464612459, -7.784724913035006, 0.0 ], [ 113.722412789414989, -7.784572935740016, 0.0 ], [ 113.722423186515016, -7.784418257330003, 0.0 ], [ 113.722437905409947, -7.784294323004985, 0.0 ] ] ] } },
{ "type": "Feature", "properties": { "NAMOBJ": "Jaringan Irigasi Sekunder", "REMARK": "DI Cempaluk 2" }, "geometry": { "type": "MultiLineString", "coordinates": [ [ [ 113.685570510755042, -7.769319192444982, 0.0 ], [ 113.685159920482533, -7.769292066732476, 0.0 ], [ 113.68509682551246, -7.769260622042509, 0.0 ], [ 113.685146187037503, -7.768872533662488, 0.0 ], [ 113.685197959642551, -7.768449597292488, 0.0 ], [ 113.685229753715021, -7.768077377492489, 0.0 ], [ 113.685209764405045, -7.767819635667479, 0.0 ], [ 113.685248710862538, -7.767506265800023, 0.0 ], [ 113.685279311975023, -7.767226713252512, 0.0 ], [ 113.685310744024946, -7.766794568434989, 0.0 ], [ 113.685335047047488, -7.766560128549997, 0.0 ], [ 113.685371361442549, -7.766177461134987, 0.0 ], [ 113.68538134801247, -7.766143573860006, 0.0 ], [ 113.685429867819948, -7.765861854052503, 0.0 ], [ 113.685402478184983, -7.765701949984987, 0.0 ], [ 113.685438258082513, -7.765522488002489, 0.0 ], [ 113.685493499082554, -7.765156905632523, 0.0 ], [ 113.685542132077444, -7.764853010522472, 0.0 ], [ 113.685570447872465, -7.764574315632501, 0.0 ], [ 113.685607512359979, -7.764271244932502, 0.0 ], [ 113.685671718547496, -7.76379704442752, 0.0 ], [ 113.685673558297481, -7.763504180725022, 0.0 ], [ 113.68569263132747, -7.763429027110021, 0.0 ], [ 113.685723678002546, -7.763396419395008, 0.0 ], [ 113.685742358467451, -7.763342085677493, 0.0 ], [ 113.685720010180034, -7.763283543459977, 0.0 ], [ 113.685719087609982, -7.763149499104998, 0.0 ], [ 113.685785843217445, -7.762819672752528, 0.0 ], [ 113.68581591431996, -7.76258923912502, 0.0 ], [ 113.685815316042522, -7.762456324672485, 0.0 ], [ 113.685836455197546, -7.762194906967522, 0.0 ], [ 113.685821977950013, -7.762259261722477, 0.0 ], [ 113.685842783830026, -7.762119768180014, 0.0 ] ] ] } },
{ "type": "Feature", "properties": { "NAMOBJ": "Jaringan Irigasi Primer", "REMARK": "DI Sampean Lama" }, "geometry": { "type": "MultiLineString", "coordinates": [ [ [ 114.00846669940745, -7.711376883000014, 0.0 ], [ 114.00908871087745, -7.711003504242512, 0.0 ], [ 114.009169977867487, -7.710805745729999, 0.0 ], [ 114.009284345082506, -7.710206211662523, 0.0 ], [ 114.009446491887502, -7.709247821095005, 0.0 ], [ 114.009994919657515, -7.704932754419985, 0.0 ], [ 114.010249677379988, -7.704364499637506, 0.0 ], [ 114.011137847092527, -7.700866266627486, 0.0 ], [ 114.011258517784995, -7.700650306175021, 0.0 ], [ 114.011472831557512, -7.700462368665001, 0.0 ], [ 114.013213009297488, -7.699539488327503, 0.0 ], [ 114.016669757052455, -7.697649266239978, 0.0 ] ] ] } },
{ "type": "Feature", "properties": { "NAMOBJ": "Jaringan Irigasi Sekunder", "REMARK": "DI Bungor" }, "geometry": { "type": "MultiLineString", "coordinates": [ [ [ 113.709268488359953, -7.797550565744984, 0.0 ], [ 113.709455664029974, -7.797401558030003, 0.0 ], [ 113.709561971557491, -7.797309049362525, 0.0 ], [ 113.709598956995023, -7.797255898637502, 0.0 ], [ 113.709628559177531, -7.797210187302483, 0.0 ], [ 113.709671512122554, -7.797052045654993, 0.0 ], [ 113.709758571450038, -7.796942408785014, 0.0 ], [ 113.709818399250025, -7.796873551634974, 0.0 ], [ 113.709870493450012, -7.796834397252496, 0.0 ], [ 113.709888166904989, -7.796800444595021, 0.0 ], [ 113.709910901467538, -7.79673737689501, 0.0 ], [ 113.709930703032455, -7.796704803160026, 0.0 ], [ 113.709983962349952, -7.796623471042494, 0.0 ], [ 113.710160766067474, -7.796105159957506, 0.0 ], [ 113.71017733459496, -7.796058616472521, 0.0 ], [ 113.710206692437509, -7.7960044675375, 0.0 ], [ 113.710246598297545, -7.795922444727523, 0.0 ], [ 113.710261942419947, -7.795860728690002, 0.0 ], [ 113.710244868142468, -7.79574637407751, 0.0 ], [ 113.71022859965251, -7.795641137092503, 0.0 ], [ 113.710226976397507, -7.795552528257474, 0.0 ], [ 113.710240397227494, -7.795481702895017, 0.0 ], [ 113.710273776825034, -7.795412921722516, 0.0 ], [ 113.710315314924969, -7.795357311830003, 0.0 ], [ 113.710355092325017, -7.795323158522478, 0.0 ], [ 113.710375352927485, -7.795275103889992, 0.0 ], [ 113.710386934907547, -7.795195020452525, 0.0 ], [ 113.710399072044993, -7.795110239070027, 0.0 ], [ 113.710415998102462, -7.794868301532517, 0.0 ], [ 113.710444538477532, -7.794817877895014, 0.0 ], [ 113.710477451850011, -7.7947494801125, 0.0 ], [ 113.710482822877452, -7.794689214329992, 0.0 ], [ 113.710475346200042, -7.794643511482491, 0.0 ], [ 113.710429639917493, -7.794579044202521, 0.0 ], [ 113.710415631589967, -7.794516783547522, 0.0 ], [ 113.710431212867547, -7.794467119215028, 0.0 ], [ 113.710452686197527, -7.794377150882497, 0.0 ], [ 113.71043795831747, -7.794315814697484, 0.0 ], [ 113.710410342309956, -7.794256829322478, 0.0 ], [ 113.710388783640042, -7.794210252269977, 0.0 ], [ 113.710394861642499, -7.794155971245004, 0.0 ], [ 113.710403968762535, -7.794094889702478, 0.0 ], [ 113.71038105543505, -7.794016575057526, 0.0 ], [ 113.710336743337507, -7.793938974974992, 0.0 ], [ 113.71032621597999, -7.793803948275013, 0.0 ], [ 113.710357800744987, -7.79371393536502, 0.0 ], [ 113.710408238454988, -7.793668767392489, 0.0 ], [ 113.710421294569983, -7.79361068738001, 0.0 ], [ 113.710432066267458, -7.793548048144999, 0.0 ], [ 113.710467689857524, -7.793493760815011, 0.0 ], [ 113.710516711822493, -7.793464271832477, 0.0 ], [ 113.710608824172482, -7.793345444412523, 0.0 ], [ 113.710672832729983, -7.793240134095015, 0.0 ], [ 113.710699969935035, -7.793199249800011, 0.0 ], [ 113.710709569332494, -7.793168970547526, 0.0 ], [ 113.710699281827488, -7.79311065333502, 0.0 ], [ 113.710691025410028, -7.793054681447472, 0.0 ], [ 113.710628766772516, -7.792894261717493, 0.0 ], [ 113.710615604657505, -7.792792081640016, 0.0 ], [ 113.710611175962526, -7.792675009287507, 0.0 ], [ 113.710628686822474, -7.792565537794985, 0.0 ], [ 113.710647792190002, -7.792449262180014, 0.0 ], [ 113.71062524806996, -7.7923553875425, 0.0 ], [ 113.710561404802547, -7.792248143722475, 0.0 ], [ 113.710510980570007, -7.792161261264994, 0.0 ], [ 113.710445491590008, -7.792060962177516, 0.0 ], [ 113.710378696457497, -7.791982939927493, 0.0 ], [ 113.710345824407455, -7.791935951552489, 0.0 ], [ 113.710309018632529, -7.791892942, 0.0 ], [ 113.710285308500033, -7.791829571132496, 0.0 ], [ 113.710272950375042, -7.791731193997521, 0.0 ], [ 113.71029096159748, -7.791607636282492, 0.0 ], [ 113.710369339604995, -7.791440606422498, 0.0 ], [ 113.710475778289947, -7.791244213732512, 0.0 ], [ 113.710514098622525, -7.791147822485016, 0.0 ], [ 113.710560736457523, -7.790974928625019, 0.0 ], [ 113.710604312832515, -7.790890067767521, 0.0 ], [ 113.710701163797467, -7.790785721725001, 0.0 ], [ 113.710805141097467, -7.790765275587489, 0.0 ], [ 113.710956279050038, -7.790758668579997, 0.0 ], [ 113.711077415070008, -7.790760202609988, 0.0 ], [ 113.711113361154958, -7.790718431532525, 0.0 ], [ 113.711132938140054, -7.79064777396502, 0.0 ], [ 113.711075478302519, -7.790511333815004, 0.0 ], [ 113.711094334837526, -7.790365890297494, 0.0 ], [ 113.711121744232514, -7.790233674519982, 0.0 ], [ 113.711196484064999, -7.790113197154994, 0.0 ], [ 113.711195904652527, -7.790024258199992, 0.0 ], [ 113.711187110145033, -7.789886637382494, 0.0 ], [ 113.711191314259963, -7.789820606674994, 0.0 ], [ 113.711206371822527, -7.789771754159972, 0.0 ], [ 113.711227794844945, -7.789733382495001, 0.0 ] ] ] } },
{ "type": "Feature", "properties": { "NAMOBJ": "Jaringan Irigasi Sekunder", "REMARK": "DI Taker" }, "geometry": { "type": "MultiLineString", "coordinates": [ [ [ 113.734372692155034, -7.808929800507485, 0.0 ], [ 113.734362185612554, -7.808913267927494, 0.0 ], [ 113.73436111481999, -7.808864938902502, 0.0 ], [ 113.734317443222494, -7.808827161467491, 0.0 ] ] ] } },
{ "type": "Feature", "properties": { "NAMOBJ": "Jaringan Irigasi Sekunder", "REMARK": "DI Wringinanom" }, "geometry": { "type": "MultiLineString", "coordinates": [ [ [ 113.674849000159952, -7.790617000280008, 0.0 ], [ 113.674825999695031, -7.790595000042515, 0.0 ], [ 113.674817000372514, -7.790556000457514, 0.0 ], [ 113.674826999519951, -7.790456000152517, 0.0 ], [ 113.674827999344984, -7.790407999905028, 0.0 ], [ 113.674841000662468, -7.790374999567518, 0.0 ], [ 113.674884999245023, -7.79032500080001, 0.0 ], [ 113.674916000107487, -7.790250999645025, 0.0 ], [ 113.674941000219974, -7.790166000219983, 0.0 ], [ 113.674957000115, -7.790090000567488, 0.0 ], [ 113.67495100026747, -7.7900709999725, 0.0 ], [ 113.674960999415021, -7.790042999622472, 0.0 ], [ 113.674993000100017, -7.790040000009981, 0.0 ], [ 113.675013000190006, -7.790015999452521, 0.0 ], [ 113.675017000389971, -7.789964000377495, 0.0 ], [ 113.675048000349989, -7.789942999437528, 0.0 ], [ 113.675118999597544, -7.789984000232494, 0.0 ], [ 113.675155000480004, -7.789984000232494, 0.0 ], [ 113.675200999612457, -7.789957999327498, 0.0 ], [ 113.675216999507484, -7.789908999872523, 0.0 ], [ 113.675232000475035, -7.78988699967249, 0.0 ], [ 113.675260000062508, -7.78979999997, 0.0 ], [ 113.675290000199993, -7.789726999992524, 0.0 ], [ 113.67532800073252, -7.789671999517509, 0.0 ], [ 113.675352999949951, -7.789657000549994, 0.0 ], [ 113.675354999600017, -7.789578999724995, 0.0 ], [ 113.675359999622515, -7.789507999222508, 0.0 ], [ 113.675460000079966, -7.789401999942527, 0.0 ], [ 113.675479000345035, -7.789388000245026, 0.0 ], [ 113.675492999692551, -7.789364999899988, 0.0 ], [ 113.67552000035505, -7.789331000380002, 0.0 ], [ 113.675582000277473, -7.789304000252514, 0.0 ], [ 113.675670000142532, -7.789290000560015, 0.0 ], [ 113.675718000720053, -7.789259999914975, 0.0 ], [ 113.675812000432529, -7.789209000195001, 0.0 ], [ 113.675866999784944, -7.789206999847522, 0.0 ], [ 113.675963999869964, -7.789117999935002, 0.0 ], [ 113.675983999962455, -7.789080999917473, 0.0 ], [ 113.675974000815017, -7.789061999365003, 0.0 ], [ 113.675936000279989, -7.789036000342492, 0.0 ], [ 113.675914000540047, -7.78903999920999, 0.0 ], [ 113.675852000615009, -7.789006999887476, 0.0 ], [ 113.675793000164958, -7.788976000002492, 0.0 ], [ 113.67574499958755, -7.788973000397505, 0.0 ], [ 113.675625999759973, -7.788880000757501, 0.0 ], [ 113.675637000529946, -7.788795999950025, 0.0 ], [ 113.67604000003746, -7.788477999979989, 0.0 ], [ 113.676150999467495, -7.788390000389995, 0.0 ], [ 113.676242000602542, -7.78829899939501, 0.0 ], [ 113.676425999827529, -7.788152999960005, 0.0 ], [ 113.676454000314948, -7.788128999507478, 0.0 ], [ 113.676482999727455, -7.788136999962489, 0.0 ], [ 113.67651200004002, -7.788128000250026, 0.0 ], [ 113.676517999887551, -7.788104999970017, 0.0 ], [ 113.676563999919949, -7.788043000332493, 0.0 ], [ 113.676521999187457, -7.787927000622517, 0.0 ], [ 113.676586999485039, -7.787889999792526, 0.0 ], [ 113.676612000497471, -7.787870000037515, 0.0 ], [ 113.676645000110057, -7.787824000417515, 0.0 ], [ 113.676691999964987, -7.787779000062528, 0.0 ], [ 113.676714000604989, -7.787740999987477, 0.0 ], [ 113.676661999827502, -7.787695999639993, 0.0 ], [ 113.676640999912479, -7.787653000549994, 0.0 ], [ 113.676592000407481, -7.787589999894976, 0.0 ], [ 113.67654999967499, -7.787565000217512, 0.0 ], [ 113.676521000262483, -7.787570000152527, 0.0 ], [ 113.676515000414952, -7.78756199970752, 0.0 ], [ 113.676539000702519, -7.787528000332486, 0.0 ], [ 113.676586999485039, -7.787498999980016, 0.0 ], [ 113.67666100000497, -7.787446000127488, 0.0 ], [ 113.67674399984503, -7.787378000482477, 0.0 ], [ 113.676819000187493, -7.787314999867476, 0.0 ], [ 113.676829000232487, -7.787296000307492, 0.0 ], [ 113.676871000065034, -7.787276999835001, 0.0 ], [ 113.676898999655009, -7.787244000649991, 0.0 ], [ 113.676937000187536, -7.787231999537482, 0.0 ], [ 113.676989999892498, -7.787205999710011, 0.0 ], [ 113.677055000189966, -7.787192000084985, 0.0 ], [ 113.677168999992546, -7.787152999895, 0.0 ], [ 113.677185999709991, -7.787139000272475, 0.0 ], [ 113.6771930002825, -7.787116000044989, 0.0 ], [ 113.677203000327495, -7.787096999580001, 0.0 ], [ 113.677283999620045, -7.787089999315015, 0.0 ], [ 113.677317999954994, -7.787069000340011, 0.0 ], [ 113.677356000487521, -7.786998999504988, 0.0 ], [ 113.677381999529985, -7.786970000099984, 0.0 ], [ 113.67739400012249, -7.786918999737509, 0.0 ], [ 113.677368000182469, -7.786888000002477, 0.0 ], [ 113.677372000382547, -7.786870999885025, 0.0 ], [ 113.677394999947524, -7.786816999942516, 0.0 ], [ 113.677416000762491, -7.786755000490018, 0.0 ], [ 113.677425999910042, -7.786734999875023, 0.0 ], [ 113.677439999254943, -7.786694000302475, 0.0 ], [ 113.677455000222494, -7.786662999672501, 0.0 ], [ 113.677490000382477, -7.786584999390016, 0.0 ], [ 113.677522999994949, -7.786557000179982, 0.0 ], [ 113.677579999894988, -7.786492000265014, 0.0 ], [ 113.677616999705037, -7.786451999969984, 0.0 ], [ 113.677651000039987, -7.786388999492488, 0.0 ], [ 113.677671000132477, -7.786361000295017, 0.0 ], [ 113.677697999897532, -7.786290999577488, 0.0 ], [ 113.677714510032501, -7.786263193850004, 0.0 ], [ 113.677717000162488, -7.786258999720019, 0.0 ] ] ] } },
{ "type": "Feature", "properties": { "NAMOBJ": "Jaringan Irigasi Sekunder", "REMARK": "DI Macan" }, "geometry": { "type": "MultiLineString", "coordinates": [ [ [ 114.122206559424967, -7.720773857695008, 0.0 ], [ 114.122200999752522, -7.720792000302481, 0.0 ], [ 114.122219000192445, -7.720744000495017, 0.0 ], [ 114.122206559424967, -7.720773857695008, 0.0 ] ] ] } },
{ "type": "Feature", "properties": { "NAMOBJ": "Jaringan Irigasi Sekunder", "REMARK": "DI Wringinanom" }, "geometry": { "type": "MultiLineString", "coordinates": [ [ [ 113.674849000159952, -7.790617000280008, 0.0 ], [ 113.674910000257455, -7.790607999602514, 0.0 ], [ 113.67494199914745, -7.790579999219972, 0.0 ], [ 113.674979000755002, -7.790550999574975, 0.0 ], [ 113.675029999909952, -7.790524999547472, 0.0 ], [ 113.675101999879985, -7.790501000787515, 0.0 ], [ 113.675162000154955, -7.790482999437472, 0.0 ], [ 113.675282999629985, -7.790417999842475, 0.0 ], [ 113.675369000742535, -7.790326000065022, 0.0 ], [ 113.675387000285014, -7.790270999512472, 0.0 ], [ 113.675418000247532, -7.790189000612486, 0.0 ], [ 113.675444000185053, -7.790162999694985, 0.0 ], [ 113.675472999599947, -7.790136999692493, 0.0 ], [ 113.675522000005003, -7.790148000710019, 0.0 ], [ 113.675594999799955, -7.790129000112472, 0.0 ], [ 113.675694000432486, -7.790127000672499, 0.0 ], [ 113.675753999807512, -7.790142999832483, 0.0 ], [ 113.675809000059985, -7.790188000435023, 0.0 ], [ 113.675825999777544, -7.790197000192506, 0.0 ], [ 113.675861999762446, -7.790181000117514, 0.0 ], [ 113.675926000234995, -7.790219999670001, 0.0 ], [ 113.676069000350026, -7.790132999902482, 0.0 ], [ 113.67609699994, -7.7901240001475, 0.0 ], [ 113.676149000714986, -7.79010300010998, 0.0 ], [ 113.67617000063251, -7.790084000427498, 0.0 ], [ 113.676234000207501, -7.7900709999725, 0.0 ], [ 113.676269999292458, -7.790051000115, 0.0 ], [ 113.67629100010754, -7.7900310002575, 0.0 ], [ 113.676312999849983, -7.790014999277503, 0.0 ], [ 113.676337000137551, -7.790011000402501, 0.0 ], [ 113.676386999469969, -7.790038999835019, 0.0 ], [ 113.676431999674946, -7.790000999559993, 0.0 ], [ 113.676431999674946, -7.789988000020003, 0.0 ], [ 113.676462999637465, -7.789966999992487, 0.0 ], [ 113.676475000229971, -7.789924999937512, 0.0 ], [ 113.676532000132511, -7.789864999475014, 0.0 ], [ 113.676612000497471, -7.789821999255025, 0.0 ], [ 113.676663999477455, -7.789795000009974, 0.0 ], [ 113.676752000239958, -7.789744999487482, 0.0 ], [ 113.676803000294967, -7.789707000152475, 0.0 ], [ 113.676903999677506, -7.789616999962504, 0.0 ], [ 113.676989000067465, -7.789589999817508, 0.0 ], [ 113.677028999352501, -7.78958500077249, 0.0 ], [ 113.677051999815035, -7.789550999409983, 0.0 ], [ 113.677128999809952, -7.789436999639975, 0.0 ], [ 113.677146999352544, -7.789384000462519, 0.0 ], [ 113.677160000670028, -7.789363999725026, 0.0 ], [ 113.67717300019001, -7.789367000247523, 0.0 ], [ 113.677235000115047, -7.789362000289998, 0.0 ], [ 113.677245999984962, -7.789356999420022, 0.0 ], [ 113.677279000494991, -7.789227000577512, 0.0 ], [ 113.677286999992475, -7.78917899955502, 0.0 ], [ 113.677321999255014, -7.789148999832491, 0.0 ], [ 113.677315000480007, -7.789148999832491, 0.0 ], [ 113.677343999895015, -7.789131000362488, 0.0 ], [ 113.677353000114977, -7.789068999665005, 0.0 ] ] ] } },
{ "type": "Feature", "properties": { "NAMOBJ": "Jaringan Irigasi Sekunder", "REMARK": "DI Sbr. Kolpoh" }, "geometry": { "type": "MultiLineString", "coordinates": [ [ [ 113.673141637875005, -7.826219274519985, 0.0 ], [ 113.67315848578005, -7.826173011597518, 0.0 ], [ 113.673217784470012, -7.826142712677495, 0.0 ], [ 113.673272964384978, -7.826079602332527, 0.0 ], [ 113.673321021557513, -7.825966437055001, 0.0 ], [ 113.673335894064962, -7.825904240292516, 0.0 ], [ 113.673420057222529, -7.825794324989999, 0.0 ], [ 113.673466535157445, -7.825725687720023, 0.0 ], [ 113.673479394542483, -7.825606215249991, 0.0 ], [ 113.673560557327505, -7.825468292802498, 0.0 ], [ 113.673676748119988, -7.825357892997488, 0.0 ], [ 113.673774486620005, -7.825285561415001, 0.0 ], [ 113.673925065822459, -7.825176073390026, 0.0 ], [ 113.674007066735044, -7.825097910959983, 0.0 ] ] ] } },
{ "type": "Feature", "properties": { "NAMOBJ": "Jaringan Irigasi Primer", "REMARK": "DI Nangger" }, "geometry": { "type": "MultiLineString", "coordinates": [ [ [ 113.731025759999966, -7.789740839999979, 0.0 ], [ 113.73135947963749, -7.78958549994752, 0.0 ], [ 113.731519319569998, -7.789397219914974, 0.0 ], [ 113.731639920194993, -7.789169969704972, 0.0 ], [ 113.731719839712468, -7.788999960349997, 0.0 ], [ 113.731610040432543, -7.788740039574975, 0.0 ], [ 113.731549919782537, -7.788210029784977, 0.0 ], [ 113.731449840272489, -7.78763997005251, 0.0 ], [ 113.73139007985003, -7.787009970327517, 0.0 ], [ 113.73125003968255, -7.786530000227515, 0.0 ], [ 113.731340040095006, -7.786209959622511, 0.0 ], [ 113.731719839712468, -7.785809999997525, 0.0 ], [ 113.731980120277512, -7.785430020312504, 0.0 ], [ 113.731980120277512, -7.785090000059995, 0.0 ], [ 113.731599960435005, -7.78461003027752, 0.0 ], [ 113.731290000339982, -7.784049959589993, 0.0 ], [ 113.731279920344946, -7.783509960362494, 0.0 ], [ 113.731459920270026, -7.783149960339983, 0.0 ], [ 113.731310160332555, -7.782830009852489, 0.0 ], [ 113.731269840347522, -7.782620039565018, 0.0 ], [ 113.731379999852493, -7.782319980375007, 0.0 ], [ 113.731470000264949, -7.782249960237493, 0.0 ], [ 113.731530120015009, -7.782190020159987, 0.0 ], [ 113.731620120427465, -7.781959980437477, 0.0 ], [ 113.73173999970254, -7.781699969919998, 0.0 ], [ 113.731940159619967, -7.781429969869976, 0.0 ], [ 113.732039879802528, -7.78133996958752, 0.0 ], [ 113.732150040207443, -7.781120010344978, 0.0 ], [ 113.732010000039963, -7.780940009927519, 0.0 ], [ 113.731999920045041, -7.78089995995748, 0.0 ], [ 113.731899839637549, -7.780699980285021, 0.0 ], [ 113.731930079625045, -7.780460040207515, 0.0 ], [ 113.731970040282476, -7.780429979949986, 0.0 ], [ 113.732189999965044, -7.780319999632525, 0.0 ], [ 113.732240039719954, -7.780110029657521, 0.0 ], [ 113.732309880139951, -7.780020029650018, 0.0 ], [ 113.732369999890011, -7.779830040039997, 0.0 ], [ 113.732269920382464, -7.779459960369991, 0.0 ], [ 113.732229959725032, -7.778809979667528, 0.0 ], [ 113.73225011971499, -7.778120039667499, 0.0 ], [ 113.73225011971499, -7.777269989827516, 0.0 ], [ 113.732219879727495, -7.777189980005005, 0.0 ], [ 113.732229959725032, -7.777009980317473, 0.0 ], [ 113.732219879727495, -7.776739979557476, 0.0 ], [ 113.732200079962467, -7.776440010242482, 0.0 ], [ 113.732169839974972, -7.775800020005022, 0.0 ], [ 113.732129880214984, -7.775240040164988, 0.0 ], [ 113.732010000039963, -7.774949970179989, 0.0 ], [ 113.731869959874984, -7.774949970179989, 0.0 ], [ 113.731800120352545, -7.774710029655012, 0.0 ], [ 113.731729919707504, -7.7743700096525, 0.0 ], [ 113.731629840197456, -7.774039980349983, 0.0 ], [ 113.731660080184952, -7.773779970052487, 0.0 ], [ 113.731610040432543, -7.773650009675009, 0.0 ], [ 113.731459920270026, -7.773489989565007, 0.0 ], [ 113.73139007985003, -7.773480000059976, 0.0 ], [ 113.731229879692478, -7.773290009682512, 0.0 ], [ 113.731160040170039, -7.773069959644999, 0.0 ], [ 113.731059959762547, -7.772730030364983, 0.0 ], [ 113.731040159995018, -7.772619959847475, 0.0 ], [ 113.731030079999982, -7.772429969850009, 0.0 ], [ 113.730909839600031, -7.772370030227478, 0.0 ], [ 113.730779880327532, -7.772159970135021, 0.0 ], [ 113.730840000077478, -7.771860000357492, 0.0 ], [ 113.731070039757469, -7.771699979997493, 0.0 ], [ 113.731179839937454, -7.771470029827526, 0.0 ], [ 113.731170120164961, -7.771480020199988, 0.0 ], [ 113.731161119945, -7.771452659832505, 0.0 ], [ 113.731110000415015, -7.771300020160027, 0.0 ], [ 113.731030079999982, -7.771110029830027, 0.0 ], [ 113.730919919594953, -7.770709980197523, 0.0 ], [ 113.730789960324955, -7.770220019667477, 0.0 ], [ 113.730660000152511, -7.769770020107501, 0.0 ], [ 113.7304400395725, -7.76937996021752, 0.0 ], [ 113.730350040057488, -7.768989990105013, 0.0 ], [ 113.730300000302464, -7.768690019794974, 0.0 ], [ 113.730295320080018, -7.768627110429975, 0.0 ], [ 113.730289920307541, -7.768549980310013, 0.0 ], [ 113.730270119642455, -7.768279980285001, 0.0 ], [ 113.730099840387538, -7.767999990140027, 0.0 ], [ 113.730130080375034, -7.767890010257474, 0.0 ], [ 113.730180120127557, -7.767659969954991, 0.0 ], [ 113.730090119717488, -7.76741003955749, 0.0 ], [ 113.729829840050002, -7.76718998978248, 0.0 ], [ 113.729649840125035, -7.766900010077507, 0.0 ], [ 113.729370120017506, -7.766700029599974, 0.0 ], [ 113.729050079924946, -7.766649989779978, 0.0 ], [ 113.728820040244955, -7.766409959884982, 0.0 ], [ 113.72858999966752, -7.766190000047516, 0.0 ], [ 113.728409999742553, -7.765869959947509, 0.0 ], [ 113.728299840237469, -7.765599959774988, 0.0 ], [ 113.728119840312502, -7.765229969885013, 0.0 ], [ 113.72797008037503, -7.764830009657487, 0.0 ], [ 113.727729959802446, -7.764579989649974, 0.0 ], [ 113.727599999630002, -7.764239970334984, 0.0 ], [ 113.727170160260016, -7.764129989585001, 0.0 ], [ 113.727120119605047, -7.763859989590003, 0.0 ], [ 113.727330000192524, -7.763730030377474, 0.0 ], [ 113.727369959950011, -7.763550029919998, 0.0 ], [ 113.727359879954975, -7.763400000092474, 0.0 ], [ 113.727409919709999, -7.76314997999998, 0.0 ], [ 113.727459960362467, -7.76295998961001, 0.0 ], [ 113.727510000117491, -7.76285001010001, 0.0 ], [ 113.727650040284971, -7.762609979577519, 0.0 ], [ 113.727700080037494, -7.762460040415021, 0.0 ], [ 113.727800160444986, -7.762220010112515, 0.0 ], [ 113.727719879805022, -7.76184003023252, 0.0 ], [ 113.727570119867551, -7.761549960135028, 0.0 ], [ 113.727579839640043, -7.761470039917526, 0.0 ], [ 113.727669840049998, -7.761269969792522, 0.0 ], [ 113.727749400242487, -7.760939939562491, 0.0 ], [ 113.72782176043745, -7.760784059647506, 0.0 ], [ 113.727840480430018, -7.760744190402477, 0.0 ], [ 113.727752999792528, -7.760493359717486, 0.0 ], [ 113.727639960287547, -7.760279970197473, 0.0 ], [ 113.727629880292511, -7.760220030437495, 0.0 ], [ 113.727679920047535, -7.760009969872499, 0.0 ], [ 113.727800160444986, -7.759649970310022, 0.0 ], [ 113.727930119717485, -7.759389959559996, 0.0 ], [ 113.727930119717485, -7.759220040425021, 0.0 ], [ 113.727949920382457, -7.759080000359972, 0.0 ], [ 113.728089959652493, -7.758800009794982, 0.0 ], [ 113.728140000304961, -7.758649979792494, 0.0 ], [ 113.728200120055021, -7.758399959712506, 0.0 ], [ 113.728200120055021, -7.758340020212472, 0.0 ], [ 113.728299840237469, -7.758050040064973, 0.0 ], [ 113.728380119979988, -7.757880030207502, 0.0 ], [ 113.728387319977514, -7.757605620357481, 0.0 ], [ 113.728380480205033, -7.757475299852501, 0.0 ], [ 113.728344840442446, -7.757194770127512, 0.0 ], [ 113.728283640019981, -7.756692840189999, 0.0 ] ] ] } },
{ "type": "Feature", "properties": { "NAMOBJ": "Jaringan Irigasi Sekunder", "REMARK": "DI Sbr. Klompang" }, "geometry": { "type": "MultiLineString", "coordinates": [ [ [ 114.116089033239973, -7.723058142545028, 0.0 ], [ 114.116282076702532, -7.723120496004981, 0.0 ], [ 114.11652577436746, -7.723140121407482, 0.0 ], [ 114.116704737635018, -7.723036269840009, 0.0 ], [ 114.116826282389979, -7.722884678294974, 0.0 ], [ 114.116913591447542, -7.722720985289982, 0.0 ], [ 114.116883358647556, -7.7225396551475, 0.0 ], [ 114.116782428432543, -7.722431305465022, 0.0 ], [ 114.11673549235752, -7.722270323447503, 0.0 ], [ 114.116932664477531, -7.721907076014986, 0.0 ], [ 114.117000191737475, -7.721587312282509, 0.0 ], [ 114.117054967410013, -7.721160032462478, 0.0 ], [ 114.117149343515052, -7.720877688647477, 0.0 ], [ 114.117109502332482, -7.720440105547482, 0.0 ], [ 114.11715192707004, -7.720161435605007, 0.0 ], [ 114.11715834912502, -7.720043947709996, 0.0 ], [ 114.117108021012541, -7.719874164455007, 0.0 ], [ 114.116995594160016, -7.719763258834973, 0.0 ], [ 114.11690333718002, -7.719662770344996, 0.0 ], [ 114.116782446399952, -7.719470358319995, 0.0 ], [ 114.116674176950028, -7.719345407017499, 0.0 ], [ 114.116564171057462, -7.719250743509974, 0.0 ], [ 114.116467448552498, -7.719232252419999, 0.0 ], [ 114.11675769871249, -7.718648952327499, 0.0 ], [ 114.116765237375034, -7.718557539915025, 0.0 ], [ 114.116741884770022, -7.718081918670009, 0.0 ], [ 114.116942758847472, -7.717530518170008, 0.0 ] ] ] } },
{ "type": "Feature", "properties": { "NAMOBJ": "Jaringan Irigasi Sekunder", "REMARK": "DI Pregin A" }, "geometry": { "type": "MultiLineString", "coordinates": [ [ [ 113.810760000039977, -7.773865000005003, 0.0 ], [ 113.810753999295002, -7.77383200002248, 0.0 ], [ 113.810740999775021, -7.773817999920027, 0.0 ], [ 113.810723000230041, -7.773749999689983, 0.0 ], [ 113.810716999484953, -7.773706000030018, 0.0 ], [ 113.810687000245025, -7.773652000824995, 0.0 ], [ 113.810662000132538, -7.77363799981498, 0.0 ], [ 113.810663999782491, -7.773607000125025, 0.0 ], [ 113.810639999492537, -7.773557999792502, 0.0 ], [ 113.810622999772477, -7.773541000199998, 0.0 ], [ 113.810611999902449, -7.77352000006249, 0.0 ], [ 113.810596999834956, -7.773501000197484, 0.0 ], [ 113.810578999392533, -7.773469000379976, 0.0 ], [ 113.810519999840039, -7.773401999427506, 0.0 ], [ 113.810504999772547, -7.773360999299996, 0.0 ], [ 113.81049999975005, -7.773328999492492, 0.0 ], [ 113.810488999880022, -7.773276000472492, 0.0 ], [ 113.810446000222555, -7.773235000354987, 0.0 ], [ 113.810434000524992, -7.773203000557487, 0.0 ], [ 113.810420999207508, -7.77315099986248, 0.0 ], [ 113.810415000260036, -7.773112000032484, 0.0 ], [ 113.810390999969968, -7.773018000029992, 0.0 ], [ 113.810407999687527, -7.772971999259994, 0.0 ], [ 113.81042299975752, -7.772927000457514, 0.0 ], [ 113.810447000047475, -7.772918000150014, 0.0 ], [ 113.810446000222555, -7.772844000159978, 0.0 ], [ 113.810390999969968, -7.772581999437477, 0.0 ], [ 113.810358000357496, -7.772527000240018, 0.0 ], [ 113.810313999977552, -7.772488999687482, 0.0 ], [ 113.810314999802472, -7.772432000232527, 0.0 ], [ 113.81026899976996, -7.772368999980017, 0.0 ], [ 113.810259000622523, -7.772346999762476, 0.0 ], [ 113.810232999784944, -7.77228700083748, 0.0 ], [ 113.810190000127477, -7.772228000227528, 0.0 ], [ 113.810160999815025, -7.772159000114982, 0.0 ], [ 113.810020000250006, -7.772017999517516, 0.0 ], [ 113.810029999397557, -7.772019999785016, 0.0 ], [ 113.810015000225007, -7.771962000259975, 0.0 ], [ 113.809920999617475, -7.771890999922505, 0.0 ], [ 113.809871000285057, -7.771872000129974, 0.0 ], [ 113.809850000370034, -7.77183599990002, 0.0 ], [ 113.809833000652475, -7.771817000109991, 0.0 ], [ 113.809805999989976, -7.771793000567527, 0.0 ], [ 113.809725999622515, -7.771734000027493, 0.0 ], [ 113.809717000299997, -7.771718000640021, 0.0 ], [ 113.809662000047524, -7.771697000587494, 0.0 ], [ 113.809593000452537, -7.771682000422516, 0.0 ], [ 113.809553000269943, -7.771641000457521, 0.0 ], [ 113.809502999142524, -7.771594999834974, 0.0 ], [ 113.809445999239983, -7.771571999525008, 0.0 ], [ 113.809421000025054, -7.771522000204982, 0.0 ], [ 113.80940000010753, -7.771505000695015, 0.0 ], [ 113.809376999642495, -7.771489999622474, 0.0 ], [ 113.809341000557538, -7.77146899958251, 0.0 ], [ 113.809305000572522, -7.771420999624979, 0.0 ], [ 113.809204000290038, -7.771404000117514, 0.0 ], [ 113.809160999732512, -7.77136799992752, 0.0 ], [ 113.809131000494972, -7.77135699938998, 0.0 ], [ 113.809036999885052, -7.771334000005027, 0.0 ], [ 113.808973000309948, -7.771303000479975, 0.0 ], [ 113.808916000410022, -7.771275999657519, 0.0 ], [ 113.808850000287521, -7.771239999477473, 0.0 ], [ 113.808793000384981, -7.771214000617476, 0.0 ], [ 113.808699000675006, -7.771163000295019, 0.0 ], [ 113.808583000322528, -7.771080999557512, 0.0 ], [ 113.808564000057459, -7.77108299982001, 0.0 ], [ 113.808456000102524, -7.771076000724975, 0.0 ], [ 113.808384999957525, -7.771048999917525, 0.0 ], [ 113.80835800019247, -7.771033999775, 0.0 ], [ 113.808290000420016, -7.771013999889988, 0.0 ], [ 113.808201999657513, -7.771008000015001, 0.0 ], [ 113.808165999672497, -7.770977000512516, 0.0 ], [ 113.808141999385043, -7.770970999727524, 0.0 ], [ 113.80810299992504, -7.770960999327485, 0.0 ], [ 113.808017000609993, -7.770929999830003, 0.0 ], [ 113.80792699929998, -7.770874999930015, 0.0 ], [ 113.807842000707524, -7.770849999397512, 0.0 ], [ 113.807774000037512, -7.770810999772493, 0.0 ], [ 113.807714999587461, -7.770771000022478, 0.0 ], [ 113.807677999777525, -7.77072500040498, 0.0 ], [ 113.807644000340019, -7.770726000534978, 0.0 ], [ 113.807584000065049, -7.770709999360008, 0.0 ], [ 113.807501000224988, -7.770697000402492, 0.0 ], [ 113.807455000194977, -7.770688999360004, 0.0 ], [ 113.807398999220027, -7.770696000272494, 0.0 ], [ 113.807337000192547, -7.770652000009989, 0.0 ], [ 113.807262999675004, -7.770610999232474, 0.0 ], [ 113.807231999712485, -7.770570999500023, 0.0 ], [ 113.807133999802545, -7.770512999255004, 0.0 ], [ 113.807071000054975, -7.770500000302491, 0.0 ], [ 113.807003000282521, -7.770484000049976, 0.0 ], [ 113.806942000182516, -7.770445999675019, 0.0 ], [ 113.806877999709968, -7.770390000620012, 0.0 ], [ 113.806778999977496, -7.770368999722507, 0.0 ], [ 113.806726000272533, -7.770354000514999, 0.0 ], [ 113.806632000562445, -7.770354000514999, 0.0 ], [ 113.806532000104994, -7.770368000505016, 0.0 ], [ 113.806454000287545, -7.770337999354979, 0.0 ], [ 113.806372000270017, -7.770333000530002, 0.0 ], [ 113.806332000087536, -7.77034600039002, 0.0 ], [ 113.806274000362464, -7.770351000127505, 0.0 ], [ 113.806191999447492, -7.770357999209978, 0.0 ], [ 113.806126000222548, -7.770374000369998, 0.0 ], [ 113.80607599999496, -7.770390999837502, 0.0 ], [ 113.805992999254954, -7.770389000492514, 0.0 ], [ 113.805927000032511, -7.77034600039002, 0.0 ], [ 113.805850000039982, -7.770363999987524, 0.0 ], [ 113.805813000230046, -7.770386000102519, 0.0 ], [ 113.805744999557533, -7.770377999977484, 0.0 ], [ 113.805670999937547, -7.770340999742473, 0.0 ], [ 113.805658000417452, -7.770318999629978, 0.0 ], [ 113.805597000319949, -7.770302999382523, 0.0 ], [ 113.805593999945017, -7.770324999495017, 0.0 ], [ 113.805557000134968, -7.770343000002526, 0.0 ] ] ] } },
{ "type": "Feature", "properties": { "NAMOBJ": "Jaringan Irigasi Sekunder", "REMARK": "DI Tanah Merah A" }, "geometry": { "type": "MultiLineString", "coordinates": [ [ [ 113.664965361704958, -7.812568884245024, 0.0 ], [ 113.665002245632536, -7.812527152115024, 0.0 ], [ 113.665044921894946, -7.812484041937523, 0.0 ], [ 113.66506990763753, -7.812439809245006, 0.0 ], [ 113.665076627034978, -7.812403821134978, 0.0 ], [ 113.66509194510752, -7.812284890825026, 0.0 ], [ 113.66514273046505, -7.812227193417527, 0.0 ], [ 113.665215215524995, -7.812163573142527, 0.0 ], [ 113.665281695347517, -7.812102237154988, 0.0 ], [ 113.665293455192455, -7.812054315712487, 0.0 ], [ 113.665308561262464, -7.812008131892526, 0.0 ] ] ] } },
{ "type": "Feature", "properties": { "NAMOBJ": "Jaringan Irigasi Sekunder", "REMARK": "DI Sbr. Pakel 4" }, "geometry": { "type": "MultiLineString", "coordinates": [ [ [ 113.695286013335021, -7.811472802967501, 0.0 ], [ 113.695314696542482, -7.811377163737518, 0.0 ], [ 113.69530993547005, -7.811326791094984, 0.0 ], [ 113.695322372645023, -7.811232612080005, 0.0 ], [ 113.695410065285046, -7.811097441225002, 0.0 ], [ 113.695592437660025, -7.810914099037518, 0.0 ], [ 113.695693384044944, -7.810730208450025, 0.0 ], [ 113.695736113309977, -7.810584284439983, 0.0 ], [ 113.695717882000054, -7.81051860099501, 0.0 ], [ 113.69564195190253, -7.810402576050024, 0.0 ], [ 113.695625350137448, -7.810323876960013, 0.0 ], [ 113.695639844452444, -7.810215966099975, 0.0 ], [ 113.695612829417541, -7.810105578437515, 0.0 ], [ 113.695551744877548, -7.810006852150025, 0.0 ], [ 113.695559766832503, -7.809933898932513, 0.0 ], [ 113.695611568182471, -7.809790199225006, 0.0 ], [ 113.695668588744979, -7.809640929905015, 0.0 ], [ 113.69569453658255, -7.809530767807473, 0.0 ], [ 113.695702728320043, -7.809462284632502, 0.0 ], [ 113.695676747244988, -7.809398027767486, 0.0 ], [ 113.695651049139997, -7.809366222402502, 0.0 ] ] ] } },
{ "type": "Feature", "properties": { "NAMOBJ": "Jaringan Irigasi Primer", "REMARK": "DI Sampean Lama" }, "geometry": { "type": "MultiLineString", "coordinates": [ [ [ 113.994320667219995, -7.713512780139979, 0.0 ], [ 113.993730245904999, -7.71385391473251, 0.0 ], [ 113.993395265035019, -7.713921990405026, 0.0 ], [ 113.990186719097551, -7.713821200347525, 0.0 ], [ 113.989916018972508, -7.714086013122483, 0.0 ], [ 113.989379010587527, -7.714388541397511, 0.0 ], [ 113.988905969437496, -7.714842995245021, 0.0 ], [ 113.988545962400053, -7.715186112637525, 0.0 ], [ 113.98824738036501, -7.71531966038998, 0.0 ], [ 113.987723854795036, -7.715409964452476, 0.0 ], [ 113.986666348160043, -7.715381500875026, 0.0 ], [ 113.985043862297516, -7.715085097832514, 0.0 ], [ 113.983192975282464, -7.714679735017512, 0.0 ], [ 113.98165407855754, -7.714343892662498, 0.0 ], [ 113.979449084640009, -7.713842384632528, 0.0 ], [ 113.978834471694995, -7.713329786877523, 0.0 ], [ 113.978707131910028, -7.713109580282492, 0.0 ], [ 113.97750655060247, -7.712018049849974, 0.0 ], [ 113.977196106314977, -7.711826604709984, 0.0 ], [ 113.974621485302464, -7.711320765672497, 0.0 ], [ 113.974474767960032, -7.711327761977486, 0.0 ], [ 113.97401710865995, -7.711414602642492, 0.0 ], [ 113.973622010734971, -7.711453202757525, 0.0 ], [ 113.973391327859986, -7.711445844227512, 0.0 ], [ 113.972940941324964, -7.71128763542248, 0.0 ], [ 113.971006300782506, -7.71089698315501, 0.0 ], [ 113.964330716887503, -7.709609255039993, 0.0 ], [ 113.962684615212538, -7.709275568040027, 0.0 ], [ 113.960808799052529, -7.708815287970026, 0.0 ], [ 113.958553897432466, -7.70821563894998, 0.0 ], [ 113.956608425005015, -7.707558622110014, 0.0 ], [ 113.954399792012509, -7.706788680269995, 0.0 ], [ 113.952941060942521, -7.706141667224983, 0.0 ], [ 113.952823086992453, -7.706175943959977, 0.0 ], [ 113.952680649222543, -7.706368147547494, 0.0 ], [ 113.95233647589248, -7.706494815889982, 0.0 ], [ 113.952144425965002, -7.706443554944997, 0.0 ], [ 113.951388349025024, -7.705913352202515, 0.0 ], [ 113.950516737059957, -7.705186986270007, 0.0 ], [ 113.95026840678247, -7.70531299096001, 0.0 ], [ 113.949802087727448, -7.705794257787488, 0.0 ], [ 113.948932764669962, -7.706211373960002, 0.0 ], [ 113.948236485882489, -7.706703785749994, 0.0 ], [ 113.947888352777454, -7.707643169175014, 0.0 ], [ 113.947553882150032, -7.708444779075023, 0.0 ], [ 113.947427526917522, -7.708614019547497, 0.0 ] ] ] } },
{ "type": "Feature", "properties": { "NAMOBJ": "Jaringan Irigasi Sekunder", "REMARK": "DI Kalorkoran" }, "geometry": { "type": "MultiLineString", "coordinates": [ [ [ 114.310358984042523, -7.775006109444973, 0.0 ], [ 114.310359000212543, -7.775005999939992, 0.0 ], [ 114.310359037942476, -7.775006228074972, 0.0 ] ] ] } },
{ "type": "Feature", "properties": { "NAMOBJ": "Jaringan Irigasi Primer", "REMARK": "DI Sampean Lama" }, "geometry": { "type": "MultiLineString", "coordinates": [ [ [ 113.994320667219995, -7.713512780139979, 0.0 ], [ 113.994007900787551, -7.714013318812476, 0.0 ], [ 113.993969854440024, -7.714225118930017, 0.0 ], [ 113.993270606719989, -7.714881335627524, 0.0 ], [ 113.990171024629944, -7.718010617864991, 0.0 ], [ 113.989300389134996, -7.718915415872516, 0.0 ], [ 113.989101977340056, -7.719323134860019, 0.0 ], [ 113.989009025065002, -7.719734897162482, 0.0 ], [ 113.989018052234997, -7.720337157924973, 0.0 ], [ 113.989202151172549, -7.721301503714983, 0.0 ], [ 113.989212391967499, -7.722075850920021, 0.0 ], [ 113.98915402842249, -7.722635559362516, 0.0 ], [ 113.989045556852489, -7.722884897277481, 0.0 ], [ 113.988740708169985, -7.723149952812491, 0.0 ], [ 113.988435150717464, -7.723314622277485, 0.0 ], [ 113.988190920352508, -7.723340232302519, 0.0 ], [ 113.987964611374991, -7.723188845947504, 0.0 ], [ 113.987714845589949, -7.723109326070016, 0.0 ], [ 113.987312538682545, -7.723145602357476, 0.0 ], [ 113.986910298252496, -7.723191439977484, 0.0 ], [ 113.986652730599985, -7.72336533501749, 0.0 ], [ 113.98643950199255, -7.723711013944978, 0.0 ], [ 113.986151780590035, -7.724367936602505, 0.0 ], [ 113.986076853907548, -7.724617040107489, 0.0 ], [ 113.985925633309989, -7.725602854002489, 0.0 ], [ 113.985657383789999, -7.726302664837476, 0.0 ], [ 113.985412288344946, -7.726887584757492, 0.0 ], [ 113.985217352132508, -7.72710884490499, 0.0 ], [ 113.984032316169987, -7.72828832396749, 0.0 ], [ 113.983717875277534, -7.728553443935027, 0.0 ], [ 113.983526386797507, -7.728583464999986, 0.0 ], [ 113.982855167414982, -7.728545134354988, 0.0 ], [ 113.981857034930044, -7.728360894749983, 0.0 ], [ 113.981454385765005, -7.728349366090015, 0.0 ], [ 113.980631023212482, -7.728484188009986, 0.0 ], [ 113.979855681899949, -7.728633014085005, 0.0 ], [ 113.977305004584991, -7.728874542227516, 0.0 ], [ 113.97671191707002, -7.728872702749982, 0.0 ], [ 113.97648981400755, -7.728808521760016, 0.0 ], [ 113.975973218040053, -7.728608957630001, 0.0 ], [ 113.975667920199953, -7.728640965077489, 0.0 ], [ 113.974860978852462, -7.728897563990017, 0.0 ], [ 113.97424426474754, -7.728943689637504, 0.0 ], [ 113.97400477389499, -7.728963286102498, 0.0 ], [ 113.973813459687449, -7.729018400202506, 0.0 ], [ 113.971504088722554, -7.730307277177474, 0.0 ], [ 113.97085700078253, -7.73029385697248, 0.0 ], [ 113.969559504727499, -7.730649472455013, 0.0 ], [ 113.96715308157502, -7.731513549764998, 0.0 ], [ 113.965974718297502, -7.731772717087495, 0.0 ], [ 113.964866859294943, -7.731834198589979, 0.0 ], [ 113.964639639427446, -7.73189553410748, 0.0 ], [ 113.964383508180049, -7.732106460620003, 0.0 ], [ 113.964009322134984, -7.732569178812525, 0.0 ], [ 113.963980276010034, -7.732637106870015, 0.0 ], [ 113.963950378279947, -7.732707027719982, 0.0 ], [ 113.964018713122528, -7.733913619044984, 0.0 ], [ 113.963990096392536, -7.734105037434972, 0.0 ], [ 113.963907106432544, -7.734231100705017, 0.0 ], [ 113.963776150029958, -7.734351523237478, 0.0 ], [ 113.963012536225051, -7.73481097360002, 0.0 ], [ 113.962130613397449, -7.735486367449994, 0.0 ], [ 113.961236396227491, -7.735974608777497, 0.0 ], [ 113.960411535287449, -7.736243263737492, 0.0 ], [ 113.957071486770019, -7.738369861262527, 0.0 ], [ 113.95578168299005, -7.738976368040028, 0.0 ], [ 113.954748095797527, -7.739383900589985, 0.0 ], [ 113.954275669094955, -7.739506689657503, 0.0 ], [ 113.952765739442498, -7.740335817199991, 0.0 ], [ 113.952556358319953, -7.74037909809249, 0.0 ], [ 113.951933538367484, -7.740413290845026, 0.0 ], [ 113.951712298584994, -7.740474579220006, 0.0 ], [ 113.950661396365035, -7.740977837132505, 0.0 ], [ 113.949824656102464, -7.741264487194996, 0.0 ], [ 113.949190681767504, -7.741418266874973, 0.0 ], [ 113.948760475882523, -7.741582588330004, 0.0 ], [ 113.946742391732528, -7.742570583299994, 0.0 ], [ 113.946191496292499, -7.742610248300025, 0.0 ], [ 113.945988226407508, -7.742671410152525, 0.0 ], [ 113.94554091480245, -7.742961336187477, 0.0 ], [ 113.945404416695055, -7.743147523737491, 0.0 ], [ 113.944107362612499, -7.744441264262491, 0.0 ], [ 113.943140679244948, -7.744997706652498, 0.0 ], [ 113.942871384087539, -7.745041398622504, 0.0 ], [ 113.941125661944966, -7.744706867695015, 0.0 ], [ 113.940874217207465, -7.744732506357479, 0.0 ], [ 113.938690003119973, -7.745960652842484, 0.0 ], [ 113.938455789867476, -7.746000633869983, 0.0 ], [ 113.938060123307537, -7.745963924064995, 0.0 ], [ 113.937051951250055, -7.745723484099983, 0.0 ], [ 113.936724678822543, -7.74570064484999, 0.0 ], [ 113.936311312757539, -7.745703495422504, 0.0 ], [ 113.935701044065013, -7.745822435637479, 0.0 ], [ 113.934244386304954, -7.746223288920021, 0.0 ], [ 113.933530675712518, -7.746371861947523, 0.0 ], [ 113.931877632757505, -7.74644539477498, 0.0 ], [ 113.931077253600051, -7.746450906132509, 0.0 ], [ 113.929487205004989, -7.745931201782525, 0.0 ], [ 113.92658092509248, -7.74498072187248, 0.0 ], [ 113.926028114442488, -7.744745488110027, 0.0 ], [ 113.925238847447531, -7.744277628812483, 0.0 ], [ 113.924521337877536, -7.743790151894984, 0.0 ], [ 113.9243133069225, -7.743509523379998, 0.0 ], [ 113.923931100719983, -7.742297867582522, 0.0 ], [ 113.923706022434999, -7.741630125090012, 0.0 ], [ 113.923459419617529, -7.741316296082516, 0.0 ], [ 113.922726566822462, -7.740502240564979, 0.0 ], [ 113.922481448920053, -7.740403530220021, 0.0 ], [ 113.921439599025007, -7.740142956192528, 0.0 ], [ 113.921299886742531, -7.740038741952503, 0.0 ], [ 113.920271347182506, -7.738927118884988, 0.0 ], [ 113.920192163384968, -7.738564333797513, 0.0 ], [ 113.920113380237467, -7.736867744752487, 0.0 ], [ 113.91934676695746, -7.735568275662501, 0.0 ], [ 113.917429328255025, -7.733781484427482, 0.0 ], [ 113.91474073798247, -7.730668528832496, 0.0 ], [ 113.914237641897444, -7.729381184595013, 0.0 ], [ 113.913593724112502, -7.727564146039981, 0.0 ], [ 113.913211257397506, -7.725956266672483, 0.0 ], [ 113.912995182027544, -7.724702789427511, 0.0 ], [ 113.913058109912527, -7.724444204810027, 0.0 ], [ 113.913200215304983, -7.724199419935019, 0.0 ], [ 113.913961833952499, -7.723613371317526, 0.0 ], [ 113.915710746912509, -7.722328580915018, 0.0 ], [ 113.915973979340038, -7.722082969662495, 0.0 ], [ 113.916072554172501, -7.721781115782505, 0.0 ], [ 113.916076643302517, -7.721329314387503, 0.0 ], [ 113.916023966095054, -7.719938501972479, 0.0 ] ] ] } },
{ "type": "Feature", "properties": { "NAMOBJ": "Jaringan Irigasi Sekunder", "REMARK": "DI Sumber Pakem" }, "geometry": { "type": "MultiLineString", "coordinates": [ [ [ 113.829701179030053, -7.78673196469498, 0.0 ], [ 113.829669614925024, -7.786650021219998, 0.0 ], [ 113.829654259122549, -7.786616289297513, 0.0 ], [ 113.829655491612471, -7.786551713712527, 0.0 ], [ 113.82964665578254, -7.786499957800004, 0.0 ], [ 113.829616758052452, -7.78645383695499, 0.0 ], [ 113.829558840075038, -7.786366237482525, 0.0 ], [ 113.829528961210031, -7.786324050704991, 0.0 ], [ 113.829477695255036, -7.786274389144978, 0.0 ], [ 113.829444530352475, -7.78621932523248, 0.0 ], [ 113.829416367270028, -7.786114610735012, 0.0 ], [ 113.829409098102474, -7.786061332722511, 0.0 ], [ 113.829370839752528, -7.785993864407487, 0.0 ], [ 113.829337729647477, -7.785883436427525, 0.0 ], [ 113.829342112527456, -7.785814488880021, 0.0 ], [ 113.82934761830245, -7.785752309797488, 0.0 ], [ 113.829364130235035, -7.785715110217495, 0.0 ], [ 113.829437370780056, -7.785639045647486, 0.0 ], [ 113.829463411142456, -7.785601791322506, 0.0 ], [ 113.829471840932456, -7.785565366517517, 0.0 ], [ 113.82944666474998, -7.785467632344989, 0.0 ], [ 113.82941386815753, -7.785358508547517, 0.0 ], [ 113.829423645419979, -7.785275180985025, 0.0 ], [ 113.82944638627248, -7.785237432997519, 0.0 ], [ 113.829488202847529, -7.785203798827524, 0.0 ], [ 113.829542599432443, -7.785190532052525, 0.0 ] ] ] } },
{ "type": "Feature", "properties": { "NAMOBJ": "Jaringan Irigasi Sekunder", "REMARK": "DI Leces" }, "geometry": { "type": "MultiLineString", "coordinates": [ [ [ 113.805829195954971, -7.776685992747502, 0.0 ], [ 113.805599177835006, -7.776610773870004, 0.0 ], [ 113.805453908575032, -7.776584219862514, 0.0 ], [ 113.805320709977536, -7.776579756627484, 0.0 ], [ 113.805124521512539, -7.776584197962507, 0.0 ], [ 113.805014600062464, -7.776586452847482, 0.0 ], [ 113.804891626090011, -7.776600547945009, 0.0 ], [ 113.804811389467545, -7.776605527677475, 0.0 ], [ 113.804763821874985, -7.776610355015009, 0.0 ], [ 113.804717772437471, -7.776564704277519, 0.0 ], [ 113.804632217787457, -7.776543976840003, 0.0 ], [ 113.804534467609983, -7.77657223273502, 0.0 ], [ 113.804445733824991, -7.776575031494986, 0.0 ], [ 113.80436077475747, -7.77654671537249, 0.0 ], [ 113.804248731485018, -7.776518598187522, 0.0 ], [ 113.804096512860042, -7.776449146592483, 0.0 ], [ 113.803986117097452, -7.7764070748525, 0.0 ], [ 113.803889907529992, -7.776376856094998, 0.0 ], [ 113.803812007424995, -7.77637203058498, 0.0 ], [ 113.803691151680027, -7.776378920260015, 0.0 ], [ 113.803508004057448, -7.77638648430252, 0.0 ], [ 113.803432122467484, -7.776400852242489, 0.0 ], [ 113.803374940207505, -7.776392711475012, 0.0 ], [ 113.80333244001497, -7.776380716140011, 0.0 ], [ 113.803302049110016, -7.776367060894984, 0.0 ], [ 113.803243706227477, -7.776299291132489, 0.0 ], [ 113.803205855712463, -7.776271727874985, 0.0 ], [ 113.803165525847476, -7.776254842242508, 0.0 ], [ 113.803066315907472, -7.776248872410008, 0.0 ], [ 113.803033303719985, -7.776234835727507, 0.0 ], [ 113.802967715025034, -7.776202787340026, 0.0 ], [ 113.802916584717536, -7.776170935154994, 0.0 ], [ 113.802843065695015, -7.776144357444991, 0.0 ], [ 113.802791401787545, -7.776118452280002, 0.0 ], [ 113.802774734445052, -7.776083932747497, 0.0 ], [ 113.802729681237452, -7.776086846484986, 0.0 ], [ 113.802686065337525, -7.776106247070004, 0.0 ], [ 113.802646422682528, -7.776104641912525, 0.0 ], [ 113.802567473344993, -7.776093066352473, 0.0 ] ] ] } },
{ "type": "Feature", "properties": { "NAMOBJ": "Jaringan Irigasi Sekunder", "REMARK": "DI Sbr. Rengik" }, "geometry": { "type": "MultiLineString", "coordinates": [ [ [ 113.617126398714959, -7.756167675919983, 0.0 ], [ 113.617141944960053, -7.756068913637478, 0.0 ], [ 113.617133547507478, -7.756021875340025, 0.0 ], [ 113.617126809244951, -7.755969026270009, 0.0 ], [ 113.617105360172445, -7.755833213942481, 0.0 ], [ 113.61709764633747, -7.755693688712483, 0.0 ], [ 113.61713789625253, -7.755591833180006, 0.0 ], [ 113.617205835837467, -7.755519428464993, 0.0 ], [ 113.617282278874995, -7.755508092532523, 0.0 ], [ 113.617380195240003, -7.755523026437515, 0.0 ], [ 113.617501704959977, -7.755596497857482, 0.0 ], [ 113.617590810649972, -7.755643194834988, 0.0 ], [ 113.617725978352496, -7.755699908287511, 0.0 ], [ 113.617826877125026, -7.755681338992474, 0.0 ], [ 113.617921422115046, -7.755610640632483, 0.0 ], [ 113.617987908225018, -7.755557660212503, 0.0 ], [ 113.618038696277495, -7.755506792227493, 0.0 ], [ 113.618103428877475, -7.755469674642484, 0.0 ], [ 113.618184606932459, -7.755452236852477, 0.0 ], [ 113.618298625600005, -7.755400784882511, 0.0 ], [ 113.618422470940004, -7.755269779757498, 0.0 ], [ 113.618471241375005, -7.755158597712523, 0.0 ], [ 113.618523469424986, -7.755052606879985, 0.0 ], [ 113.618627726997488, -7.75490891454001, 0.0 ], [ 113.618736171619958, -7.754770040215021, 0.0 ], [ 113.61881332881751, -7.75468603966749, 0.0 ], [ 113.619210224272479, -7.754454900457517, 0.0 ] ] ] } },
{ "type": "Feature", "properties": { "NAMOBJ": "Jaringan Irigasi Sekunder", "REMARK": "DI Mumbul" }, "geometry": { "type": "MultiLineString", "coordinates": [ [ [ 113.725918000380034, -7.774478000035003, 0.0 ], [ 113.725865999605048, -7.77439699971751, 0.0 ], [ 113.725817999922469, -7.774328000167486, 0.0 ], [ 113.725786000137532, -7.774282000172491, 0.0 ], [ 113.725759000372477, -7.774219999787476, 0.0 ], [ 113.725707999420024, -7.774171000297486, 0.0 ], [ 113.725632999975005, -7.774117000122487, 0.0 ], [ 113.725471999420051, -7.774067999734996, 0.0 ], [ 113.725212000024953, -7.77402499926751, 0.0 ], [ 113.725072000284968, -7.774044000067477, 0.0 ], [ 113.724960000129954, -7.77406499931999, 0.0 ], [ 113.724939000215045, -7.774074000562507, 0.0 ], [ 113.724925999795005, -7.774098000232527, 0.0 ], [ 113.724921000672452, -7.774128999959999, 0.0 ], [ 113.724919999947474, -7.774163000102476, 0.0 ], [ 113.724919000122554, -7.774203000167518, 0.0 ], [ 113.724903000230029, -7.774233999902492, 0.0 ], [ 113.72487200026751, -7.774251000435015, 0.0 ], [ 113.724822000040035, -7.774260999995022, 0.0 ], [ 113.724699000014994, -7.774276999477479, 0.0 ], [ 113.724670999527461, -7.774281000032488, 0.0 ], [ 113.724524000112524, -7.774362000327528, 0.0 ], [ 113.724470000585029, -7.774354999355012, 0.0 ] ] ] } },
{ "type": "Feature", "properties": { "NAMOBJ": "Jaringan Irigasi Sekunder", "REMARK": "DI Dakoan" }, "geometry": { "type": "MultiLineString", "coordinates": [ [ [ 114.092295970755004, -7.717876153217503, 0.0 ], [ 114.092234301412532, -7.717955975060022, 0.0 ], [ 114.092117751292449, -7.717900310354992, 0.0 ], [ 114.091911450492489, -7.717710025037491, 0.0 ], [ 114.091681654255012, -7.717625652109973, 0.0 ], [ 114.091464885387495, -7.717557815822488, 0.0 ], [ 114.091092663059953, -7.717458769459995, 0.0 ], [ 114.090861037852505, -7.717421094912481, 0.0 ], [ 114.090702487002545, -7.717359555235021, 0.0 ], [ 114.090667583859954, -7.7172582214925, 0.0 ], [ 114.090629990265029, -7.717203219290013, 0.0 ], [ 114.090542474592553, -7.717184544892518, 0.0 ], [ 114.090440279549966, -7.71717168987999, 0.0 ], [ 114.09036570950002, -7.717163289274993, 0.0 ], [ 114.090369432120042, -7.717015416047502, 0.0 ], [ 114.090444767535018, -7.716675345584974, 0.0 ], [ 114.090474414632467, -7.716559753714989, 0.0 ], [ 114.090475144064953, -7.716531311045003, 0.0 ], [ 114.090453535092479, -7.716517019912487, 0.0 ], [ 114.090365093257446, -7.71649221321502, 0.0 ], [ 114.090240565197519, -7.716436160922512, 0.0 ], [ 114.090321505202496, -7.716169848532502, 0.0 ], [ 114.090279593404944, -7.716130048174989, 0.0 ], [ 114.090190130184965, -7.716082891040003, 0.0 ], [ 114.09006525448001, -7.716012927247505, 0.0 ], [ 114.090105626564991, -7.715875881092472, 0.0 ], [ 114.090002225084959, -7.715760190892524, 0.0 ], [ 114.089943134805026, -7.715679968907523, 0.0 ], [ 114.089915813442531, -7.715603032529998, 0.0 ], [ 114.08992737206745, -7.715513812369977, 0.0 ], [ 114.090032124612549, -7.715048991925016, 0.0 ], [ 114.09004966870998, -7.714961296517515, 0.0 ], [ 114.090059771162487, -7.714841114767523, 0.0 ], [ 114.089957915684977, -7.7148035253025, 0.0 ], [ 114.089775325017513, -7.71472768123499, 0.0 ], [ 114.089772399205003, -7.714187605247503, 0.0 ], [ 114.089751380425014, -7.713943685645006, 0.0 ], [ 114.089767594117461, -7.713894338967521, 0.0 ], [ 114.089827664460017, -7.713886904665003, 0.0 ], [ 114.089861874102553, -7.713675751610026, 0.0 ], [ 114.089929018677481, -7.713557967109978, 0.0 ], [ 114.090037660030021, -7.713567843007525, 0.0 ], [ 114.090067428402449, -7.713557917839978, 0.0 ], [ 114.090082503029976, -7.713483744607515, 0.0 ], [ 114.090090282442475, -7.7134597610725, 0.0 ] ] ] } },
{ "type": "Feature", "properties": { "NAMOBJ": "Jaringan Irigasi Sekunder", "REMARK": "DI Mulje" }, "geometry": { "type": "MultiLineString", "coordinates": [ [ [ 114.095828000027495, -7.715768000227513, 0.0 ], [ 114.09583800007249, -7.715721000065002, 0.0 ], [ 114.095838999897524, -7.715609999705009, 0.0 ], [ 114.095838999897524, -7.715553000442526, 0.0 ], [ 114.095841000447535, -7.715534000384991, 0.0 ], [ 114.095827000202462, -7.715487000249993, 0.0 ], [ 114.09579799989001, -7.715433000100006, 0.0 ], [ 114.095781000172451, -7.715412000042477, 0.0 ], [ 114.095766000102458, -7.715378999955021, 0.0 ], [ 114.095705999829988, -7.715275999699998, 0.0 ], [ 114.095638000057534, -7.715207999544987, 0.0 ], [ 114.095602000072518, -7.715125000282512, 0.0 ], [ 114.095556999865039, -7.715028000097504, 0.0 ], [ 114.095515999857525, -7.714983000020027, 0.0 ], [ 114.095417000125053, -7.714917999914974, 0.0 ], [ 114.095369000442474, -7.714824999782479, 0.0 ], [ 114.095331999734981, -7.714768999712476, 0.0 ], [ 114.095283000229983, -7.714702999639997, 0.0 ], [ 114.09522799997751, -7.714610999552519, 0.0 ], [ 114.095183999597452, -7.714535000410024, 0.0 ], [ 114.095094000082554, -7.714436000355022, 0.0 ], [ 114.095026000312487, -7.714340000325024, 0.0 ], [ 114.09500700004503, -7.714304000319999, 0.0 ], [ 114.094950000142489, -7.714201000319974, 0.0 ], [ 114.09487300014996, -7.714079000350011, 0.0 ], [ 114.094870999602449, -7.714025000374988, 0.0 ], [ 114.094854999710037, -7.713985000397486, 0.0 ], [ 114.094807999852492, -7.713904000454988, 0.0 ], [ 114.094750000127533, -7.713758999682511, 0.0 ], [ 114.094718000339981, -7.713671999789995, 0.0 ], [ 114.094690999677482, -7.713605999882475, 0.0 ], [ 114.094622000079994, -7.713498000057484, 0.0 ], [ 114.094597999790039, -7.713466000112476, 0.0 ], [ 114.094504999904984, -7.713286999562513, 0.0 ] ] ] } },
{ "type": "Feature", "properties": { "NAMOBJ": "Jaringan Irigasi Sekunder", "REMARK": "DI Bunut" }, "geometry": { "type": "MultiLineString", "coordinates": [ [ [ 113.624842865022515, -7.746991229449975, 0.0 ], [ 113.624627542442454, -7.746770864322514, 0.0 ], [ 113.624627857750056, -7.74659902573751, 0.0 ], [ 113.624650285987514, -7.746559637762516, 0.0 ], [ 113.624648402220032, -7.746283353572494, 0.0 ], [ 113.624671756622547, -7.74607104687999, 0.0 ], [ 113.624718212097491, -7.745844770292479, 0.0 ], [ 113.624725034802509, -7.74576102788501, 0.0 ], [ 113.624683319737528, -7.745286750972525, 0.0 ], [ 113.624695597909977, -7.745234119470013, 0.0 ], [ 113.624702854500015, -7.745063423909983, 0.0 ], [ 113.624718268692504, -7.745005120500025, 0.0 ], [ 113.624770728507542, -7.744896769762477, 0.0 ], [ 113.624856599364989, -7.744828066005027, 0.0 ], [ 113.624910855809958, -7.744805310752497, 0.0 ], [ 113.625021567779982, -7.74472689008752, 0.0 ], [ 113.625091393827461, -7.744649640137482, 0.0 ], [ 113.625151642037508, -7.744410795902525, 0.0 ], [ 113.625135984400004, -7.744241768665006, 0.0 ], [ 113.625131833287469, -7.743950290572513, 0.0 ], [ 113.62512235695749, -7.74360494314999, 0.0 ], [ 113.625089093242536, -7.743459427847483, 0.0 ], [ 113.625051088217447, -7.743365601282505, 0.0 ], [ 113.624907898557467, -7.743151938264987, 0.0 ], [ 113.62483124980497, -7.743088514335, 0.0 ], [ 113.624789221227502, -7.742965794509985, 0.0 ], [ 113.62475747745998, -7.742774994507499, 0.0 ], [ 113.624932872619979, -7.742339907712505, 0.0 ], [ 113.625001739267532, -7.741752204895022, 0.0 ], [ 113.624982195520033, -7.741418499552481, 0.0 ], [ 113.624862764502495, -7.740597322972519, 0.0 ], [ 113.624883721299966, -7.739716810520008, 0.0 ], [ 113.62486879489245, -7.739329618249997, 0.0 ], [ 113.624979459249971, -7.738492719387523, 0.0 ], [ 113.624908362987526, -7.737794439134973, 0.0 ], [ 113.624722732419968, -7.737407657364997, 0.0 ], [ 113.624294427372547, -7.736666450544988, 0.0 ], [ 113.623672582089966, -7.735322302879979, 0.0 ], [ 113.623689894422455, -7.735005168977523, 0.0 ], [ 113.623880301330018, -7.734406417207481, 0.0 ], [ 113.623909800207457, -7.733774582657475, 0.0 ], [ 113.623707336112489, -7.733238674749998, 0.0 ], [ 113.622964646765013, -7.732388930365005, 0.0 ], [ 113.622844841150027, -7.732062482535014, 0.0 ], [ 113.622699058054991, -7.731312975227524, 0.0 ] ] ] } },
{ "type": "Feature", "properties": { "NAMOBJ": "Jaringan Irigasi Sekunder", "REMARK": "DI Komis" }, "geometry": { "type": "MultiLineString", "coordinates": [ [ [ 113.719631281002535, -7.855935054389988, 0.0 ], [ 113.719568990024982, -7.855873555137521, 0.0 ], [ 113.719577369510034, -7.85576869857249, 0.0 ], [ 113.719583323542452, -7.855692146039985, 0.0 ], [ 113.719638381287496, -7.855577705169992, 0.0 ], [ 113.719626838832482, -7.855498130695025, 0.0 ], [ 113.719724113802499, -7.855368172927513, 0.0 ], [ 113.71978102207504, -7.855204244219976, 0.0 ], [ 113.719786827887447, -7.854914290805027, 0.0 ], [ 113.719766564590032, -7.854651338177518, 0.0 ], [ 113.719769019685032, -7.854504034687523, 0.0 ], [ 113.719920293284986, -7.854333223600008, 0.0 ], [ 113.720071739360037, -7.854150668800003, 0.0 ], [ 113.72015363247499, -7.853924862817507, 0.0 ], [ 113.720116671292544, -7.853775592700003, 0.0 ], [ 113.720029326302551, -7.85355956927998, 0.0 ], [ 113.720066551587479, -7.853360670112522, 0.0 ], [ 113.72011635239005, -7.853175894209983, 0.0 ], [ 113.720155695904964, -7.852814684744999, 0.0 ], [ 113.720202220552551, -7.852558533042497, 0.0 ], [ 113.720210348510022, -7.852423768970027, 0.0 ], [ 113.720265953327498, -7.852145900692506, 0.0 ], [ 113.72027849829999, -7.852016475137475, 0.0 ], [ 113.720325589782533, -7.851956417604981, 0.0 ], [ 113.720369091599991, -7.851840653407521, 0.0 ], [ 113.720408065007518, -7.851690945009977, 0.0 ], [ 113.720438062449944, -7.851460309412516, 0.0 ], [ 113.720494551209981, -7.851229354492489, 0.0 ], [ 113.720526665082502, -7.8509962922775, 0.0 ], [ 113.720571579950047, -7.850737615317485, 0.0 ], [ 113.720667919772495, -7.850615663359974, 0.0 ], [ 113.720790252347456, -7.850561094987484, 0.0 ], [ 113.720835292079983, -7.850385569572495, 0.0 ], [ 113.720881156464998, -7.850186665495016, 0.0 ], [ 113.720871203129946, -7.850067225437499, 0.0 ], [ 113.7206950650625, -7.849886817297488, 0.0 ], [ 113.720598756682534, -7.849769954775013, 0.0 ], [ 113.720519143490037, -7.849653717482511, 0.0 ], [ 113.720492628815009, -7.849578862749979, 0.0 ], [ 113.720522922702457, -7.8494600279775, 0.0 ], [ 113.720552974042448, -7.849288361887488, 0.0 ], [ 113.720549079847501, -7.849118109630012, 0.0 ], [ 113.72050443178, -7.848914546842479, 0.0 ], [ 113.720441428437539, -7.848718355064989, 0.0 ], [ 113.720365457014964, -7.8486250832525, 0.0 ], [ 113.720392431627488, -7.848522242782508, 0.0 ], [ 113.720462363674983, -7.84834759439002, 0.0 ], [ 113.720490676777445, -7.848197797775015, 0.0 ], [ 113.720513054709954, -7.848049569217494, 0.0 ], [ 113.720523253282522, -7.8479599747875, 0.0 ], [ 113.720503790382509, -7.847882791159975, 0.0 ], [ 113.720516368594986, -7.847849240605001, 0.0 ], [ 113.720557433279964, -7.847827053979984, 0.0 ], [ 113.72061479520255, -7.847780409955021, 0.0 ], [ 113.720680540202466, -7.847679913480022, 0.0 ], [ 113.720720410129957, -7.847582477282515, 0.0 ], [ 113.720767478257471, -7.847450394444991, 0.0 ], [ 113.720793342552497, -7.847352881635004, 0.0 ] ] ] } },
{ "type": "Feature", "properties": { "NAMOBJ": "Jaringan Irigasi Sekunder", "REMARK": "DI Kesambi I" }, "geometry": { "type": "MultiLineString", "coordinates": [ [ [ 113.721230000137552, -7.78566200016752, 0.0 ], [ 113.721206999672518, -7.785565000582494, 0.0 ], [ 113.721146999397547, -7.785194000687511, 0.0 ], [ 113.721129999679988, -7.785163999414976, 0.0 ], [ 113.721068999579984, -7.785085000154993, 0.0 ], [ 113.721020000074986, -7.785027999944987, 0.0 ], [ 113.720974999870009, -7.784954999865022, 0.0 ], [ 113.720984999915004, -7.784882999960018, 0.0 ], [ 113.721026999747551, -7.784813999642495, 0.0 ], [ 113.721087000022521, -7.784705000120027, 0.0 ], [ 113.721128000030035, -7.784624999867503, 0.0 ], [ 113.721148000122525, -7.784585999907506, 0.0 ], [ 113.72115800016752, -7.784552000767519, 0.0 ], [ 113.72116199946754, -7.784511000489999, 0.0 ], [ 113.721168000212515, -7.784470000217482, 0.0 ], [ 113.721166999490038, -7.784420999562485, 0.0 ], [ 113.72114199937505, -7.784352000232502, 0.0 ], [ 113.721101999192456, -7.784287999900016, 0.0 ], [ 113.721076378342445, -7.784222439105008, 0.0 ], [ 113.721067999754951, -7.784201000417511, 0.0 ], [ 113.721035999967512, -7.784133999622497, 0.0 ], [ 113.720999000157462, -7.784085000829975, 0.0 ], [ 113.720989000112468, -7.784066999747495, 0.0 ], [ 113.7209679992975, -7.784052000065003, 0.0 ], [ 113.720906000272521, -7.784036000219999, 0.0 ], [ 113.720856999867465, -7.784019000214982, 0.0 ], [ 113.720828000454958, -7.784002000210023, 0.0 ], [ 113.720798000317473, -7.783974999505006, 0.0 ], [ 113.720758999960026, -7.78391899960252, 0.0 ], [ 113.720693999662444, -7.783850000355017, 0.0 ], [ 113.720657999677542, -7.783812999875011, 0.0 ], [ 113.720612000544975, -7.783772000582474, 0.0 ], [ 113.720542000225009, -7.783732000539999, 0.0 ], [ 113.720502745642534, -7.783702358917481, 0.0 ], [ 113.720492999819953, -7.783695000072498, 0.0 ], [ 113.720486999972536, -7.783661000087477, 0.0 ], [ 113.720487444637456, -7.783659962512502, 0.0 ], [ 113.720496000192497, -7.783639999454977, 0.0 ], [ 113.720465000229979, -7.783595000450021, 0.0 ], [ 113.720380999667555, -7.783479000112493, 0.0 ], [ 113.720339720282482, -7.78338684029751, 0.0 ], [ 113.720338000009974, -7.78338300026752, 0.0 ], [ 113.720329401334993, -7.783351732497522, 0.0 ], [ 113.720327000137445, -7.783343000262505, 0.0 ], [ 113.720297999827494, -7.783279000077528, 0.0 ], [ 113.720272999712506, -7.783236999764995, 0.0 ], [ 113.720229987477524, -7.783178031419993, 0.0 ], [ 113.720210999787469, -7.783151999899985, 0.0 ], [ 113.720163000107505, -7.783053999807521, 0.0 ], [ 113.720141000364947, -7.782989000422504, 0.0 ], [ 113.720129999597475, -7.782899999972528, 0.0 ], [ 113.720132999970019, -7.782844999457495, 0.0 ], [ 113.720143000015014, -7.782730999640023, 0.0 ], [ 113.720158000085007, -7.782574999602502, 0.0 ], [ 113.720148999862545, -7.78245800029498, 0.0 ], [ 113.720127999947522, -7.782347000140021, 0.0 ], [ 113.720089999414995, -7.782231000139973, 0.0 ], [ 113.720033999337488, -7.782101999954989, 0.0 ], [ 113.719990999680022, -7.781998000077522, 0.0 ], [ 113.719931999229971, -7.78184700017249, 0.0 ], [ 113.719881999900053, -7.781715999792482, 0.0 ], [ 113.719850999937535, -7.781599999962509, 0.0 ], [ 113.719820999800049, -7.781452999907515, 0.0 ], [ 113.719809000104988, -7.781281999835016, 0.0 ], [ 113.719864000357461, -7.780915999837475, 0.0 ], [ 113.719963707962506, -7.780678162152526, 0.0 ], [ 113.719972999237484, -7.780655999990017, 0.0 ], [ 113.71996553872998, -7.780585536624983, 0.0 ], [ 113.719963999914967, -7.780571000635007, 0.0 ], [ 113.719876999877556, -7.780215000032513, 0.0 ], [ 113.719853000485045, -7.780169999559973, 0.0 ], [ 113.719816999602472, -7.78000900060249, 0.0 ], [ 113.719809999930021, -7.779837999275003, 0.0 ], [ 113.71980400008249, -7.779632000025003, 0.0 ], [ 113.719860000157496, -7.779424999809976, 0.0 ], [ 113.719990000752546, -7.779193999740016, 0.0 ], [ 113.720014000145056, -7.779164999950012, 0.0 ], [ 113.720014999969976, -7.77914099999748, 0.0 ], [ 113.720122000099991, -7.778945999990015, 0.0 ], [ 113.720240999924954, -7.778767999865011, 0.0 ], [ 113.72031399972002, -7.778643000402496, 0.0 ], [ 113.72031600026753, -7.778539999682494, 0.0 ], [ 113.720271000062553, -7.778392999760001, 0.0 ], [ 113.720167999232444, -7.778198000087514, 0.0 ], [ 113.720045999932495, -7.778114000454991, 0.0 ], [ 113.719934999602515, -7.778040999720019, 0.0 ], [ 113.719808000279954, -7.777982999382516, 0.0 ], [ 113.719722999889996, -7.777970000205016, 0.0 ], [ 113.719475000194961, -7.777812999920002, 0.0 ], [ 113.719332000080044, -7.777718999807519, 0.0 ], [ 113.719235999819944, -7.777615000072501, 0.0 ], [ 113.719101000099954, -7.777432000682495, 0.0 ], [ 113.718991000494952, -7.777249999690014, 0.0 ], [ 113.718893000585012, -7.777004000434999, 0.0 ], [ 113.718804999825011, -7.776778999792498, 0.0 ], [ 113.71879899997748, -7.77654800022998, 0.0 ], [ 113.718747999922471, -7.776210999282512, 0.0 ], [ 113.718725999282469, -7.776125000662489, 0.0 ], [ 113.71861800022748, -7.776036999947507, 0.0 ], [ 113.718547000082481, -7.775902999995026, 0.0 ], [ 113.718562000149973, -7.77586099948752, 0.0 ], [ 113.718566999275026, -7.775821999410027, 0.0 ], [ 113.718544000607494, -7.775758000344979, 0.0 ], [ 113.718491999830007, -7.775638000637514, 0.0 ], [ 113.718485000157443, -7.775553999677527, 0.0 ], [ 113.71846900026253, -7.775482000432476, 0.0 ], [ 113.718424000057553, -7.775372999620004, 0.0 ], [ 113.718390000620047, -7.775195999287519, 0.0 ], [ 113.718361000307482, -7.775124000102494, 0.0 ], [ 113.718314999380027, -7.775008000222499, 0.0 ], [ 113.71830800060502, -7.774942999312486, 0.0 ], [ 113.718321000125002, -7.774857000032512, 0.0 ], [ 113.718357000110018, -7.774709999539994, 0.0 ], [ 113.718435999752501, -7.774580999784973, 0.0 ], [ 113.718519000492506, -7.774455999710028, 0.0 ], [ 113.718589999739947, -7.774343999652501, 0.0 ], [ 113.718694000394976, -7.774233000674997, 0.0 ], [ 113.718776000410003, -7.774128999959999, 0.0 ], [ 113.718793000127448, -7.774059000314992, 0.0 ], [ 113.718783000082453, -7.773968999747524, 0.0 ], [ 113.71876499964003, -7.773918000009985, 0.0 ], [ 113.718763999817497, -7.77388600016252, 0.0 ], [ 113.718805999650044, -7.773808999595019, 0.0 ], [ 113.718869000297445, -7.773711999940019, 0.0 ], [ 113.718926000197484, -7.773632999129973, 0.0 ], [ 113.718996999445039, -7.773513000014987, 0.0 ], [ 113.719033000327499, -7.773491999877479, 0.0 ], [ 113.719098999552443, -7.773485999967477, 0.0 ], [ 113.719163000024992, -7.773503999694981, 0.0 ], [ 113.719226000672506, -7.77352499983499, 0.0 ], [ 113.719309999440043, -7.773533000017494, 0.0 ], [ 113.719366000414993, -7.773534000154996, 0.0 ], [ 113.719406999522448, -7.773500000059983, 0.0 ], [ 113.71943199963755, -7.773460999285021, 0.0 ], [ 113.719462000672479, -7.773410000520016, 0.0 ], [ 113.71948200076497, -7.773333000037496, 0.0 ], [ 113.719476999845028, -7.773287000147491, 0.0 ], [ 113.719468999447486, -7.773227999402479, 0.0 ], [ 113.719484999342512, -7.773181000297484, 0.0 ], [ 113.719553999837444, -7.773094000322487, 0.0 ], [ 113.719578999950045, -7.773034999602487, 0.0 ], [ 113.71960900008753, -7.772959000235005, 0.0 ], [ 113.719614000110028, -7.772906000347518, 0.0 ], [ 113.719593000195005, -7.772839999617474, 0.0 ], [ 113.719592000369971, -7.772803000084991, 0.0 ], [ 113.719628000354987, -7.772785000387501, 0.0 ], [ 113.719712999845001, -7.772771000320006, 0.0 ], [ 113.719750000552494, -7.772699999847475, 0.0 ], [ 113.719742999982486, -7.772651000532505, 0.0 ], [ 113.719724999539949, -7.772558000767503, 0.0 ], [ 113.71974700017995, -7.772475000539998, 0.0 ], [ 113.719722999889996, -7.772395999954995, 0.0 ], [ 113.71966699981499, -7.772238999877516, 0.0 ], [ 113.719674000384998, -7.772191999967504, 0.0 ], [ 113.719637000574949, -7.772104000057482, 0.0 ], [ 113.719619000135026, -7.772036000097501, 0.0 ], [ 113.719621999610013, -7.771982000190008, 0.0 ], [ 113.719612000462462, -7.771950000484992, 0.0 ], [ 113.719640999874969, -7.771821999862482, 0.0 ], [ 113.719767000272554, -7.771751999680021, 0.0 ], [ 113.719814000127485, -7.771656999842492, 0.0 ], [ 113.719860999982529, -7.771618000144997, 0.0 ], [ 113.719917999884956, -7.771619000277497, 0.0 ], [ 113.720020999817507, -7.771656999842492, 0.0 ], [ 113.720242000647545, -7.771648999695003, 0.0 ], [ 113.720325999414968, -7.771573999790007, 0.0 ], [ 113.720404000132476, -7.771555000012484, 0.0 ], [ 113.720465000229979, -7.77152600073498, 0.0 ], [ 113.720555000642548, -7.771497999767519, 0.0 ], [ 113.720624000240036, -7.771463000614972, 0.0 ], [ 113.720680000315042, -7.771391999444972, 0.0 ], [ 113.72070500043003, -7.771337999620016, 0.0 ], [ 113.720733000020005, -7.771270999912474, 0.0 ], [ 113.720815000035032, -7.771235999864984, 0.0 ], [ 113.720897000049945, -7.771186999802524, 0.0 ], [ 113.720999000157462, -7.771144999752494, 0.0 ], [ 113.721135000600043, -7.771108000365018, 0.0 ], [ 113.721215999892479, -7.771087999564998, 0.0 ], [ 113.721314000699977, -7.771086000212506, 0.0 ], [ 113.721374000077503, -7.771098999182527, 0.0 ], [ 113.721487000055049, -7.771173000697502, 0.0 ] ] ] } },
{ "type": "Feature", "properties": { "NAMOBJ": "Jaringan Irigasi Primer", "REMARK": "DI Sampean Lama" }, "geometry": { "type": "MultiLineString", "coordinates": [ [ [ 114.008543967099968, -7.711577266757502, 0.0 ], [ 114.00846669940745, -7.711376883000014, 0.0 ], [ 114.008104616365017, -7.710437871064983, 0.0 ], [ 114.007858403417458, -7.710181467369978, 0.0 ], [ 114.00676172035503, -7.709605983177482, 0.0 ], [ 114.006107451282446, -7.709247279130011, 0.0 ], [ 114.00480090559995, -7.708811892024983, 0.0 ] ] ] } },
{ "type": "Feature", "properties": { "NAMOBJ": "Jaringan Irigasi Primer", "REMARK": "DI Sampean Baru" }, "geometry": { "type": "MultiLineString", "coordinates": [ [ [ 114.089737107990004, -7.783503396355002, 0.0 ], [ 114.090325699437471, -7.782608211967499, 0.0 ], [ 114.092373085732447, -7.779570526322516, 0.0 ], [ 114.092595230119969, -7.779228337012512, 0.0 ], [ 114.092676292294982, -7.778845353562474, 0.0 ], [ 114.092973013917458, -7.777235946547478, 0.0 ], [ 114.093058735652448, -7.777079974964977, 0.0 ], [ 114.093564632685002, -7.776628168714979, 0.0 ], [ 114.09435622721503, -7.77592333501002, 0.0 ], [ 114.094447850882489, -7.775755370407524, 0.0 ], [ 114.09489245496502, -7.774706523689986, 0.0 ], [ 114.095431259082488, -7.773432934314997, 0.0 ], [ 114.09563594920246, -7.772884262912498, 0.0 ], [ 114.094535130297459, -7.769814037617493, 0.0 ], [ 114.093730023309945, -7.767855367279992, 0.0 ], [ 114.093801127659958, -7.766439998174974, 0.0 ], [ 114.093981096142556, -7.766147111692476, 0.0 ], [ 114.094327774874955, -7.765714395807493, 0.0 ], [ 114.09461904821751, -7.765568876710006, 0.0 ] ] ] } },
{ "type": "Feature", "properties": { "NAMOBJ": "Jaringan Irigasi Sekunder", "REMARK": "DI Sbr. Pareng" }, "geometry": { "type": "MultiLineString", "coordinates": [ [ [ 114.110091449210017, -7.720731956520012, 0.0 ], [ 114.110237464072497, -7.720529143322494, 0.0 ], [ 114.110413627292473, -7.720367425685026, 0.0 ], [ 114.110514021212452, -7.720315984269973, 0.0 ], [ 114.110589468017452, -7.72013835864999, 0.0 ], [ 114.110666803082495, -7.719969241427521, 0.0 ], [ 114.110781453264963, -7.719848067402495, 0.0 ], [ 114.110899477519979, -7.719769946877477, 0.0 ], [ 114.110959369099987, -7.719702379417527, 0.0 ], [ 114.111015165257527, -7.719554490724988, 0.0 ], [ 114.111071446507481, -7.719367753995016, 0.0 ], [ 114.111149769717485, -7.719164892164997, 0.0 ], [ 114.111170611530042, -7.719086933259973, 0.0 ], [ 114.111191386867517, -7.719022501889981, 0.0 ], [ 114.111141279739968, -7.71895215623249, 0.0 ], [ 114.111119692325019, -7.718936243652479, 0.0 ], [ 114.111107176099949, -7.718906044422511, 0.0 ], [ 114.111096248092508, -7.718856646997494, 0.0 ], [ 114.111050921800029, -7.718792921874979, 0.0 ], [ 114.111067966432529, -7.718731589120011, 0.0 ], [ 114.111111965017471, -7.718643118325019, 0.0 ], [ 114.111135868290035, -7.718541123692489, 0.0 ], [ 114.111154952100037, -7.718459694065018, 0.0 ], [ 114.111150354522465, -7.718427449227477, 0.0 ], [ 114.111143646799974, -7.718403903380022, 0.0 ], [ 114.111132964934995, -7.718289591172493, 0.0 ], [ 114.111200864992497, -7.718160452217489, 0.0 ], [ 114.111261485105047, -7.718028003965003, 0.0 ], [ 114.111301402642539, -7.717859552715026, 0.0 ], [ 114.111356773000011, -7.717714989492492, 0.0 ], [ 114.111437829785018, -7.7176059603525, 0.0 ], [ 114.111539111239949, -7.717405387682504, 0.0 ], [ 114.111489917700055, -7.717375644765013, 0.0 ], [ 114.111258215237513, -7.717322195479994, 0.0 ], [ 114.110990530757476, -7.717255399392513, 0.0 ], [ 114.110863782065053, -7.717166916124995, 0.0 ], [ 114.11069451700746, -7.717089618167506, 0.0 ], [ 114.110551750454988, -7.717010090282486, 0.0 ], [ 114.110450051282555, -7.71694072306002, 0.0 ], [ 114.11041331108504, -7.716799065269981, 0.0 ], [ 114.110430631502481, -7.716687925947497, 0.0 ], [ 114.110504687714979, -7.71644267828998, 0.0 ], [ 114.110561893332488, -7.716283837190019, 0.0 ], [ 114.110625706955034, -7.716151542794989, 0.0 ], [ 114.110687986255016, -7.715973797527511, 0.0 ] ] ] } },
{ "type": "Feature", "properties": { "NAMOBJ": "Jaringan Irigasi Sekunder", "REMARK": "DI Batu Lawang" }, "geometry": { "type": "MultiLineString", "coordinates": [ [ [ 113.678256717867498, -7.826411242282518, 0.0 ], [ 113.678323763627532, -7.826316640135019, 0.0 ], [ 113.678398551070018, -7.826236181280024, 0.0 ], [ 113.678506759434981, -7.826124703444975, 0.0 ], [ 113.678535993309993, -7.826068271839972, 0.0 ], [ 113.678595541730033, -7.825987392302522, 0.0 ], [ 113.678664905144956, -7.825902638599985, 0.0 ], [ 113.678705097567445, -7.82577730964249, 0.0 ], [ 113.678755730210014, -7.82567215746252, 0.0 ], [ 113.678790159940036, -7.825603940940027, 0.0 ], [ 113.67880998306498, -7.825485258857498, 0.0 ], [ 113.678862847122446, -7.825362665212481, 0.0 ], [ 113.678916242085052, -7.825300327990021, 0.0 ], [ 113.679023429962513, -7.825310094192503, 0.0 ], [ 113.679089374389946, -7.825277610462479, 0.0 ], [ 113.679131962617475, -7.825217887977487, 0.0 ], [ 113.679221351277533, -7.825103862305014, 0.0 ], [ 113.679317531200013, -7.824999534409983, 0.0 ] ] ] } },
{ "type": "Feature", "properties": { "NAMOBJ": "Jaringan Irigasi Sekunder", "REMARK": "DI Manteng" }, "geometry": { "type": "MultiLineString", "coordinates": [ [ [ 113.722727863617479, -7.790534244792525, 0.0 ], [ 113.722694044742525, -7.790479776242478, 0.0 ], [ 113.722644079547536, -7.790434606782526, 0.0 ], [ 113.722531086757499, -7.790370272457494, 0.0 ], [ 113.722466675754958, -7.790338776947522, 0.0 ], [ 113.722405464549979, -7.790298529902486, 0.0 ], [ 113.722306290542519, -7.790290120577481, 0.0 ], [ 113.722257592872552, -7.79027645028998, 0.0 ], [ 113.722225390965036, -7.790209176602502, 0.0 ], [ 113.722162208857526, -7.790186470057506, 0.0 ], [ 113.722110938409969, -7.790178075335007, 0.0 ], [ 113.722002483907545, -7.790115160092512, 0.0 ], [ 113.721955094182476, -7.790061138752492, 0.0 ], [ 113.7218663271575, -7.789909268167492, 0.0 ], [ 113.721790026055032, -7.789799879512486, 0.0 ], [ 113.721753209502481, -7.789700978114979, 0.0 ], [ 113.721719517287511, -7.789635089795013, 0.0 ], [ 113.721638605132512, -7.789580566605025, 0.0 ], [ 113.721600026982514, -7.789494743264981, 0.0 ], [ 113.721545436362476, -7.789393304999976, 0.0 ], [ 113.721507719697456, -7.789317079167517, 0.0 ], [ 113.72150486215503, -7.789225587924989, 0.0 ], [ 113.721509581905025, -7.789105237690023, 0.0 ], [ 113.721527673974947, -7.789023944425026, 0.0 ], [ 113.721518363835003, -7.78893367973501, 0.0 ], [ 113.721507851749948, -7.788865632400018, 0.0 ], [ 113.721488737397522, -7.788809410109991, 0.0 ], [ 113.721504725612476, -7.788728594172483, 0.0 ], [ 113.7214999286075, -7.788638908109988, 0.0 ], [ 113.721518126680053, -7.788582072604981, 0.0 ], [ 113.721529941322501, -7.788514587467489, 0.0 ], [ 113.72153809982251, -7.788421531347524, 0.0 ], [ 113.72157440882745, -7.788393393310002, 0.0 ], [ 113.721540255777541, -7.788252563522519, 0.0 ], [ 113.721512885907487, -7.78810701765002, 0.0 ], [ 113.721535120110048, -7.78794256896748, 0.0 ], [ 113.721592670677524, -7.787857857457482, 0.0 ], [ 113.721578981252492, -7.787813328895027, 0.0 ], [ 113.721558956905028, -7.787687815767526, 0.0 ], [ 113.721517114277503, -7.787608516722514, 0.0 ], [ 113.721455496137537, -7.787504233530001, 0.0 ], [ 113.721417587232509, -7.787476946975005, 0.0 ], [ 113.721341071432448, -7.787344415425025, 0.0 ], [ 113.721254821487491, -7.787162131910009, 0.0 ], [ 113.721162606727489, -7.786928497684983, 0.0 ], [ 113.721127687414992, -7.786809092592478, 0.0 ], [ 113.721127233767447, -7.786801881529982, 0.0 ], [ 113.721115780247487, -7.78661984007249, 0.0 ], [ 113.72112236220255, -7.786569847219994, 0.0 ], [ 113.721128495002517, -7.786523261875004, 0.0 ], [ 113.721177697525036, -7.786426513050003, 0.0 ], [ 113.721215557922505, -7.786342453407485, 0.0 ], [ 113.721210360269993, -7.786156246307485, 0.0 ], [ 113.721187888015038, -7.786000645642503, 0.0 ], [ 113.721164873177486, -7.785835840042523, 0.0 ] ] ] } },
{ "type": "Feature", "properties": { "NAMOBJ": "Jaringan Irigasi Sekunder", "REMARK": "DI Macan" }, "geometry": { "type": "MultiLineString", "coordinates": [ [ [ 114.122331459385009, -7.720330188847527, 0.0 ], [ 114.122324000675007, -7.720330999989983, 0.0 ], [ 114.122322999950029, -7.720317999809993, 0.0 ], [ 114.122347000239984, -7.720318999822496, 0.0 ], [ 114.122331459385009, -7.720330188847527, 0.0 ] ] ] } },
{ "type": "Feature", "properties": { "NAMOBJ": "Jaringan Irigasi Sekunder", "REMARK": "DI Palangan" }, "geometry": { "type": "MultiLineString", "coordinates": [ [ [ 114.162636712025005, -7.729367595617475, 0.0 ], [ 114.162634613560044, -7.729364659384999, 0.0 ] ] ] } },
{ "type": "Feature", "properties": { "NAMOBJ": "Jaringan Irigasi Primer", "REMARK": "DI Sampean Lama" }, "geometry": { "type": "MultiLineString", "coordinates": [ [ [ 114.020046540375006, -7.67479180678248, 0.0 ], [ 114.020440696867468, -7.673885326900006, 0.0 ], [ 114.021808133952504, -7.670075909165007, 0.0 ], [ 114.023097145420024, -7.666434195992508, 0.0 ], [ 114.023438478277512, -7.665915533325006, 0.0 ], [ 114.02487439124252, -7.663658735647516, 0.0 ], [ 114.025173443095014, -7.663259875197525, 0.0 ], [ 114.025466993664963, -7.66276066928998, 0.0 ], [ 114.025598719922527, -7.662415566947516, 0.0 ], [ 114.025794485282518, -7.661639796757527, 0.0 ], [ 114.02617473944747, -7.660255642112475, 0.0 ], [ 114.026527480909976, -7.659039992372527, 0.0 ], [ 114.026598650835012, -7.658940542384983, 0.0 ], [ 114.026761114747501, -7.658741499254972, 0.0 ], [ 114.027826704422523, -7.657328088435008, 0.0 ], [ 114.02882002732747, -7.656012522207504, 0.0 ], [ 114.028908460179991, -7.655847222235025, 0.0 ], [ 114.028983970765012, -7.655684164725017, 0.0 ], [ 114.02906963860255, -7.655602298905023, 0.0 ], [ 114.02926550457255, -7.65551965765502, 0.0 ], [ 114.031420094917507, -7.654620162942479, 0.0 ], [ 114.031974185665035, -7.654377253709981, 0.0 ], [ 114.032083334564959, -7.654228299732495, 0.0 ], [ 114.03220108663254, -7.653940659672514, 0.0 ], [ 114.032462169392488, -7.653594649267518, 0.0 ], [ 114.033206880847501, -7.65252820582748, 0.0 ], [ 114.033333774170046, -7.652178358582489, 0.0 ], [ 114.033678448762544, -7.650780120029992, 0.0 ], [ 114.034155416447447, -7.649118040222504, 0.0 ], [ 114.035754567672484, -7.6434460980675, 0.0 ] ] ] } },
{ "type": "Feature", "properties": { "NAMOBJ": "Jaringan Irigasi Sekunder", "REMARK": "DI Krasak 1" }, "geometry": { "type": "MultiLineString", "coordinates": [ [ [ 113.729695085570029, -7.782079652472476, 0.0 ], [ 113.729679617479974, -7.782036142002482, 0.0 ], [ 113.729632816152503, -7.781941984007517, 0.0 ], [ 113.729624743889985, -7.781881883364974, 0.0 ], [ 113.72963018768246, -7.781793041015021, 0.0 ], [ 113.729620315197508, -7.781721802705022, 0.0 ], [ 113.729594741057554, -7.781658778280018, 0.0 ], [ 113.729549979805029, -7.781661633652504, 0.0 ], [ 113.729422322914957, -7.78163221666, 0.0 ], [ 113.729366612094964, -7.781621054337506, 0.0 ], [ 113.729360659857548, -7.781524590417519, 0.0 ], [ 113.729371524982525, -7.781513050302522, 0.0 ], [ 113.729358826397515, -7.781436051107505, 0.0 ], [ 113.729342436634965, -7.781372987484986, 0.0 ], [ 113.729315843807512, -7.78135798607002, 0.0 ], [ 113.729227074985033, -7.781344334315008, 0.0 ], [ 113.729120948917512, -7.781311469729985, 0.0 ], [ 113.729074422472536, -7.781307856944977, 0.0 ], [ 113.729062656340034, -7.781250839897496, 0.0 ], [ 113.729066383450004, -7.781193425897527, 0.0 ], [ 113.729073849347515, -7.781146161284994, 0.0 ], [ 113.729081522757497, -7.781110330927504, 0.0 ], [ 113.728960871827553, -7.781104548100018, 0.0 ], [ 113.728893252042553, -7.781091799779972, 0.0 ], [ 113.728875203990015, -7.78104230399498, 0.0 ], [ 113.728789269355048, -7.781064968992496, 0.0 ], [ 113.728666952947492, -7.781103575322504, 0.0 ], [ 113.728528975315044, -7.781157463214981, 0.0 ], [ 113.728424365599949, -7.781222241490013, 0.0 ], [ 113.72831809131003, -7.781300380420021, 0.0 ], [ 113.728167693567457, -7.781362515969988, 0.0 ], [ 113.728082450635043, -7.781359530105021, 0.0 ], [ 113.728054634299951, -7.781289459932509, 0.0 ], [ 113.728110192407485, -7.781149040380001, 0.0 ], [ 113.72811226481997, -7.781107950085016, 0.0 ], [ 113.728108248452486, -7.781044089855015, 0.0 ], [ 113.728120533812444, -7.780994055672522, 0.0 ], [ 113.728169624945053, -7.780925917425009, 0.0 ], [ 113.728202377520006, -7.780860671059997, 0.0 ], [ 113.728154244889993, -7.780527830697508, 0.0 ], [ 113.728204455324999, -7.780455645372513, 0.0 ], [ 113.728286316100025, -7.780392872084974, 0.0 ], [ 113.728379784010031, -7.780437179957516, 0.0 ], [ 113.728515889554956, -7.780451762480027, 0.0 ], [ 113.728503438905022, -7.780344265202473, 0.0 ], [ 113.728468356997496, -7.780232810230018, 0.0 ], [ 113.728312307057536, -7.78007846554749, 0.0 ], [ 113.728255183187457, -7.779970696422481, 0.0 ], [ 113.728213736717521, -7.7799325072275, 0.0 ], [ 113.728112053714995, -7.779948551635016, 0.0 ], [ 113.72808702305997, -7.779899155449982, 0.0 ], [ 113.728077416475003, -7.779849097672525, 0.0 ], [ 113.728105378335044, -7.779801548495016, 0.0 ], [ 113.728128577327539, -7.779778356112502, 0.0 ], [ 113.728128350952488, -7.779715553719996, 0.0 ], [ 113.728127299922448, -7.779669589649984, 0.0 ], [ 113.728142906354947, -7.779623457674973, 0.0 ], [ 113.728220774120018, -7.779541852284979, 0.0 ], [ 113.728301357492455, -7.779532489557482, 0.0 ], [ 113.728411563709983, -7.779457060297489, 0.0 ], [ 113.728414178704952, -7.779364212370012, 0.0 ], [ 113.728220255792507, -7.779335350362487, 0.0 ], [ 113.728223775390006, -7.779162512350013, 0.0 ], [ 113.728231908737484, -7.779089586267503, 0.0 ], [ 113.728164421004976, -7.778966027620015, 0.0 ], [ 113.728143496547546, -7.778850622597474, 0.0 ], [ 113.72804074904252, -7.778776045772474, 0.0 ], [ 113.728036672487519, -7.778476633517528, 0.0 ], [ 113.728125739550023, -7.77826302612749, 0.0 ], [ 113.728130822217508, -7.778059561765019, 0.0 ], [ 113.728131788804944, -7.777862608490011, 0.0 ], [ 113.728126424962511, -7.777680617352473, 0.0 ], [ 113.728112300752514, -7.777552413357512, 0.0 ], [ 113.727997157394952, -7.777463657677515, 0.0 ], [ 113.727933596197545, -7.777378356902489, 0.0 ], [ 113.727910642444954, -7.77720120700252, 0.0 ], [ 113.727894512297553, -7.777082468027515, 0.0 ], [ 113.727749261002486, -7.777002906297525, 0.0 ], [ 113.7276309834225, -7.776908910009979, 0.0 ], [ 113.727546106102523, -7.77682814102252, 0.0 ], [ 113.727308928410025, -7.776625602649972, 0.0 ] ] ] } },
{ "type": "Feature", "properties": { "NAMOBJ": "Jaringan Irigasi Primer", "REMARK": "DI Gumbolo" }, "geometry": { "type": "MultiLineString", "coordinates": [ [ [ 114.049581041267516, -7.758536578584994, 0.0 ], [ 114.049621080077486, -7.758393030175, 0.0 ], [ 114.049646639842535, -7.757881470134976, 0.0 ], [ 114.049729799582451, -7.75721844036002, 0.0 ], [ 114.049717560037493, -7.757168579577524, 0.0 ], [ 114.049672559832516, -7.757158500109995, 0.0 ], [ 114.049680839602502, -7.757184509987496, 0.0 ], [ 114.04887443994005, -7.757058960155007, 0.0 ], [ 114.048745560442512, -7.756983359624996, 0.0 ], [ 114.048735480444975, -7.756926120405012, 0.0 ] ] ] } },
{ "type": "Feature", "properties": { "NAMOBJ": "Jaringan Irigasi Sekunder", "REMARK": "DI Baderan" }, "geometry": { "type": "MultiLineString", "coordinates": [ [ [ 113.692394272654951, -7.880525412287511, 0.0 ], [ 113.692434999574971, -7.880581000402515, 0.0 ], [ 113.692456000390052, -7.880618000125025, 0.0 ], [ 113.692473000107498, -7.88064600001502, 0.0 ], [ 113.692560999972557, -7.880626999959986, 0.0 ], [ 113.692530000010038, -7.880555000377512, 0.0 ], [ 113.692499000047519, -7.880526999580013, 0.0 ], [ 113.692473000107498, -7.880486000145027, 0.0 ], [ 113.692533000382468, -7.88048100003499, 0.0 ], [ 113.692567999645007, -7.880467999569987, 0.0 ], [ 113.692679999797519, -7.880520999997486, 0.0 ], [ 113.692710999760038, -7.880524000244975, 0.0 ], [ 113.692769000385056, -7.880514000027517, 0.0 ], [ 113.692801000169993, -7.880508999917481, 0.0 ], [ 113.692967999677535, -7.880484000282479, 0.0 ], [ 113.693032000149969, -7.880526999580013, 0.0 ], [ 113.693073999982516, -7.880526000107523, 0.0 ], [ 113.69319500035499, -7.880548999882478, 0.0 ], [ 113.693218999747501, -7.880557999714995, 0.0 ], [ 113.69337600010499, -7.880593999960013, 0.0 ], [ 113.693457000297485, -7.88069999994002, 0.0 ], [ 113.693585000342523, -7.880769000207522, 0.0 ], [ 113.693596000215052, -7.880778000044984, 0.0 ], [ 113.693675999682455, -7.880783999632513, 0.0 ], [ 113.693730000107507, -7.880769999682514, 0.0 ], [ 113.693788999660001, -7.880713999887519, 0.0 ], [ 113.693831000389991, -7.880632999545014, 0.0 ], [ 113.693898000337526, -7.880599999544984, 0.0 ], [ 113.693915999882506, -7.880581999877506, 0.0 ], [ 113.693996000247466, -7.880488000005016, 0.0 ], [ 113.694126999767491, -7.880387999660002, 0.0 ], [ 113.694139000362497, -7.880335999635008, 0.0 ], [ 113.694226000400022, -7.880234000377527, 0.0 ], [ 113.69425800018746, -7.880224999640006, 0.0 ], [ 113.694329000332459, -7.880168999914986, 0.0 ], [ 113.694365000317475, -7.880116999917504, 0.0 ], [ 113.694463000227529, -7.880075999610028, 0.0 ], [ 113.694602000144982, -7.879993000439981, 0.0 ], [ 113.69465099964998, -7.87996299982251, 0.0 ], [ 113.694725999992556, -7.879886999724988, 0.0 ], [ 113.694715999947448, -7.879879999765024, 0.0 ], [ 113.694768999650023, -7.879829999659989, 0.0 ], [ 113.694792000114944, -7.879754999969975, 0.0 ], [ 113.694832000297538, -7.879670999567509, 0.0 ], [ 113.694817000230046, -7.879507000349975, 0.0 ], [ 113.694791000290024, -7.879478999622506, 0.0 ], [ 113.694789999567547, -7.879459000147506, 0.0 ], [ 113.69480100033752, -7.879374999802508, 0.0 ], [ 113.694787000092447, -7.879258999962474, 0.0 ], [ 113.694797000137555, -7.879233000017507, 0.0 ], [ 113.694794999590044, -7.879181999607511, 0.0 ], [ 113.694734000389985, -7.879120999927522, 0.0 ], [ 113.694699000230003, -7.879043000125023, 0.0 ], [ 113.694700000055036, -7.87895599962502, 0.0 ], [ 113.694643000152496, -7.878879999707522, 0.0 ], [ 113.694679000137512, -7.878817000217509, 0.0 ], [ 113.69466400007002, -7.878827000397507, 0.0 ], [ 113.694720999969945, -7.878777000417472, 0.0 ], [ 113.694714000297495, -7.878767999710021, 0.0 ], [ 113.694731999839973, -7.878733, 0.0 ], [ 113.694740000237516, -7.87869199982498, 0.0 ], [ 113.694777999872485, -7.878607999632493, 0.0 ], [ 113.694791000290024, -7.878533000160019, 0.0 ], [ 113.694802000160053, -7.878519000282495, 0.0 ], [ 113.694822000252543, -7.878430000039998, 0.0 ], [ 113.694806000360018, -7.878333999879999, 0.0 ], [ 113.694776000222532, -7.878249000287497, 0.0 ], [ 113.694783999720016, -7.878101000417473, 0.0 ], [ 113.694818000054966, -7.878014000112501, 0.0 ], [ 113.694869999932507, -7.877952999687523, 0.0 ], [ 113.694967000017527, -7.877840999932516, 0.0 ], [ 113.694961000169997, -7.877813999694979, 0.0 ], [ 113.694975000412455, -7.877784999610014, 0.0 ], [ 113.694992000132515, -7.877746999755004, 0.0 ], [ 113.695003999827463, -7.87768999997752, 0.0 ], [ 113.695003999827463, -7.877614999752495, 0.0 ], [ 113.695011000397471, -7.877609999677475, 0.0 ], [ 113.694982999910053, -7.877506000315009, 0.0 ], [ 113.694965000367461, -7.877453999729994, 0.0 ], [ 113.694942999727459, -7.877381999772524, 0.0 ], [ 113.694972999864945, -7.877254999955028, 0.0 ], [ 113.695038999987446, -7.877181000187477, 0.0 ], [ 113.695044000009943, -7.877099999602478, 0.0 ], [ 113.69511900035252, -7.877001999900017, 0.0 ], [ 113.695150000315039, -7.876962000269998, 0.0 ], [ 113.69517700007998, -7.876897000307508, 0.0 ], [ 113.695294000254989, -7.876808000402491, 0.0 ], [ 113.695322999669997, -7.876731999954984, 0.0 ], [ 113.695387000142546, -7.876614000082498, 0.0 ], [ 113.695485999877519, -7.876532000142504, 0.0 ], [ 113.695536999930027, -7.876452000059999, 0.0 ], [ 113.695627000342483, -7.876433000189991, 0.0 ], [ 113.695649999907459, -7.876431999812496, 0.0 ], [ 113.695745000342527, -7.87639000039502, 0.0 ], [ 113.695812000289948, -7.876331000045013, 0.0 ], [ 113.695885999910047, -7.876225000240026, 0.0 ], [ 113.695892999582497, -7.876208000222505, 0.0 ], [ 113.695979999620022, -7.876102000449976, 0.0 ], [ 113.696132999782549, -7.876101000072481, 0.0 ], [ 113.696194999704971, -7.876043000139987, 0.0 ], [ 113.696281999744997, -7.87594900035748, 0.0 ], [ 113.696342999845001, -7.875902000017504, 0.0 ], [ 113.696408999965001, -7.875842999735028, 0.0 ], [ 113.696456999647467, -7.875796999784995, 0.0 ], [ 113.69647300043755, -7.875774999730027, 0.0 ], [ 113.696522999769968, -7.875718000217489, 0.0 ], [ 113.696567999974945, -7.875636999912501, 0.0 ], [ 113.696583000042551, -7.875553000322498, 0.0 ], [ 113.696664000235046, -7.875458999737475, 0.0 ], [ 113.696761000317451, -7.875402999727498, 0.0 ], [ 113.696855000030041, -7.87539599984251, 0.0 ], [ 113.696976000405016, -7.875190999697509, 0.0 ], [ 113.697029999932511, -7.875183999812521, 0.0 ], [ 113.697076999787555, -7.875200000327482, 0.0 ], [ 113.697179999719992, -7.875190000235023, 0.0 ], [ 113.697292999697538, -7.875110000405016, 0.0 ], [ 113.697344999577467, -7.875034999722516, 0.0 ], [ 113.697338999727549, -7.87502200033498, 0.0 ], [ 113.697323999659943, -7.8748730003025, 0.0 ], [ 113.697296999895002, -7.874795000367499, 0.0 ], [ 113.697294000420015, -7.874773000364996, 0.0 ], [ 113.697281000002477, -7.874729000362493, 0.0 ], [ 113.697275999979979, -7.874579000057508, 0.0 ], [ 113.697302999742533, -7.874479000189979, 0.0 ], [ 113.697323805625047, -7.874444323034993, 0.0 ], [ 113.697408000224982, -7.874303999790015, 0.0 ], [ 113.697418752160047, -7.874277717197515, 0.0 ], [ 113.697434999987536, -7.874237999862487, 0.0 ], [ 113.697445000035032, -7.874129000377479, 0.0 ], [ 113.69745699972998, -7.874082000237479, 0.0 ], [ 113.697438000362467, -7.874026000410026, 0.0 ], [ 113.697430999789958, -7.874028000242504, 0.0 ], [ 113.697374999712451, -7.874008999567479, 0.0 ], [ 113.697281000002477, -7.873969000219972, 0.0 ], [ 113.697199999812483, -7.873883999675002, 0.0 ], [ 113.697179999719992, -7.873834000274996, 0.0 ], [ 113.697174999697495, -7.873711999720001, 0.0 ], [ 113.697178280345042, -7.87370359605751, 0.0 ], [ 113.697231999597534, -7.873566000345022, 0.0 ], [ 113.69726799958255, -7.873517999900002, 0.0 ], [ 113.697286000024974, -7.873494999592481, 0.0 ], [ 113.697302999742533, -7.873457000120027, 0.0 ], [ 113.697400999652473, -7.873317000312511, 0.0 ], [ 113.697414999897546, -7.873304000064991, 0.0 ], [ 113.697440999834953, -7.873251999994977, 0.0 ], [ 113.697455999904946, -7.873198999559975, 0.0 ], [ 113.697486999867465, -7.873040999579985, 0.0 ], [ 113.697495000262506, -7.873016000385007, 0.0 ], [ 113.697495955172485, -7.872989267887476, 0.0 ], [ 113.697501000110037, -7.872848000432498, 0.0 ], [ 113.697506000132535, -7.872748000057527, 0.0 ], [ 113.697465000125021, -7.872674999615015, 0.0 ], [ 113.697440999834953, -7.872617999604984, 0.0 ], [ 113.697388000132491, -7.872352999717521, 0.0 ], [ 113.697373999890033, -7.872310000335005, 0.0 ], [ 113.69736200019247, -7.87228200008002, 0.0 ], [ 113.697354999622462, -7.872208999717486, 0.0 ], [ 113.697351000322556, -7.872185000027514, 0.0 ], [ 113.697290000222551, -7.872061999577511, 0.0 ], [ 113.697280000177557, -7.872006000017507, 0.0 ], [ 113.697291000047471, -7.871907999659982, 0.0 ], [ 113.697307999767531, -7.871862999587506, 0.0 ], [ 113.69733600025495, -7.871773999824995, 0.0 ], [ 113.69735899982004, -7.871703999735018, 0.0 ], [ 113.697366000390048, -7.871725000127526, 0.0 ], [ 113.697394999805056, -7.871678999707513, 0.0 ], [ 113.697392000329955, -7.871588999615028, 0.0 ], [ 113.697399999827553, -7.871561000322515, 0.0 ], [ 113.697424999942541, -7.871483000079991, 0.0 ], [ 113.697404000025017, -7.871411000222508, 0.0 ], [ 113.697352000147475, -7.871333000007496, 0.0 ], [ 113.697301999920001, -7.87129199963249, 0.0 ], [ 113.697239000170043, -7.871262999992496, 0.0 ], [ 113.697183000092537, -7.871227999987525, 0.0 ], [ 113.697142000085023, -7.871177999987481, 0.0 ], [ 113.69710699992504, -7.871121000177482, 0.0 ], [ 113.697086000007516, -7.871076000189987, 0.0 ], [ 113.697071999764944, -7.871033000022521, 0.0 ], [ 113.697056999697452, -7.870996000219975, 0.0 ], [ 113.697069000289957, -7.870926999712481, 0.0 ], [ 113.697071999764944, -7.870899999912524, 0.0 ], [ 113.697060999895029, -7.870705000094972, 0.0 ], [ 113.696963999810009, -7.870698999737499, 0.0 ], [ 113.696875999947451, -7.870726999887495, 0.0 ], [ 113.696774999664967, -7.870750000045007, 0.0 ], [ 113.696778000037511, -7.870751999859976, 0.0 ], [ 113.696720000310052, -7.870788999640013, 0.0 ], [ 113.696682999602444, -7.870811999802527, 0.0 ], [ 113.696600999587531, -7.870873000115012, 0.0 ], [ 113.696558999754984, -7.87091400045, 0.0 ], [ 113.696552000082534, -7.870919000447486, 0.0 ], [ 113.696465000042508, -7.870959999875026, 0.0 ], [ 113.696425999684948, -7.871011999664972, 0.0 ], [ 113.696393999897509, -7.871044999835021, 0.0 ], [ 113.696373999805019, -7.871136999627481, 0.0 ], [ 113.696414999815033, -7.871247999989976, 0.0 ], [ 113.69639999974504, -7.871374000387505, 0.0 ], [ 113.696318999555047, -7.871448000060013, 0.0 ], [ 113.69619600042995, -7.871486000265008, 0.0 ], [ 113.696076999705042, -7.871516999739981, 0.0 ], [ 113.695881999712469, -7.87151100028251, 0.0 ], [ 113.695738999597552, -7.871511999734992, 0.0 ], [ 113.695627000342483, -7.871533999569976, 0.0 ], [ 113.695531000082497, -7.871526000292477, 0.0 ], [ 113.695377000097551, -7.871491000267497, 0.0 ], [ 113.695253000247476, -7.871508000097492, 0.0 ], [ 113.695115999979976, -7.871523000107516, 0.0 ], [ 113.695009999674994, -7.871601000357487, 0.0 ], [ 113.694888000375045, -7.871618000189983, 0.0 ], [ 113.694881999629956, -7.871464000432525, 0.0 ], [ 113.694894000222462, -7.871444000422514, 0.0 ], [ 113.694896999697448, -7.871389999847509, 0.0 ], [ 113.694943999552493, -7.871217999987493, 0.0 ], [ 113.69494899957499, -7.871181999622479, 0.0 ], [ 113.694984999560006, -7.871031999657475, 0.0 ], [ 113.694999999629999, -7.870909000455015, 0.0 ], [ 113.695066999577534, -7.870776000384978, 0.0 ], [ 113.695127999675037, -7.870668999774978, 0.0 ], [ 113.695189999599961, -7.8705379995925, 0.0 ], [ 113.695249000050012, -7.870437999762487, 0.0 ], [ 113.69535799982998, -7.870253999582474, 0.0 ], [ 113.695474000179956, -7.870062999687491, 0.0 ], [ 113.695516999837537, -7.86998600008252, 0.0 ], [ 113.695526999885033, -7.869959999792513, 0.0 ], [ 113.695490000074983, -7.86983899979748, 0.0 ], [ 113.695464999959995, -7.869793999944989, 0.0 ], [ 113.695420999580051, -7.869656000240013, 0.0 ], [ 113.695480999852521, -7.869553000445023, 0.0 ], [ 113.695525000234966, -7.869517999669995, 0.0 ], [ 113.695588999807455, -7.869441999612491, 0.0 ], [ 113.69567, -7.869408000117517, 0.0 ], [ 113.695789999649946, -7.869383000225014, 0.0 ], [ 113.695802000244953, -7.869371999907514, 0.0 ], [ 113.695856999597481, -7.86930400002251, 0.0 ], [ 113.695946000185018, -7.869185000022526, 0.0 ], [ 113.695840999702455, -7.869057999912513, 0.0 ], [ 113.695813000114981, -7.868985000102498, 0.0 ], [ 113.695686999717509, -7.868891000054987, 0.0 ], [ 113.69558600033497, -7.868828000219992, 0.0 ], [ 113.695555000372451, -7.868805000167526, 0.0 ], [ 113.695490999900017, -7.868737999819984, 0.0 ], [ 113.695474000179956, -7.86871499977002, 0.0 ], [ 113.695471999632446, -7.868569999730028, 0.0 ], [ 113.695497999572467, -7.868444999607505, 0.0 ], [ 113.695582999960038, -7.868271999667513, 0.0 ], [ 113.695602000227495, -7.868263000094998, 0.0 ], [ 113.695674000197528, -7.868131000297524, 0.0 ], [ 113.695743999620049, -7.868021000192527, 0.0 ], [ 113.695751000189944, -7.868001000342474, 0.0 ], [ 113.695793999847524, -7.867904000352496, 0.0 ], [ 113.695815999589968, -7.86776699979248, 0.0 ], [ 113.695788999825027, -7.867623999874979, 0.0 ], [ 113.695849000099997, -7.867659999939974, 0.0 ], [ 113.695885999910047, -7.867648999664993, 0.0 ], [ 113.695969999575027, -7.867571999584982, 0.0 ], [ 113.69601800015505, -7.867545, 0.0 ], [ 113.696106999842527, -7.867472999892527, 0.0 ], [ 113.69615500042255, -7.867471000092507, 0.0 ], [ 113.696166000292465, -7.867469000294989, 0.0 ], [ 113.696271999700002, -7.867413000422516, 0.0 ], [ 113.696346000217545, -7.867305000302508, 0.0 ], [ 113.696372000154952, -7.867261000159999, 0.0 ], [ 113.696506000050022, -7.867162999984998, 0.0 ], [ 113.696598999937464, -7.867107999597522, 0.0 ], [ 113.696664000235046, -7.867013999962523, 0.0 ], [ 113.696690000172453, -7.866922000147497, 0.0 ], [ 113.696689000347533, -7.866866999792478, 0.0 ], [ 113.696670000082463, -7.866709000334993, 0.0 ], [ 113.696656999662537, -7.866614000434993, 0.0 ], [ 113.696709000440023, -7.86652100035252, 0.0 ], [ 113.696735000380045, -7.86644800006502, 0.0 ], [ 113.696752999922523, -7.866302000442488, 0.0 ], [ 113.696840999787469, -7.866286999702481, 0.0 ], [ 113.696819000045025, -7.866291000205024, 0.0 ], [ 113.696865000075036, -7.866288000057523, 0.0 ], [ 113.696930000372504, -7.866325000362508, 0.0 ], [ 113.697029999932511, -7.866412000105015, 0.0 ], [ 113.697082999634972, -7.86642300034498, 0.0 ], [ 113.697190999590021, -7.866417000047477, 0.0 ], [ 113.697306000117464, -7.866417000047477, 0.0 ], [ 113.697395999629975, -7.866443999562478, 0.0 ], [ 113.697415999722466, -7.866454999805001, 0.0 ], [ 113.697475999995049, -7.866420999637512, 0.0 ], [ 113.697531000247523, -7.866400999862492, 0.0 ], [ 113.697631999632449, -7.86633800039499, 0.0 ], [ 113.697691999905032, -7.866260999640019, 0.0 ], [ 113.697743999784961, -7.866144999722508, 0.0 ], [ 113.697809000082543, -7.866035999572489, 0.0 ], [ 113.697840000044948, -7.866010000434983, 0.0 ], [ 113.697946000350044, -7.865906000257496, 0.0 ], [ 113.69797200028745, -7.865870999779986, 0.0 ], [ 113.698040999885052, -7.865834999867502, 0.0 ], [ 113.698045999907549, -7.865839000364986, 0.0 ], [ 113.698056999779965, -7.865862999697526, 0.0 ], [ 113.698092999764981, -7.865898000172479, 0.0 ], [ 113.698122999902466, -7.865833000074986, 0.0 ], [ 113.698141000342503, -7.86575100038749, 0.0 ], [ 113.698189000022467, -7.865693000037481, 0.0 ], [ 113.698266000017497, -7.865616999749989, 0.0 ], [ 113.698363000100017, -7.865582999649973, 0.0 ], [ 113.698369999772467, -7.865549999904999, 0.0 ], [ 113.698405999757483, -7.865499000219984, 0.0 ], [ 113.698466999857487, -7.865481000279999, 0.0 ], [ 113.69859200043004, -7.865431000040019, 0.0 ], [ 113.698681000117517, -7.865366000015001, 0.0 ], [ 113.698769999807496, -7.865310999860014, 0.0 ], [ 113.698799999944981, -7.865252999569975, 0.0 ], [ 113.698815999837507, -7.865211000342526, 0.0 ], [ 113.698830999904999, -7.865149999927496, 0.0 ], [ 113.698938000035014, -7.865068000370002, 0.0 ], [ 113.698958000127504, -7.865028000035011, 0.0 ], [ 113.698973000194997, -7.864961000282506, 0.0 ], [ 113.69903199974749, -7.864813999904982, 0.0 ], [ 113.699078999602534, -7.864675999990027, 0.0 ], [ 113.699220000067498, -7.864596000312474, 0.0 ], [ 113.699354999787488, -7.864505999892515, 0.0 ], [ 113.69942699975752, -7.864470000095025, 0.0 ], [ 113.699490000405035, -7.864429999815002, 0.0 ], [ 113.699509999597467, -7.864395999809972, 0.0 ], [ 113.699529999689958, -7.864381000050003, 0.0 ], [ 113.699604000207501, -7.864392000240002, 0.0 ], [ 113.699784999957501, -7.864395999809972, 0.0 ], [ 113.699831999812545, -7.864392999674976, 0.0 ], [ 113.699872999822446, -7.864410000135024, 0.0 ], [ 113.70001099991498, -7.864387000319994, 0.0 ], [ 113.70018800036496, -7.864360000022486, 0.0 ], [ 113.700236999869958, -7.864350999620001, 0.0 ], [ 113.700379000159955, -7.864303000212487, 0.0 ], [ 113.700475000420056, -7.864259000380002, 0.0 ], [ 113.700525999575007, -7.864233999875012, 0.0 ], [ 113.700589000222521, -7.864190000049973, 0.0 ], [ 113.70066000036752, -7.864128000344976, 0.0 ], [ 113.700749999880031, -7.864039999807517, 0.0 ], [ 113.70083500026999, -7.863953999984972, 0.0 ], [ 113.700882999949954, -7.86385000030748, 0.0 ], [ 113.700882999949954, -7.86379799956751, 0.0 ], [ 113.70087899975249, -7.86377400035002, 0.0 ], [ 113.700892000170029, -7.863711000357512, 0.0 ], [ 113.700893999819982, -7.863629999599993, 0.0 ], [ 113.700892999994949, -7.863624000255015, 0.0 ], [ 113.700902000217525, -7.863617999994972, 0.0 ], [ 113.700920999585037, -7.863550999552501, 0.0 ], [ 113.700909999715009, -7.863224999692477, 0.0 ], [ 113.700914999737506, -7.863116999719978, 0.0 ], [ 113.700933000177542, -7.863010000122472, 0.0 ], [ 113.700953000270033, -7.862921000384972, 0.0 ], [ 113.700964999964981, -7.862865999632504, 0.0 ], [ 113.700969999987478, -7.862818999824981, 0.0 ], [ 113.701057000027504, -7.862577999707526, 0.0 ], [ 113.701127000347469, -7.862389000292524, 0.0 ], [ 113.701241999974968, -7.862219999624983, 0.0 ], [ 113.701262999892492, -7.862209999834988, 0.0 ], [ 113.701453999687487, -7.862206000285028, 0.0 ], [ 113.701538000250025, -7.862201999822503, 0.0 ], [ 113.701779000274996, -7.862156000429991, 0.0 ], [ 113.701862000115057, -7.862126000157502, 0.0 ], [ 113.701902000300038, -7.862115000025028, 0.0 ], [ 113.702277000217464, -7.862100000347482, 0.0 ], [ 113.702380999975048, -7.862103999894998, 0.0 ], [ 113.702417999784984, -7.862143999954981, 0.0 ], [ 113.702474999687524, -7.862220999967519, 0.0 ] ] ] } },
{ "type": "Feature", "properties": { "NAMOBJ": "Jaringan Irigasi Primer", "REMARK": "DI Nangger" }, "geometry": { "type": "MultiLineString", "coordinates": [ [ [ 113.740833374932549, -7.758858240239988, 0.0 ], [ 113.7411295198375, -7.758491580374994, 0.0 ], [ 113.741463959922498, -7.75797228038499, 0.0 ], [ 113.741739720257556, -7.757260649840021, 0.0 ], [ 113.742035280357527, -7.756491329617518, 0.0 ], [ 113.742251639594997, -7.755875820225015, 0.0 ], [ 113.742349919777553, -7.75556820045, 0.0 ] ] ] } },
{ "type": "Feature", "properties": { "NAMOBJ": "Jaringan Irigasi Primer", "REMARK": "DI Sampean Lama" }, "geometry": { "type": "MultiLineString", "coordinates": [ [ [ 114.046488879259982, -7.691037057015023, 0.0 ], [ 114.046776022147469, -7.690861696882507, 0.0 ], [ 114.048850426175022, -7.68972705133001, 0.0 ], [ 114.049495265632459, -7.689440439842485, 0.0 ], [ 114.053319003029969, -7.688089146730022, 0.0 ], [ 114.056780060002552, -7.686950736735014, 0.0 ], [ 114.060098132134954, -7.685923266819998, 0.0 ], [ 114.062057956047511, -7.685259197415007, 0.0 ], [ 114.063528808085039, -7.684565151135018, 0.0 ], [ 114.065931520297454, -7.683322389130012, 0.0 ], [ 114.072366334137541, -7.679947094579973, 0.0 ], [ 114.075996713662448, -7.67839150368502, 0.0 ], [ 114.076810964602487, -7.678016018347478, 0.0 ], [ 114.077029677425003, -7.677780230550013, 0.0 ], [ 114.077764925127553, -7.676907109299975, 0.0 ], [ 114.078279946347493, -7.676299227549976, 0.0 ], [ 114.078846149082551, -7.675346821630001, 0.0 ], [ 114.079677981847453, -7.674220559644994, 0.0 ], [ 114.0804169306125, -7.67320646516248, 0.0 ], [ 114.08081655335252, -7.672609927807514, 0.0 ] ] ] } },
{ "type": "Feature", "properties": { "NAMOBJ": "Jaringan Irigasi Sekunder", "REMARK": "DI Juglangan 2" }, "geometry": { "type": "MultiLineString", "coordinates": [ [ [ 114.057589999927472, -7.70933599983249, 0.0 ], [ 114.057577000407491, -7.709376000294981, 0.0 ], [ 114.05753100037748, -7.709391000127482, 0.0 ], [ 114.057513999759976, -7.709405999959984, 0.0 ], [ 114.057470000277476, -7.709589999770003, 0.0 ] ] ] } },
{ "type": "Feature", "properties": { "NAMOBJ": "Jaringan Irigasi Sekunder", "REMARK": "DI Palombo" }, "geometry": { "type": "MultiLineString", "coordinates": [ [ [ 113.665606262050005, -7.792505471257527, 0.0 ], [ 113.665688133605045, -7.7925155415125, 0.0 ], [ 113.665794440237505, -7.792497594832525, 0.0 ], [ 113.665900820530055, -7.792466184950001, 0.0 ], [ 113.66601374414995, -7.792467881425011, 0.0 ], [ 113.666171155040047, -7.792491755272522, 0.0 ], [ 113.666309041942554, -7.792516533480011, 0.0 ], [ 113.666412915937485, -7.792550828925016, 0.0 ], [ 113.666457333134986, -7.792554551314993, 0.0 ], [ 113.666633650865037, -7.792512070992473, 0.0 ], [ 113.666753457379968, -7.792478128717505, 0.0 ], [ 113.666931879862545, -7.792434643659988, 0.0 ], [ 113.66705901034004, -7.79236766348248, 0.0 ], [ 113.667212563862449, -7.792329442159996, 0.0 ], [ 113.667332397325026, -7.792255418760021, 0.0 ], [ 113.667387498187509, -7.792189369434993, 0.0 ], [ 113.66744082936998, -7.79211510787502, 0.0 ], [ 113.667559293799968, -7.792021336432526, 0.0 ], [ 113.667660588729973, -7.791928336132514, 0.0 ], [ 113.667771757042487, -7.791827521492507, 0.0 ], [ 113.667899664562469, -7.791777551762493, 0.0 ], [ 113.668107514954954, -7.791696350160009, 0.0 ], [ 113.668226543527453, -7.791645397605009, 0.0 ], [ 113.668348851850055, -7.791607926480026, 0.0 ], [ 113.668445107230013, -7.791679156387488, 0.0 ] ] ] } },
{ "type": "Feature", "properties": { "NAMOBJ": "Jaringan Irigasi Sekunder", "REMARK": "DI Sigepper" }, "geometry": { "type": "MultiLineString", "coordinates": [ [ [ 113.734118899374948, -7.792711665574984, 0.0 ], [ 113.734152246634949, -7.792646169199998, 0.0 ], [ 113.734091939135055, -7.792377897084975, 0.0 ], [ 113.734051552677556, -7.792140043024972, 0.0 ], [ 113.734066827630045, -7.791950278945023, 0.0 ], [ 113.73412538790501, -7.79171246436249, 0.0 ], [ 113.734136226079954, -7.79163737427001, 0.0 ], [ 113.734023222507517, -7.79125584354, 0.0 ], [ 113.73400231242249, -7.791163402812515, 0.0 ], [ 113.734071601277492, -7.791002049315011, 0.0 ], [ 113.734162175712527, -7.790780590342479, 0.0 ], [ 113.734167214365016, -7.790645497102503, 0.0 ], [ 113.734194639029965, -7.790397911447485, 0.0 ], [ 113.734213120072468, -7.790248846894997, 0.0 ], [ 113.734245896900006, -7.790105185712491, 0.0 ], [ 113.73431729589754, -7.789915793944999, 0.0 ], [ 113.734359244527468, -7.789723637179975, 0.0 ], [ 113.734401291970016, -7.789568537137484, 0.0 ], [ 113.734422502092457, -7.789417780057477, 0.0 ], [ 113.734437930657464, -7.789315449322487, 0.0 ], [ 113.734507603992483, -7.789197230817479, 0.0 ], [ 113.734555139242502, -7.789057380865017, 0.0 ], [ 113.734611353117543, -7.788884625642481, 0.0 ], [ 113.73464247165748, -7.788692567894998, 0.0 ], [ 113.7346479531775, -7.788518776142496, 0.0 ], [ 113.734679488534994, -7.788388295719983, 0.0 ], [ 113.734724657624952, -7.788279610125016, 0.0 ], [ 113.734720189405039, -7.788170861590004, 0.0 ], [ 113.734708054962539, -7.788014658817474, 0.0 ], [ 113.734695944772511, -7.787854149709972, 0.0 ], [ 113.734661109004946, -7.787681883192477, 0.0 ], [ 113.734576033157509, -7.787356482245002, 0.0 ], [ 113.734543984862512, -7.787194880135019, 0.0 ], [ 113.734474537004985, -7.787050464369997, 0.0 ], [ 113.734513152885029, -7.786839179760022, 0.0 ], [ 113.734556876584975, -7.786669536350018, 0.0 ], [ 113.734490632120014, -7.786431063992495, 0.0 ], [ 113.734434694924971, -7.786186694802495, 0.0 ], [ 113.73450155653245, -7.786000682145016, 0.0 ], [ 113.734553402799975, -7.785827040227502, 0.0 ], [ 113.734618819914999, -7.785693617614982, 0.0 ], [ 113.734679188497466, -7.785538560090004, 0.0 ], [ 113.734666374029985, -7.785353490384978, 0.0 ], [ 113.734576489502501, -7.785229617845005, 0.0 ], [ 113.734593199962546, -7.785172893210017, 0.0 ], [ 113.734579746792519, -7.785074976615022, 0.0 ], [ 113.734589374037455, -7.785017877850009, 0.0 ], [ 113.734586224544955, -7.784960875824993, 0.0 ], [ 113.734680488360027, -7.784844310247479, 0.0 ], [ 113.734746934944951, -7.784724513334993, 0.0 ], [ 113.734737029222515, -7.784589794320027, 0.0 ], [ 113.734757192807479, -7.784498712910022, 0.0 ], [ 113.734808421035041, -7.784418177024975, 0.0 ], [ 113.734899139200024, -7.784320726917485, 0.0 ], [ 113.734994791809982, -7.784298689587501, 0.0 ], [ 113.735042296519964, -7.784288845840024, 0.0 ], [ 113.735074443629969, -7.784247975172491, 0.0 ], [ 113.735078667510038, -7.784158399549995, 0.0 ], [ 113.735091023835025, -7.78407546188248, 0.0 ], [ 113.735124368399966, -7.783915609457495, 0.0 ], [ 113.735161890132531, -7.783789076319977, 0.0 ], [ 113.735207416749972, -7.783674024989978, 0.0 ], [ 113.735254938527532, -7.783538564397475, 0.0 ], [ 113.735312623842447, -7.783466166855021, 0.0 ], [ 113.735354638947456, -7.783452051457516, 0.0 ], [ 113.735385351447462, -7.783421548402487, 0.0 ], [ 113.735370971217549, -7.783296870632512, 0.0 ], [ 113.735344795207538, -7.783239351417478, 0.0 ], [ 113.735284508372501, -7.783182366964979, 0.0 ], [ 113.735287894122507, -7.783080852622504, 0.0 ], [ 113.735231344277508, -7.782915189427513, 0.0 ], [ 113.735230052500015, -7.782844218310004, 0.0 ] ] ] } },
{ "type": "Feature", "properties": { "NAMOBJ": "Jaringan Irigasi Primer", "REMARK": "DI Banyuputih" }, "geometry": { "type": "MultiLineString", "coordinates": [ [ [ 114.23306207998246, -7.781359522805019, 0.0 ], [ 114.233130291757448, -7.781273556007477, 0.0 ], [ 114.233474738175005, -7.780105368365014, 0.0 ], [ 114.233494852352464, -7.779618758972504, 0.0 ], [ 114.233348394622453, -7.779336838724987, 0.0 ], [ 114.23327561940755, -7.779111543937518, 0.0 ], [ 114.233283909059992, -7.778859244322518, 0.0 ], [ 114.233360111349953, -7.77869816463749, 0.0 ], [ 114.23355528112495, -7.778327851417487, 0.0 ], [ 114.233528063967469, -7.777991930445012, 0.0 ], [ 114.23326533729005, -7.777852365194974, 0.0 ], [ 114.233093107792456, -7.777798648359976, 0.0 ], [ 114.232911762190042, -7.777673151842521, 0.0 ], [ 114.232744576732443, -7.77758121684252, 0.0 ], [ 114.232640213157538, -7.777413193192501, 0.0 ], [ 114.232584443950032, -7.777145079315005, 0.0 ], [ 114.232615526555037, -7.77679146874749, 0.0 ], [ 114.232722304802451, -7.776591353189986, 0.0 ], [ 114.232901303104995, -7.776343895159982, 0.0 ], [ 114.233013031967516, -7.776119905042492, 0.0 ], [ 114.233000061192456, -7.775904663552524, 0.0 ], [ 114.232804617432521, -7.775736045582505, 0.0 ], [ 114.232624272552471, -7.775568509945003, 0.0 ], [ 114.232562231307497, -7.775532291310014, 0.0 ], [ 114.232542544727494, -7.775455270372504, 0.0 ], [ 114.232581650187512, -7.775362234412512, 0.0 ], [ 114.23266874993999, -7.775248708357481, 0.0 ], [ 114.232741887177554, -7.775168283707501, 0.0 ], [ 114.232649529585046, -7.774530157844993, 0.0 ], [ 114.232522953369994, -7.774094238762473, 0.0 ], [ 114.231803216875051, -7.77273167018501, 0.0 ], [ 114.231559464412499, -7.771888579892504, 0.0 ], [ 114.23164731695249, -7.771650090167498, 0.0 ], [ 114.231816474212451, -7.77144081885001, 0.0 ], [ 114.231822365365019, -7.771273513017491, 0.0 ], [ 114.231829571649996, -7.770905403544987, 0.0 ], [ 114.231826122117468, -7.77059069640751, 0.0 ], [ 114.231885079449967, -7.770372337747517, 0.0 ] ] ] } },
{ "type": "Feature", "properties": { "NAMOBJ": "Jaringan Irigasi Sekunder", "REMARK": "DI Kokap 1" }, "geometry": { "type": "MultiLineString", "coordinates": [ [ [ 113.797926956249967, -7.775182490997508, 0.0 ], [ 113.79792596451, -7.775170855237491, 0.0 ], [ 113.797769981942452, -7.774972814625016, 0.0 ], [ 113.797684517125049, -7.774876362232476, 0.0 ], [ 113.797626838097472, -7.774814725864985, 0.0 ], [ 113.797545716635, -7.774730123702511, 0.0 ], [ 113.797500762242521, -7.774689774087506, 0.0 ], [ 113.797388844734996, -7.774555336535002, 0.0 ], [ 113.797333739379951, -7.774522758089972, 0.0 ], [ 113.797192653575053, -7.774503350279986, 0.0 ], [ 113.797115878159957, -7.774452522037507, 0.0 ], [ 113.797082980957498, -7.774261724550001, 0.0 ], [ 113.797125782087505, -7.774057341327477, 0.0 ], [ 113.797152213217487, -7.77385679175751, 0.0 ], [ 113.797134469695038, -7.773782683929994, 0.0 ], [ 113.79709093553754, -7.773742899260014, 0.0 ], [ 113.797011893674949, -7.773703087219985, 0.0 ], [ 113.796930401207533, -7.773720753880013, 0.0 ], [ 113.796837209980026, -7.773733241910008, 0.0 ], [ 113.796677752727533, -7.773702454835018, 0.0 ], [ 113.796534346574958, -7.773568957500004, 0.0 ], [ 113.796485376715054, -7.773481046735014, 0.0 ], [ 113.79644618052248, -7.773379013622502, 0.0 ], [ 113.796463091307487, -7.773241968460013, 0.0 ], [ 113.796552744072528, -7.772904963710005, 0.0 ], [ 113.796566698502488, -7.772768478080025, 0.0 ], [ 113.796530259239944, -7.772638450482475, 0.0 ], [ 113.796515341817553, -7.772528146380012, 0.0 ], [ 113.796493965507466, -7.772463149495024, 0.0 ], [ 113.796370031235028, -7.772279877617507, 0.0 ], [ 113.796324713922445, -7.772218900467522, 0.0 ], [ 113.796340846767521, -7.772122476979973, 0.0 ], [ 113.79636266055752, -7.771953604980013, 0.0 ], [ 113.796379679140045, -7.771832210162472, 0.0 ], [ 113.796389848070021, -7.771739819229992, 0.0 ], [ 113.796396023987541, -7.771692799300013, 0.0 ], [ 113.796501154722478, -7.771700175279989, 0.0 ], [ 113.796607147842451, -7.771698377594987, 0.0 ], [ 113.796745182969971, -7.771696835420016, 0.0 ], [ 113.796865882407474, -7.771684582882472, 0.0 ], [ 113.796968942527542, -7.771662039745024, 0.0 ], [ 113.797038961712474, -7.771642384765016, 0.0 ], [ 113.797047545114992, -7.771643008022522, 0.0 ], [ 113.797064025604982, -7.771644203437518, 0.0 ], [ 113.797155698679944, -7.771664320157527, 0.0 ], [ 113.797261872359968, -7.771705658672488, 0.0 ], [ 113.797352999260056, -7.771740589404999, 0.0 ], [ 113.797403512427536, -7.771753917817477, 0.0 ], [ 113.797489103907537, -7.771789128702494, 0.0 ], [ 113.797630568799946, -7.771837518350026, 0.0 ], [ 113.797861315454952, -7.771909043382493, 0.0 ], [ 113.797996820027493, -7.772007350287481, 0.0 ], [ 113.798171523485053, -7.772123006247512, 0.0 ], [ 113.798294960089947, -7.772191763622516, 0.0 ], [ 113.798445605767483, -7.772240966380025, 0.0 ], [ 113.798650757622454, -7.772280954405005, 0.0 ], [ 113.79881467500752, -7.772300656865013, 0.0 ], [ 113.79899856194254, -7.772311108997485, 0.0 ], [ 113.799181231662487, -7.772314954402475, 0.0 ], [ 113.799288064705024, -7.772322486434973, 0.0 ], [ 113.799455214229965, -7.772338727667488, 0.0 ], [ 113.799641218495026, -7.772345386407494, 0.0 ], [ 113.799774071239995, -7.772347561882498, 0.0 ], [ 113.799992458872453, -7.772349056607482, 0.0 ], [ 113.800139709814971, -7.772348109400014, 0.0 ], [ 113.800206172570029, -7.772332320784983, 0.0 ], [ 113.800238049287486, -7.772327374864972, 0.0 ], [ 113.80027635704505, -7.772243770590023, 0.0 ], [ 113.800405442255055, -7.772234735619975, 0.0 ], [ 113.800547372477467, -7.772240273770024, 0.0 ], [ 113.800606837354962, -7.772263695705021, 0.0 ] ] ] } },
{ "type": "Feature", "properties": { "NAMOBJ": "Jaringan Irigasi Sekunder", "REMARK": "DI Wringinanom" }, "geometry": { "type": "MultiLineString", "coordinates": [ [ [ 113.672418999822526, -7.791820000070004, 0.0 ], [ 113.672444000837459, -7.791863000490025, 0.0 ], [ 113.672506999687471, -7.791861000129984, 0.0 ], [ 113.672680999765021, -7.791788000714973, 0.0 ], [ 113.672694000182446, -7.791742999944972, 0.0 ], [ 113.672727999619951, -7.791637999382488, 0.0 ], [ 113.672840999597497, -7.791565000004994, 0.0 ], [ 113.672913000467474, -7.791532000490008, 0.0 ], [ 113.672944000427492, -7.791506999669991, 0.0 ], [ 113.672931000009953, -7.791482999945003, 0.0 ], [ 113.672922999615025, -7.791440999740018, 0.0 ], [ 113.672951000100056, -7.791426999977489, 0.0 ], [ 113.672994999584944, -7.791392000117526, 0.0 ], [ 113.673014999675047, -7.791426999977489, 0.0 ], [ 113.673108999387523, -7.791426999977489, 0.0 ], [ 113.673135000224988, -7.791433000137488, 0.0 ], [ 113.673136999875055, -7.791413000215016, 0.0 ], [ 113.673168999659993, -7.791398000275024, 0.0 ], [ 113.673223000087546, -7.791423000177474, 0.0 ], [ 113.673243000180037, -7.791426999977489, 0.0 ], [ 113.673440999647482, -7.791436000672491, 0.0 ], [ 113.673454999892556, -7.791439999562499, 0.0 ], [ 113.673495000075036, -7.791435000495028, 0.0 ], [ 113.673517000715037, -7.791392000117526, 0.0 ], [ 113.673578999740016, -7.791336000162516, 0.0 ], [ 113.673632000342536, -7.791295000152502, 0.0 ], [ 113.67375799983995, -7.791204999632498, 0.0 ], [ 113.673766000234991, -7.791164999812509, 0.0 ], [ 113.67375700001503, -7.791137000305014, 0.0 ], [ 113.673803999869961, -7.791103999909978, 0.0 ], [ 113.673834999832479, -7.791098999935002, 0.0 ], [ 113.673872999467449, -7.791112999687527, 0.0 ], [ 113.673973999750046, -7.791038000042477, 0.0 ], [ 113.674029999827553, -7.790984000490027, 0.0 ], [ 113.674069000185, -7.790969999829997, 0.0 ], [ 113.674152000024947, -7.790928000589986, 0.0 ], [ 113.674177000140048, -7.790937999627488, 0.0 ], [ 113.674203999904989, -7.790926000235004, 0.0 ], [ 113.674232000392522, -7.79087499940249, 0.0 ], [ 113.674278999347507, -7.790859999482507, 0.0 ], [ 113.674346000194987, -7.790833999437496, 0.0 ], [ 113.67444400010254, -7.790804999774991, 0.0 ], [ 113.674510000225041, -7.790791000032527, 0.0 ], [ 113.67460100046253, -7.790748999897517, 0.0 ], [ 113.674681999754966, -7.790707999942526, 0.0 ], [ 113.674849000159952, -7.790617000280008, 0.0 ] ] ] } },
{ "type": "Feature", "properties": { "NAMOBJ": "Jaringan Irigasi Primer", "REMARK": "DI Banyuputih" }, "geometry": { "type": "MultiLineString", "coordinates": [ [ [ 114.231885079449967, -7.770372337747517, 0.0 ], [ 114.232381244132512, -7.769274688609983, 0.0 ], [ 114.233103353975025, -7.767530412019994, 0.0 ], [ 114.23330694006745, -7.767187487652507, 0.0 ], [ 114.233499686187542, -7.767035742844996, 0.0 ], [ 114.233750017912485, -7.766874810845025, 0.0 ], [ 114.233905103062511, -7.766617632765019, 0.0 ], [ 114.234245424417509, -7.765374889345026, 0.0 ] ] ] } },
{ "type": "Feature", "properties": { "NAMOBJ": "Jaringan Irigasi Sekunder", "REMARK": "DI Kumbangsari 1" }, "geometry": { "type": "MultiLineString", "coordinates": [ [ [ 114.188158748459955, -7.730011878574999, 0.0 ], [ 114.188159051192542, -7.729800907460003, 0.0 ], [ 114.188172561852525, -7.729712968187528, 0.0 ], [ 114.188209806902478, -7.729564045934978, 0.0 ], [ 114.188228231349967, -7.729422759040006, 0.0 ], [ 114.188241768062539, -7.729203013275026, 0.0 ], [ 114.188243199977478, -7.728934806124983, 0.0 ], [ 114.188227960957533, -7.728621598559982, 0.0 ], [ 114.188211738282462, -7.728382467532526, 0.0 ], [ 114.188197410152497, -7.7281863371025, 0.0 ], [ 114.188166050864993, -7.727960662032501, 0.0 ], [ 114.188163899400024, -7.72773585115749, 0.0 ], [ 114.188154990807448, -7.727456343475012, 0.0 ], [ 114.188125331129982, -7.727180288632496, 0.0 ], [ 114.188129334025007, -7.726996930107475, 0.0 ], [ 114.188135357227452, -7.726799350444992, 0.0 ], [ 114.188121491732545, -7.726623432072472, 0.0 ], [ 114.188083126482525, -7.726405087399996, 0.0 ], [ 114.188063009610005, -7.726268416624976, 0.0 ], [ 114.188017966284974, -7.726048959875015, 0.0 ], [ 114.188023027392546, -7.725974787244979, 0.0 ], [ 114.18806742752497, -7.725947174272505, 0.0 ], [ 114.1881881027075, -7.725919211842495, 0.0 ], [ 114.188244651655054, -7.725895491314986, 0.0 ], [ 114.18827115465001, -7.725836453239992, 0.0 ], [ 114.188321798072479, -7.725679617877518, 0.0 ], [ 114.188352562677551, -7.725572858692487, 0.0 ], [ 114.188370585577445, -7.725377338124986, 0.0 ], [ 114.188405504887555, -7.72498688395001, 0.0 ], [ 114.188456985540029, -7.72472360106002, 0.0 ], [ 114.188498359247546, -7.724226405042486, 0.0 ], [ 114.188604351467461, -7.723527236257496, 0.0 ], [ 114.188645461967553, -7.723281252055017, 0.0 ], [ 114.188689756997519, -7.723107807789972, 0.0 ], [ 114.188729706875051, -7.722951367582482, 0.0 ], [ 114.188810173464958, -7.722778006479984, 0.0 ], [ 114.188846472589944, -7.722749449349976, 0.0 ], [ 114.188962347177494, -7.722780463644995, 0.0 ], [ 114.189265614822489, -7.722848522467473, 0.0 ], [ 114.189320936672516, -7.722850611925026, 0.0 ], [ 114.189353534737506, -7.722796019607472, 0.0 ], [ 114.189374714317523, -7.722713083674989, 0.0 ], [ 114.189451488832447, -7.722397835857521, 0.0 ], [ 114.189507080174963, -7.722180151169994, 0.0 ], [ 114.189522983049983, -7.7221471177225, 0.0 ] ] ] } },
{ "type": "Feature", "properties": { "NAMOBJ": "Jaringan Irigasi Sekunder", "REMARK": "DI Tokelan" }, "geometry": { "type": "MultiLineString", "coordinates": [ [ [ 114.046934734695014, -7.649855427095019, 0.0 ], [ 114.047036688987532, -7.649857779849981, 0.0 ], [ 114.047185735665039, -7.649845254327488, 0.0 ], [ 114.047412004214948, -7.64985374759749, 0.0 ], [ 114.047598021954968, -7.649862111327479, 0.0 ], [ 114.04781523279496, -7.649864325417525, 0.0 ], [ 114.04822907766254, -7.649871805152486, 0.0 ], [ 114.048471832097448, -7.649888954992491, 0.0 ], [ 114.048652530909976, -7.649909955545013, 0.0 ], [ 114.048917049727493, -7.649916532130021, 0.0 ], [ 114.04924807531745, -7.649920228664996, 0.0 ], [ 114.049621503184994, -7.648119313652501, 0.0 ], [ 114.049721164077482, -7.647815314219997, 0.0 ], [ 114.049906874592466, -7.647351956194996, 0.0 ], [ 114.050097313839956, -7.646860344810023, 0.0 ], [ 114.050244069812493, -7.646493876932482, 0.0 ], [ 114.050359413495016, -7.646124637897515, 0.0 ], [ 114.050519769960033, -7.645656666507477, 0.0 ], [ 114.050686247544945, -7.645142051542507, 0.0 ], [ 114.050784540305017, -7.644801975062478, 0.0 ], [ 114.050960292995001, -7.644201759869986, 0.0 ], [ 114.051090935884986, -7.64379200466999, 0.0 ] ] ] } },
{ "type": "Feature", "properties": { "NAMOBJ": "Jaringan Irigasi Sekunder", "REMARK": "DI D.Kusia" }, "geometry": { "type": "MultiLineString", "coordinates": [ [ [ 114.297702000167533, -7.759694999667488, 0.0 ], [ 114.297615000130008, -7.759513000682489, 0.0 ], [ 114.29756999992253, -7.759373000674998, 0.0 ], [ 114.297509000722471, -7.759227000089993, 0.0 ], [ 114.297376999580024, -7.759048999890013, 0.0 ], [ 114.297261000127492, -7.758947000302499, 0.0 ], [ 114.297162999319994, -7.758813999372478, 0.0 ], [ 114.297087000050055, -7.758616999222511, 0.0 ], [ 114.297067999782485, -7.758496000532489, 0.0 ], [ 114.297030000147515, -7.75835499983998, 0.0 ], [ 114.296964000025014, -7.758207999497472, 0.0 ], [ 114.296901000277444, -7.758083000517502, 0.0 ], [ 114.296848000572481, -7.757965000452486, 0.0 ], [ 114.29683900035252, -7.757920999664975, 0.0 ], [ 114.29683900035252, -7.757867999799998, 0.0 ], [ 114.296860000270044, -7.757789000064975, 0.0 ], [ 114.296912999972506, -7.757641000725016, 0.0 ], [ 114.296984000117504, -7.757525999257496, 0.0 ], [ 114.297136000452497, -7.757174999919982, 0.0 ], [ 114.297221999767544, -7.756975000222496, 0.0 ], [ 114.297320999502517, -7.756792999647473, 0.0 ], [ 114.297365999709996, -7.756635999770026, 0.0 ], [ 114.297376999580024, -7.756572999997502, 0.0 ], [ 114.297348999990049, -7.756523000589993, 0.0 ], [ 114.297314000727511, -7.756481000145016, 0.0 ], [ 114.297304999609992, -7.756441999992489, 0.0 ], [ 114.297339999769974, -7.756364999799985, 0.0 ], [ 114.297393000372494, -7.756212000464984, 0.0 ], [ 114.297433999479949, -7.756086000142489, 0.0 ], [ 114.297477000037475, -7.755953000092518, 0.0 ], [ 114.297483999710039, -7.755916000182481, 0.0 ] ] ] } },
{ "type": "Feature", "properties": { "NAMOBJ": "Jaringan Irigasi Sekunder", "REMARK": "DI Corah" }, "geometry": { "type": "MultiLineString", "coordinates": [ [ [ 113.675171755857491, -7.859011045982527, 0.0 ], [ 113.675303870187463, -7.858929521305015, 0.0 ], [ 113.675453969690011, -7.85886885675751, 0.0 ], [ 113.675508669005012, -7.858852561134995, 0.0 ], [ 113.675533118452449, -7.858835978922514, 0.0 ], [ 113.675577002052478, -7.85878847117749, 0.0 ], [ 113.675595685212556, -7.858764902130019, 0.0 ], [ 113.675622167547544, -7.858721483357499, 0.0 ], [ 113.675656493072552, -7.85869857238248, 0.0 ], [ 113.675800351080056, -7.858708160455024, 0.0 ], [ 113.675880810484955, -7.858702972579977, 0.0 ], [ 113.675985658252443, -7.858663051337487, 0.0 ], [ 113.676046143615054, -7.858642138300013, 0.0 ], [ 113.676107977352444, -7.858621372209996, 0.0 ], [ 113.676171440632515, -7.858570590579973, 0.0 ], [ 113.676203782677476, -7.858545894342512, 0.0 ], [ 113.676233726219948, -7.858439596857522, 0.0 ], [ 113.676281413287484, -7.85838927525748, 0.0 ], [ 113.67632684558248, -7.858299481510016, 0.0 ], [ 113.676326730597452, -7.858234944402511, 0.0 ] ] ] } },
{ "type": "Feature", "properties": { "NAMOBJ": "Jaringan Irigasi Primer", "REMARK": "DI Sampean Baru" }, "geometry": { "type": "MultiLineString", "coordinates": [ [ [ 114.242910312237541, -7.789365130395026, 0.0 ], [ 114.247223195782453, -7.784314203049973, 0.0 ], [ 114.249454433082519, -7.780970772882483, 0.0 ], [ 114.250968721359982, -7.77880135520752, 0.0 ], [ 114.251097541567447, -7.778728679222525, 0.0 ], [ 114.251262574662519, -7.778691568764998, 0.0 ], [ 114.251658004067508, -7.778720884264999, 0.0 ], [ 114.254780123990031, -7.7795254063725, 0.0 ], [ 114.258528566397445, -7.780668502822493, 0.0 ], [ 114.258659994414984, -7.780543108587494, 0.0 ], [ 114.259006187157524, -7.77922359542498, 0.0 ], [ 114.259566217567453, -7.777499812597512, 0.0 ], [ 114.259722732837531, -7.777290716387483, 0.0 ], [ 114.259938518050035, -7.777310564170023, 0.0 ], [ 114.260657550265023, -7.775484178660008, 0.0 ], [ 114.260864872447542, -7.775339211089999, 0.0 ], [ 114.262646853289993, -7.773887224782527, 0.0 ], [ 114.262941268039981, -7.773533634227476, 0.0 ], [ 114.263099747925025, -7.773114240300004, 0.0 ], [ 114.263102180562555, -7.772654229069985, 0.0 ], [ 114.262972877059951, -7.772198814750027, 0.0 ], [ 114.262554362750052, -7.770768450420007, 0.0 ], [ 114.26255963855499, -7.770582979159997, 0.0 ], [ 114.262559943084966, -7.770014640967474, 0.0 ], [ 114.262751331850041, -7.769358427364978, 0.0 ], [ 114.263077611640028, -7.768175470905021, 0.0 ], [ 114.263586960897555, -7.766208964912494, 0.0 ], [ 114.263519606114983, -7.765844633022482, 0.0 ], [ 114.263430074625035, -7.765419977699992, 0.0 ], [ 114.263475885109983, -7.765147214712499, 0.0 ], [ 114.263612841359986, -7.764888089439978, 0.0 ], [ 114.264082979154978, -7.764339654299988, 0.0 ], [ 114.26490201901504, -7.762436043220021, 0.0 ], [ 114.265614067727483, -7.760897664934987, 0.0 ] ] ] } },
{ "type": "Feature", "properties": { "NAMOBJ": "Jaringan Irigasi Sekunder", "REMARK": "DI Nogosromo" }, "geometry": { "type": "MultiLineString", "coordinates": [ [ [ 113.693972483252537, -7.782781351592519, 0.0 ], [ 113.694023297354988, -7.782768158809972, 0.0 ], [ 113.694322295307529, -7.782221753247484, 0.0 ], [ 113.694479707094956, -7.781981527607513, 0.0 ], [ 113.694625606072464, -7.78183804348248, 0.0 ], [ 113.695078427045019, -7.781355651765011, 0.0 ], [ 113.695151901149984, -7.781253667889985, 0.0 ], [ 113.695188033187492, -7.781199601122523, 0.0 ], [ 113.695348564825053, -7.780856928695016, 0.0 ], [ 113.695409817349969, -7.780654527137472, 0.0 ], [ 113.695439999845007, -7.779974999994977, 0.0 ], [ 113.69553129383246, -7.779771277484997, 0.0 ], [ 113.695709343514977, -7.779645211874993, 0.0 ], [ 113.695893408314987, -7.779592221205007, 0.0 ], [ 113.696261298967556, -7.779911030427513, 0.0 ], [ 113.696540947209996, -7.78007408349248, 0.0 ], [ 113.696850826457535, -7.780086947677489, 0.0 ], [ 113.697215826329966, -7.779796145302498, 0.0 ], [ 113.697613880612494, -7.779868665422498, 0.0 ], [ 113.698225349452514, -7.779416187350023, 0.0 ], [ 113.698395599064952, -7.779160375167521, 0.0 ], [ 113.69870232881749, -7.77899575378251, 0.0 ], [ 113.698969478799995, -7.778558245094985, 0.0 ], [ 113.699297535457504, -7.778212470292488, 0.0 ], [ 113.699436801275056, -7.777945243822501, 0.0 ], [ 113.699452581082483, -7.777735759565019, 0.0 ], [ 113.699630918225012, -7.777440602302477, 0.0 ], [ 113.699844001304996, -7.777321396040008, 0.0 ], [ 113.69999854117998, -7.777096526637479, 0.0 ], [ 113.700277375547444, -7.777042630127482, 0.0 ], [ 113.700456371157543, -7.77684931196751, 0.0 ], [ 113.700643165937549, -7.776804717927519, 0.0 ], [ 113.700926224187469, -7.776971406292489, 0.0 ], [ 113.701188784674969, -7.776961990694986, 0.0 ], [ 113.701428868419953, -7.77712089240498, 0.0 ], [ 113.701528937147486, -7.777111223117515, 0.0 ], [ 113.70161793593752, -7.776887052829977, 0.0 ], [ 113.70173409079996, -7.776756066735004, 0.0 ], [ 113.70191655031249, -7.77669509077748, 0.0 ], [ 113.701948506082545, -7.776770360770001, 0.0 ], [ 113.702744061282488, -7.776558495355005, 0.0 ], [ 113.703614165875024, -7.776292313854981, 0.0 ], [ 113.704448719637526, -7.776342749922492, 0.0 ], [ 113.704964815242533, -7.776487561787519, 0.0 ], [ 113.70535421066495, -7.776482137650021, 0.0 ], [ 113.705663038882449, -7.776339978540022, 0.0 ], [ 113.705725829325047, -7.776066057932496, 0.0 ], [ 113.705218000017453, -7.774925999665015, 0.0 ], [ 113.705205994929997, -7.77466253123248, 0.0 ], [ 113.705410094857484, -7.774351825557517, 0.0 ], [ 113.705972991792464, -7.773920327887481, 0.0 ], [ 113.706519424402472, -7.773416662927502, 0.0 ], [ 113.706842716395045, -7.772821667757512, 0.0 ], [ 113.706782162759964, -7.771410435275016, 0.0 ], [ 113.70732168462996, -7.770397271637478, 0.0 ], [ 113.707905091897487, -7.770131450739996, 0.0 ], [ 113.708493350967501, -7.769618747082518, 0.0 ], [ 113.708487381662508, -7.769348812090016, 0.0 ], [ 113.708080177140005, -7.769104629617516, 0.0 ], [ 113.707921124130053, -7.768637517757497, 0.0 ], [ 113.707941189799953, -7.767879811, 0.0 ], [ 113.707850371920017, -7.767098385525003, 0.0 ], [ 113.707983000087552, -7.766301999810025, 0.0 ], [ 113.707993999957466, -7.766285999712522, 0.0 ], [ 113.708410992522545, -7.765604925692514, 0.0 ], [ 113.708407952624952, -7.764514543177484, 0.0 ], [ 113.709044509614955, -7.762009506919981, 0.0 ], [ 113.708643760387531, -7.761543973167477, 0.0 ], [ 113.708935487377516, -7.760241369382527, 0.0 ], [ 113.70893399976751, -7.759483000287503, 0.0 ], [ 113.709019999980001, -7.758720999852528, 0.0 ], [ 113.709752999202465, -7.758583999494988, 0.0 ], [ 113.709944843412472, -7.758246661267492, 0.0 ], [ 113.710184904697485, -7.758154012269983, 0.0 ], [ 113.710887817542471, -7.756344955882525, 0.0 ], [ 113.710855337157454, -7.756049095119977, 0.0 ], [ 113.711243858517491, -7.755366673067499, 0.0 ], [ 113.711231362054946, -7.755010157630011, 0.0 ] ] ] } },
{ "type": "Feature", "properties": { "NAMOBJ": "Jaringan Irigasi Sekunder", "REMARK": "DI Burne" }, "geometry": { "type": "MultiLineString", "coordinates": [ [ [ 113.811180999990029, -7.772650000397505, 0.0 ], [ 113.811180999990029, -7.772475999762491, 0.0 ], [ 113.811203999557506, -7.772245999902509, 0.0 ], [ 113.811191999859943, -7.772050000142485, 0.0 ], [ 113.811202999732473, -7.771931999910009, 0.0 ], [ 113.811244999565019, -7.771664999992481, 0.0 ] ] ] } },
{ "type": "Feature", "properties": { "NAMOBJ": "Jaringan Irigasi Primer", "REMARK": "DI Sampean Baru" }, "geometry": { "type": "MultiLineString", "coordinates": [ [ [ 114.126465142505026, -7.786873328742502, 0.0 ], [ 114.127671833257523, -7.786184435302516, 0.0 ], [ 114.128030560195043, -7.786088580862497, 0.0 ], [ 114.128900938772517, -7.786161018997518, 0.0 ], [ 114.13031778858749, -7.786467542712501, 0.0 ], [ 114.131817077695018, -7.786791901752508, 0.0 ], [ 114.132142311844973, -7.787026095305009, 0.0 ], [ 114.132288745320011, -7.787383492287518, 0.0 ], [ 114.132657076147552, -7.789545984850008, 0.0 ], [ 114.132962082932522, -7.789959565295021, 0.0 ], [ 114.134151476622492, -7.790395275947503, 0.0 ], [ 114.136514775252522, -7.791116240224994, 0.0 ], [ 114.136859283654985, -7.791041993452495, 0.0 ], [ 114.137109758210045, -7.790889576805, 0.0 ], [ 114.137395102669984, -7.790593508904976, 0.0 ], [ 114.137558244812453, -7.7902983501275, 0.0 ], [ 114.137707868204984, -7.790118000005009, 0.0 ], [ 114.138002056580035, -7.790044124819985, 0.0 ], [ 114.138512644612547, -7.790069018785005, 0.0 ], [ 114.141791878082472, -7.790223938320025, 0.0 ], [ 114.144064519632479, -7.790357626982484, 0.0 ], [ 114.144540020369959, -7.790497485569972, 0.0 ], [ 114.144923036854948, -7.790767083389994, 0.0 ], [ 114.145335986102509, -7.791194185662505, 0.0 ], [ 114.145725280912529, -7.791341853397512, 0.0 ], [ 114.146156582739991, -7.791338648444992, 0.0 ], [ 114.148734735029961, -7.790028970705009, 0.0 ], [ 114.150427956034946, -7.789586209012498, 0.0 ], [ 114.150887768594998, -7.789551242152527, 0.0 ], [ 114.152786735240056, -7.789705589320022, 0.0 ], [ 114.154352097232504, -7.790002814659999, 0.0 ], [ 114.156254534069944, -7.790460624142497, 0.0 ], [ 114.156638221595017, -7.790499587217482, 0.0 ], [ 114.15799665396753, -7.790310219002492, 0.0 ], [ 114.158087578747541, -7.790312609022521, 0.0 ], [ 114.158584707322461, -7.790396843742485, 0.0 ], [ 114.159209487399949, -7.790442104454996, 0.0 ] ] ] } },
{ "type": "Feature", "properties": { "NAMOBJ": "Jaringan Irigasi Sekunder", "REMARK": "DI Curah Uling" }, "geometry": { "type": "MultiLineString", "coordinates": [ [ [ 114.118695428560045, -7.725700999827495, 0.0 ], [ 114.118675279347485, -7.725595493407525, 0.0 ], [ 114.118349701142506, -7.725369013095019, 0.0 ], [ 114.118342624214961, -7.725217343177519, 0.0 ], [ 114.118285501245055, -7.724734559352498, 0.0 ], [ 114.118274661274995, -7.724684277119991, 0.0 ], [ 114.118261079644981, -7.724670590660025, 0.0 ], [ 114.118170023712537, -7.724604277029982, 0.0 ], [ 114.118158244104961, -7.724320513967484, 0.0 ], [ 114.118219569395023, -7.724268103085024, 0.0 ], [ 114.118255677177444, -7.724146492629984, 0.0 ], [ 114.118314345250042, -7.724112772885007, 0.0 ], [ 114.118345480857556, -7.724053129200001, 0.0 ], [ 114.118398057455011, -7.72385089201498, 0.0 ], [ 114.118437275204997, -7.723743341292504, 0.0 ], [ 114.118512367177459, -7.723579906180021, 0.0 ], [ 114.118554544874996, -7.723553343567517, 0.0 ], [ 114.118628584919975, -7.723538994720002, 0.0 ], [ 114.118732445437445, -7.72353523004, 0.0 ], [ 114.118877534137482, -7.72352684026248, 0.0 ], [ 114.118927468787547, -7.723426128267477, 0.0 ], [ 114.118990972492497, -7.723386044394999, 0.0 ], [ 114.119083969682492, -7.723307873047474, 0.0 ], [ 114.119165936462537, -7.723220658647506, 0.0 ], [ 114.119222044334947, -7.723131667765017, 0.0 ], [ 114.119235121112524, -7.722985881050022, 0.0 ], [ 114.119224242512473, -7.722907616707516, 0.0 ], [ 114.119360778352529, -7.7224328930875, 0.0 ], [ 114.119312569364979, -7.721772829142481, 0.0 ], [ 114.119320437707529, -7.721548801597521, 0.0 ], [ 114.11933460862997, -7.721277722307491, 0.0 ], [ 114.119319103710041, -7.720930773402472, 0.0 ], [ 114.119247140569996, -7.720490219402507, 0.0 ], [ 114.119211362469969, -7.720223670947519, 0.0 ] ] ] } },
{ "type": "Feature", "properties": { "NAMOBJ": "Jaringan Irigasi Sekunder", "REMARK": "DI Wringinanom" }, "geometry": { "type": "MultiLineString", "coordinates": [ [ [ 113.680781592872449, -7.782165061859985, 0.0 ], [ 113.680782999634971, -7.782162999492527, 0.0 ], [ 113.680782999634971, -7.782169000434976, 0.0 ], [ 113.680781592872449, -7.782165061859985, 0.0 ] ] ] } },
{ "type": "Feature", "properties": { "NAMOBJ": "Jaringan Irigasi Sekunder", "REMARK": "DI Sbr. Lerek" }, "geometry": { "type": "MultiLineString", "coordinates": [ [ [ 114.083072162842541, -7.717796477377476, 0.0 ], [ 114.083103949730003, -7.717604818919995, 0.0 ], [ 114.083094481487478, -7.717536183359982, 0.0 ], [ 114.083089185917515, -7.71744014249748, 0.0 ], [ 114.08307860825505, -7.717312642492516, 0.0 ], [ 114.083104132985, -7.717126236110005, 0.0 ], [ 114.083113559907474, -7.71698136291252, 0.0 ], [ 114.083127904204957, -7.71689181764998, 0.0 ], [ 114.083124994562468, -7.716732143349986, 0.0 ], [ 114.083149956047464, -7.716572541189976, 0.0 ], [ 114.083170760132475, -7.716460185677477, 0.0 ], [ 114.083175391844975, -7.716359422402491, 0.0 ], [ 114.08324790026245, -7.716168018232509, 0.0 ], [ 114.083698002932465, -7.71632399796249, 0.0 ], [ 114.083973103902508, -7.715695684287482, 0.0 ] ] ] } },
{ "type": "Feature", "properties": { "NAMOBJ": "Jaringan Irigasi Sekunder", "REMARK": "DI Kemiri" }, "geometry": { "type": "MultiLineString", "coordinates": [ [ [ 113.592646888607533, -7.760040403744995, 0.0 ], [ 113.592592950164999, -7.760033893932473, 0.0 ], [ 113.592571118409978, -7.760008014374989, 0.0 ], [ 113.592569428677507, -7.759976790272503, 0.0 ], [ 113.592568034492501, -7.759924894287508, 0.0 ], [ 113.592563296777485, -7.759846563042515, 0.0 ], [ 113.592530657389943, -7.759741317485009, 0.0 ], [ 113.59250255988502, -7.75968471118, 0.0 ], [ 113.592461805117523, -7.759636817472483, 0.0 ], [ 113.592409337215031, -7.759626520772485, 0.0 ], [ 113.592358492570042, -7.759639498410024, 0.0 ], [ 113.592312681187536, -7.759634692250017, 0.0 ], [ 113.592265807992476, -7.759627510840005, 0.0 ], [ 113.592203549354963, -7.759604860657475, 0.0 ], [ 113.592152254652547, -7.759555876517481, 0.0 ], [ 113.592109353809974, -7.759475405514991, 0.0 ], [ 113.592076382044979, -7.759453834832527, 0.0 ], [ 113.592039519677542, -7.759424741470013, 0.0 ], [ 113.591992633909967, -7.759388263214987, 0.0 ], [ 113.591901260872532, -7.759325832442528, 0.0 ], [ 113.591807295294984, -7.759257757844978, 0.0 ], [ 113.591724190352465, -7.759186273235002, 0.0 ], [ 113.591668320532449, -7.759138459882479, 0.0 ], [ 113.591597943817533, -7.759096680007474, 0.0 ], [ 113.591526682262497, -7.759046239570011, 0.0 ], [ 113.591472892042475, -7.759020252392475, 0.0 ], [ 113.591432102239992, -7.758996503587525, 0.0 ], [ 113.591389266074998, -7.758961477162472, 0.0 ], [ 113.591318564170024, -7.758927642464982, 0.0 ], [ 113.591156208954999, -7.758858487527505, 0.0 ], [ 113.590982271760026, -7.758789190252514, 0.0 ], [ 113.590851933397516, -7.758759215454972, 0.0 ], [ 113.590614953335034, -7.758698670917511, 0.0 ], [ 113.590506724309989, -7.758654386264993, 0.0 ], [ 113.590440566982465, -7.758607508287525, 0.0 ], [ 113.590422233265031, -7.758572595955002, 0.0 ], [ 113.590414085545035, -7.758529503957504, 0.0 ], [ 113.590401186634949, -7.75847812553252, 0.0 ], [ 113.59039656660002, -7.758442520622509, 0.0 ], [ 113.590429664130056, -7.758393083099975, 0.0 ], [ 113.590443629337528, -7.758344889322473, 0.0 ], [ 113.590473678882518, -7.758276407904987, 0.0 ], [ 113.590490143204988, -7.758200013284977, 0.0 ], [ 113.590513865017556, -7.758156325459993, 0.0 ], [ 113.590546230417544, -7.758098867997489, 0.0 ], [ 113.590559570400046, -7.758012230587497, 0.0 ], [ 113.590544263107518, -7.757948475062506, 0.0 ], [ 113.590551299612457, -7.757861465382518, 0.0 ] ] ] } },
{ "type": "Feature", "properties": { "NAMOBJ": "Jaringan Irigasi Sekunder", "REMARK": "DI Jeruk" }, "geometry": { "type": "MultiLineString", "coordinates": [ [ [ 113.685745932864961, -7.83521575212751, 0.0 ], [ 113.685732046707471, -7.83516973921752, 0.0 ], [ 113.685720222182454, -7.835124371564973, 0.0 ], [ 113.685706530960033, -7.835056921999978, 0.0 ], [ 113.685690178027471, -7.834982677657479, 0.0 ], [ 113.685675489674964, -7.834899212682501, 0.0 ], [ 113.685671595477515, -7.834833541019975, 0.0 ], [ 113.685678661627549, -7.834762048400023, 0.0 ], [ 113.685693166722444, -7.834706150477473, 0.0 ], [ 113.68568173925496, -7.834668420044977, 0.0 ], [ 113.685657147874963, -7.834620531667497, 0.0 ], [ 113.685602976767541, -7.834574436682487, 0.0 ], [ 113.685562613664956, -7.834524835247521, 0.0 ], [ 113.685536883220038, -7.834491243759999, 0.0 ], [ 113.685480358527457, -7.834422321254976, 0.0 ], [ 113.685401822414974, -7.834312466740016, 0.0 ], [ 113.685373475177471, -7.834266259530011, 0.0 ], [ 113.685280573207478, -7.834111217302507, 0.0 ], [ 113.685228691010025, -7.834035456279992, 0.0 ], [ 113.685165046269958, -7.833941224815021, 0.0 ], [ 113.685098955417516, -7.833808290114973, 0.0 ], [ 113.685074435002548, -7.833715495227523, 0.0 ], [ 113.685086955722454, -7.833612913892523, 0.0 ], [ 113.685124654419951, -7.833561616844975, 0.0 ], [ 113.685123540509949, -7.833477831802497, 0.0 ], [ 113.685152645027529, -7.833365412952503, 0.0 ], [ 113.685185234110008, -7.833271640699991, 0.0 ], [ 113.685234047662448, -7.833130216642473, 0.0 ], [ 113.685303947372518, -7.83302657037251, 0.0 ], [ 113.685315540129977, -7.832943396005021, 0.0 ] ] ] } },
{ "type": "Feature", "properties": { "NAMOBJ": "Jaringan Irigasi Sekunder", "REMARK": "DI Siguwo 2" }, "geometry": { "type": "MultiLineString", "coordinates": [ [ [ 113.929567200880001, -7.757584291582475, 0.0 ], [ 113.929234535865021, -7.757480158914973, 0.0 ], [ 113.929016535407527, -7.757407114222474, 0.0 ], [ 113.92885614929753, -7.757363655517509, 0.0 ], [ 113.928660349805, -7.757317153627525, 0.0 ], [ 113.928451912810033, -7.7572550908925, 0.0 ], [ 113.928273094169981, -7.757209806290007, 0.0 ], [ 113.928080127962517, -7.757160091510002, 0.0 ], [ 113.928013622987464, -7.757119321962477, 0.0 ], [ 113.927944830002502, -7.757006665755, 0.0 ], [ 113.927836059292531, -7.756707792384987, 0.0 ], [ 113.927749005355054, -7.756475648344974, 0.0 ], [ 113.927667531752491, -7.75621463484498, 0.0 ], [ 113.927596729237507, -7.756015436764983, 0.0 ], [ 113.92754202004005, -7.755863297125018, 0.0 ], [ 113.927488727484956, -7.755773678125024, 0.0 ], [ 113.927415914540006, -7.755723075649996, 0.0 ], [ 113.927176992317527, -7.755606786249984, 0.0 ], [ 113.927069760422455, -7.755554931849986, 0.0 ], [ 113.927050399932455, -7.755546441077513, 0.0 ], [ 113.926989378272538, -7.755663505169991, 0.0 ], [ 113.926946953537481, -7.755769936889976, 0.0 ], [ 113.926885047935002, -7.755874286317521, 0.0 ], [ 113.926848520639965, -7.755976507829985, 0.0 ], [ 113.926822025727461, -7.756102519985006, 0.0 ], [ 113.9267593466775, -7.756222984195006, 0.0 ], [ 113.926687085297544, -7.756444852459992, 0.0 ], [ 113.926631345732517, -7.756484974072521, 0.0 ], [ 113.926317261472491, -7.756472951914986, 0.0 ], [ 113.926113421157538, -7.756449679572484, 0.0 ], [ 113.925977867177494, -7.756460972645016, 0.0 ], [ 113.925809572299954, -7.756508406100011, 0.0 ], [ 113.925700351535056, -7.756578443047488, 0.0 ], [ 113.925598927247506, -7.756643643765017, 0.0 ], [ 113.925409327027523, -7.756757327349987, 0.0 ], [ 113.925019279429989, -7.756871823090023, 0.0 ], [ 113.924967079227486, -7.756900028419977, 0.0 ], [ 113.924921579557463, -7.756971321027493, 0.0 ], [ 113.924911317204987, -7.757076257484982, 0.0 ], [ 113.924894716337462, -7.757123148069979, 0.0 ], [ 113.924768323377521, -7.757131359649975, 0.0 ], [ 113.924645080807522, -7.75709945868249, 0.0 ], [ 113.924563167029987, -7.757076288510007, 0.0 ] ] ] } },
{ "type": "Feature", "properties": { "NAMOBJ": "Jaringan Irigasi Sekunder", "REMARK": "DI Gugur A" }, "geometry": { "type": "MultiLineString", "coordinates": [ [ [ 113.659285285417468, -7.850656447262509, 0.0 ], [ 113.65936494352502, -7.850599673807494, 0.0 ], [ 113.659424175740014, -7.850571374702497, 0.0 ], [ 113.659439899849986, -7.850520305617522, 0.0 ], [ 113.659499372812547, -7.850478606292484, 0.0 ], [ 113.659531788519985, -7.850436430545017, 0.0 ], [ 113.659566676392501, -7.850398850230022, 0.0 ], [ 113.659573360754962, -7.850339275742499, 0.0 ], [ 113.659587787697546, -7.850260866845019, 0.0 ], [ 113.659599023827468, -7.850218065007482, 0.0 ], [ 113.659585461062534, -7.850148522982522, 0.0 ], [ 113.659561383517485, -7.850081577590004, 0.0 ], [ 113.659544594902513, -7.849978338835001, 0.0 ], [ 113.659583064357548, -7.849897570685016, 0.0 ], [ 113.659621596692546, -7.849841844194998, 0.0 ], [ 113.659622495907456, -7.84976319717498, 0.0 ], [ 113.659619598839981, -7.84969687795251, 0.0 ], [ 113.659619234122488, -7.849660194885018, 0.0 ], [ 113.659598321345015, -7.849601905575014, 0.0 ], [ 113.659601087257556, -7.849504574812499, 0.0 ], [ 113.659626811412522, -7.849408406844987, 0.0 ], [ 113.659676578080052, -7.849309878669999, 0.0 ], [ 113.65972523442997, -7.849259136482488, 0.0 ], [ 113.659776138362531, -7.84918744795749, 0.0 ], [ 113.65978929598748, -7.84914702105749, 0.0 ], [ 113.659788616860055, -7.84909712678251, 0.0 ], [ 113.659811563425023, -7.84905387053999, 0.0 ], [ 113.659850512579965, -7.848997145670012, 0.0 ], [ 113.659909052194962, -7.848917498494984, 0.0 ], [ 113.659949679400029, -7.848850606232475, 0.0 ], [ 113.660041905837488, -7.848754512342509, 0.0 ], [ 113.660102976905023, -7.848684257742491, 0.0 ], [ 113.66017775716, -7.848619107847526, 0.0 ], [ 113.660269670084972, -7.848566533965027, 0.0 ], [ 113.660354718085046, -7.848523804399974, 0.0 ], [ 113.660424929507485, -7.848471524417505, 0.0 ], [ 113.66051317910501, -7.848384801232498, 0.0 ], [ 113.660549322819975, -7.848297534097526, 0.0 ], [ 113.660577885652515, -7.848237300025005, 0.0 ], [ 113.660552979859972, -7.848165271237519, 0.0 ], [ 113.660581691814969, -7.848061206957482, 0.0 ], [ 113.66063322816251, -7.847940781784985, 0.0 ], [ 113.660737706720056, -7.847812302142472, 0.0 ], [ 113.660807490547541, -7.847753059322486, 0.0 ], [ 113.660875750829973, -7.847712418077492, 0.0 ], [ 113.660925459107489, -7.847684096345006, 0.0 ], [ 113.660967361022472, -7.847589379967474, 0.0 ] ] ] } },
{ "type": "Feature", "properties": { "NAMOBJ": "Jaringan Irigasi Primer", "REMARK": "DI Nangger" }, "geometry": { "type": "MultiLineString", "coordinates": [ [ [ 113.740833374932549, -7.758858240239988, 0.0 ], [ 113.740999919889987, -7.758960029932496, 0.0 ], [ 113.741240039565014, -7.759140030299989, 0.0 ], [ 113.741570159652497, -7.759389959559996, 0.0 ], [ 113.742219959607496, -7.760069999942516, 0.0 ], [ 113.742380159765048, -7.760400030419987, 0.0 ], [ 113.742389880434985, -7.760439989969996, 0.0 ], [ 113.742510119934991, -7.760580029562504, 0.0 ], [ 113.742830160027552, -7.760909970092484, 0.0 ], [ 113.743469879985014, -7.761149999667509, 0.0 ], [ 113.744149919927509, -7.761519989709996, 0.0 ], [ 113.744570040424946, -7.761279959927492, 0.0 ], [ 113.745250080367555, -7.760899979965018, 0.0 ], [ 113.745890159652504, -7.761140010447491, 0.0 ], [ 113.746759920187515, -7.761210029894983, 0.0 ], [ 113.747259960205042, -7.761159989799978, 0.0 ], [ 113.747860079730003, -7.761094290169979, 0.0 ], [ 113.748002999894993, -7.761149009597489, 0.0 ], [ 113.748038280329979, -7.761220739997498, 0.0 ], [ 113.748144480059977, -7.761282569699972, 0.0 ], [ 113.748177600047484, -7.761302009767519, 0.0 ], [ 113.748260040237483, -7.761349980310001, 0.0 ], [ 113.748770160250047, -7.761580019987491, 0.0 ], [ 113.749829999807503, -7.761740040242501, 0.0 ], [ 113.750470079990009, -7.761940020247494, 0.0 ], [ 113.751230040347536, -7.762449959912487, 0.0 ], [ 113.751690119707519, -7.762619969745003, 0.0 ], [ 113.75173008036495, -7.762619969745003, 0.0 ], [ 113.752010159797464, -7.762750019875, 0.0 ], [ 113.752829879682508, -7.763059979882485, 0.0 ], [ 113.753260080174982, -7.763110020197473, 0.0 ], [ 113.753664720007464, -7.763192910032501, 0.0 ], [ 113.754005280315027, -7.763141969969979, 0.0 ], [ 113.754130560262524, -7.763142869707508, 0.0 ], [ 113.754134159812452, -7.763141429762527, 0.0 ], [ 113.75418672024, -7.763120099800005, 0.0 ], [ 113.754346199947463, -7.763055210184973, 0.0 ], [ 113.75501003967247, -7.762899960049992, 0.0 ], [ 113.755129919847491, -7.762869990444983, 0.0 ], [ 113.755420080174986, -7.762680000177511, 0.0 ], [ 113.755820039785021, -7.762629959912488, 0.0 ], [ 113.756410080212504, -7.762390019852489, 0.0 ], [ 113.75711999991745, -7.762220010112515, 0.0 ], [ 113.757590160170025, -7.762400010015028, 0.0 ], [ 113.758040160432529, -7.762940010172485, 0.0 ], [ 113.758530119554962, -7.763020020087481, 0.0 ], [ 113.75912987975255, -7.763110020197473, 0.0 ], [ 113.75978003993248, -7.763190030144983, 0.0 ], [ 113.760424800337546, -7.763271300284998, 0.0 ], [ 113.760459360322557, -7.763282730412527, 0.0 ], [ 113.760675000007495, -7.763353649942474, 0.0 ], [ 113.760906839912536, -7.763462550080021, 0.0 ], [ 113.761067759620005, -7.763499539687473, 0.0 ], [ 113.761630079834958, -7.763540039732504, 0.0 ], [ 113.761753427507529, -7.763520991032522, 0.0 ], [ 113.761919879940024, -7.763570010297485, 0.0 ], [ 113.762170079609973, -7.763609970142511, 0.0 ], [ 113.763250080059947, -7.763669999800015, 0.0 ], [ 113.764280039854953, -7.763799959907487, 0.0 ], [ 113.764550040192489, -7.763769990237506, 0.0 ], [ 113.764564680035051, -7.763733057182492, 0.0 ], [ 113.764730040117456, -7.763699970375001, 0.0 ], [ 113.764759919880021, -7.763679989992511, 0.0 ], [ 113.765000039555048, -7.763599979952517, 0.0 ], [ 113.765400000062527, -7.763360040267514, 0.0 ], [ 113.766410160090004, -7.762760010044985, 0.0 ], [ 113.766800039705004, -7.762609979577519, 0.0 ], [ 113.76758592005001, -7.76248631980252, 0.0 ], [ 113.767719839995038, -7.762523040135022, 0.0 ], [ 113.767769520422462, -7.762531679782512, 0.0 ], [ 113.767772759747459, -7.762532310327515, 0.0 ], [ 113.767827120400057, -7.76254176028749, 0.0 ], [ 113.768078039620036, -7.762534740342517, 0.0 ], [ 113.768970119697542, -7.762789979642491, 0.0 ], [ 113.76938987997255, -7.763110020197473, 0.0 ], [ 113.76941003996501, -7.763159970177526, 0.0 ], [ 113.769449999722497, -7.763229989954993, 0.0 ], [ 113.769640079645001, -7.763460029720022, 0.0 ], [ 113.770149840329964, -7.763910029997476, 0.0 ], [ 113.771170080354977, -7.764339959992526, 0.0 ], [ 113.771350080279944, -7.764350039625015, 0.0 ], [ 113.771419919802497, -7.764350039625015, 0.0 ], [ 113.771766600330011, -7.764418260115008, 0.0 ], [ 113.771828879632494, -7.764427710115001, 0.0 ], [ 113.771958839802551, -7.764424199672476, 0.0 ], [ 113.772110039737527, -7.764419970167523, 0.0 ], [ 113.772419999835051, -7.764440040010015, 0.0 ], [ 113.773280039700012, -7.764530040415025, 0.0 ], [ 113.773259879710054, -7.764530040415025, 0.0 ], [ 113.773309920362522, -7.764540029715022, 0.0 ], [ 113.773589999797537, -7.764589979862478, 0.0 ], [ 113.774619959592542, -7.764730019887509, 0.0 ], [ 113.774969880344997, -7.764789960274982, 0.0 ], [ 113.775239879782475, -7.764920010144976, 0.0 ], [ 113.775890039962519, -7.765329959772487, 0.0 ], [ 113.776650000320046, -7.765859969704991, 0.0 ], [ 113.776660080314969, -7.765849980374981, 0.0 ], [ 113.776800119582504, -7.7659399801625, 0.0 ], [ 113.777139960340037, -7.766049959547502, 0.0 ], [ 113.777610119695055, -7.766160030212518, 0.0 ], [ 113.77857995974, -7.766379990034977, 0.0 ], [ 113.779289880342503, -7.766530019984998, 0.0 ], [ 113.779590119767477, -7.766630010172491, 0.0 ], [ 113.780729879742466, -7.766690040250012, 0.0 ], [ 113.781020040072463, -7.766459999675021, 0.0 ], [ 113.781210119992465, -7.766010000387496, 0.0 ], [ 113.781233520207479, -7.765963829725024, 0.0 ], [ 113.781256560197448, -7.765897049855027, 0.0 ], [ 113.781297599732511, -7.765781220362499, 0.0 ], [ 113.78138003992251, -7.765620029675006, 0.0 ], [ 113.781510000092453, -7.765329959772487, 0.0 ], [ 113.781909959699988, -7.764830009657487, 0.0 ], [ 113.782539959887458, -7.764190020227488, 0.0 ], [ 113.782950000389974, -7.763789969712491, 0.0 ], [ 113.783320080237445, -7.763439959922493, 0.0 ], [ 113.78328984024995, -7.763439959922493, 0.0 ], [ 113.783389919757497, -7.763349959745028, 0.0 ], [ 113.783619960337546, -7.763069970059973, 0.0 ], [ 113.783600159669959, -7.763069970059973, 0.0 ], [ 113.783929920432456, -7.76283002975498, 0.0 ], [ 113.784429960447483, -7.762339979619981, 0.0 ], [ 113.785139880152542, -7.761590010130021, 0.0 ], [ 113.785679879927557, -7.761079980230022, 0.0 ], [ 113.785850160082532, -7.760879999710028, 0.0 ], [ 113.786015039564973, -7.760712509995017, 0.0 ], [ 113.786073720212471, -7.76066381955502, 0.0 ], [ 113.786127719742467, -7.760628540230016, 0.0 ], [ 113.786290080347499, -7.760449980087515, 0.0 ], [ 113.786930159632448, -7.759829970055023, 0.0 ], [ 113.787039959810045, -7.759700010230006, 0.0 ], [ 113.787450000312447, -7.759340010012522, 0.0 ], [ 113.787770040405007, -7.759060020192521, 0.0 ], [ 113.788079999602473, -7.758939960342502, 0.0 ], [ 113.788680120024992, -7.75869003043249, 0.0 ], [ 113.789409840395024, -7.758440010329991, 0.0 ], [ 113.790200039842489, -7.758140040050023, 0.0 ], [ 113.791029839722455, -7.757810010387516, 0.0 ], [ 113.791809960070054, -7.757510039635008, 0.0 ], [ 113.792479920015012, -7.757250030172486, 0.0 ], [ 113.793140160189978, -7.757139959954998, 0.0 ], [ 113.793909840319998, -7.757080019717478, 0.0 ], [ 113.794549919602446, -7.756970039880002, 0.0 ], [ 113.795460000122489, -7.756890030172485, 0.0 ], [ 113.796100080304996, -7.756810019567524, 0.0 ], [ 113.797130040102502, -7.756700039800023, 0.0 ], [ 113.797479959955012, -7.756640010199988, 0.0 ], [ 113.797460160187484, -7.756620030142528, 0.0 ], [ 113.797779840055, -7.756569989667526, 0.0 ], [ 113.798019959730027, -7.75655999963999, 0.0 ], [ 113.798019959730027, -7.756559340817489, 0.0 ], [ 113.798300040062486, -7.756550009612511, 0.0 ], [ 113.79881016007505, -7.756589969722484, 0.0 ], [ 113.79894552001997, -7.75660815033001, 0.0 ], [ 113.798959920012521, -7.756610040114992, 0.0 ], [ 113.798962079562443, -7.756610040114992, 0.0 ], [ 113.799219840355022, -7.756610040114992, 0.0 ], [ 113.799499919787536, -7.756640010199988, 0.0 ], [ 113.800319999895009, -7.756579979695005, 0.0 ], [ 113.800970160075053, -7.756250039734994, 0.0 ], [ 113.801130000007447, -7.756100009704994, 0.0 ], [ 113.801190119757507, -7.756039980189996, 0.0 ], [ 113.801379840352524, -7.755789959794981, 0.0 ], [ 113.801630040024975, -7.755100020107477, 0.0 ], [ 113.801649839792503, -7.754640029902475, 0.0 ], [ 113.801649839792503, -7.754010030027473, 0.0 ], [ 113.801510159849954, -7.753480020040001, 0.0 ], [ 113.801019839605033, -7.752940019845028, 0.0 ], [ 113.800780080152549, -7.752439980052486, 0.0 ], [ 113.800790160149973, -7.751940030260016, 0.0 ], [ 113.800780080152549, -7.751919960082489, 0.0 ], [ 113.800820039912537, -7.751789999899984, 0.0 ], [ 113.800845959902517, -7.751617650152525, 0.0 ], [ 113.800820039912537, -7.751330009569983, 0.0 ], [ 113.800832280357554, -7.751224529755007, 0.0 ], [ 113.800929840090021, -7.750369979590005, 0.0 ], [ 113.801190119757507, -7.749849960285019, 0.0 ], [ 113.801720040435043, -7.749279989574973, 0.0 ], [ 113.802069960290055, -7.748919989827527, 0.0 ], [ 113.802080040284977, -7.7489000101275, 0.0 ], [ 113.802118199820029, -7.748856179982511, 0.0 ], [ 113.80212612026753, -7.748847089842513, 0.0 ], [ 113.80214987980753, -7.748820000090006, 0.0 ], [ 113.802350039724956, -7.748640000370017, 0.0 ], [ 113.802940080152553, -7.748080020172495, 0.0 ], [ 113.803520039687555, -7.747489980000012, 0.0 ], [ 113.803719840277495, -7.747260029944982, 0.0 ], [ 113.803920000192534, -7.747049970205012, 0.0 ], [ 113.804240040284981, -7.746699960287515, 0.0 ], [ 113.804740080302508, -7.746239969894987, 0.0 ], [ 113.805299879842551, -7.74566000960499, 0.0 ], [ 113.805730080337526, -7.745210010082474, 0.0 ], [ 113.805820079852538, -7.745139989577524, 0.0 ], [ 113.805929880030021, -7.744959989565018, 0.0 ], [ 113.806119959952525, -7.744359960252496, 0.0 ], [ 113.806339919634979, -7.743740039907493, 0.0 ], [ 113.806379880292525, -7.743650040182501, 0.0 ], [ 113.806450080037507, -7.743609990024993, 0.0 ], [ 113.806869840312515, -7.74329003964499, 0.0 ], [ 113.807769839937464, -7.74258003008498, 0.0 ], [ 113.808309839712479, -7.742150010415003, 0.0 ], [ 113.808489839637446, -7.741620000362502, 0.0 ], [ 113.808480119867454, -7.741289969622528, 0.0 ], [ 113.808470039872532, -7.740729989812507, 0.0 ], [ 113.808420000117508, -7.740039960089973, 0.0 ], [ 113.808448800104998, -7.739813789767481, 0.0 ], [ 113.80838004035752, -7.739700030339975, 0.0 ] ] ] } },
{ "type": "Feature", "properties": { "NAMOBJ": "Jaringan Irigasi Primer", "REMARK": "DI Banyuputih" }, "geometry": { "type": "MultiLineString", "coordinates": [ [ [ 114.183167199395029, -7.761416208319986, 0.0 ], [ 114.182976216667498, -7.761139305077506, 0.0 ], [ 114.182951271352522, -7.760926382445007, 0.0 ], [ 114.182945204129965, -7.760398034767491, 0.0 ], [ 114.182914638054967, -7.758510031164974, 0.0 ], [ 114.182940380177456, -7.757145925872521, 0.0 ], [ 114.183011471949953, -7.756817700067472, 0.0 ], [ 114.183295624344964, -7.75643709714501, 0.0 ], [ 114.18382610737001, -7.755956526892476, 0.0 ], [ 114.184797110732461, -7.755131965637474, 0.0 ], [ 114.185137230865053, -7.754804322619975, 0.0 ], [ 114.185270937909991, -7.754592928797479, 0.0 ], [ 114.185363476062548, -7.754300940032522, 0.0 ], [ 114.18545270032746, -7.753647838184975, 0.0 ], [ 114.185501012622467, -7.752870039150025, 0.0 ], [ 114.185607064132455, -7.751518891647493, 0.0 ], [ 114.185840431172551, -7.750006449444982, 0.0 ], [ 114.186063749654977, -7.748860467735028, 0.0 ] ] ] } },
{ "type": "Feature", "properties": { "NAMOBJ": "Jaringan Irigasi Sekunder", "REMARK": "DI Klompang" }, "geometry": { "type": "MultiLineString", "coordinates": [ [ [ 113.702151374417554, -7.798115687839982, 0.0 ], [ 113.702381812949966, -7.798050316579975, 0.0 ], [ 113.702672004719943, -7.797936786362527, 0.0 ], [ 113.702788288039983, -7.797889840230027, 0.0 ], [ 113.70286790392754, -7.797800680642524, 0.0 ], [ 113.702936548689991, -7.797733372012488, 0.0 ], [ 113.703157205465004, -7.797627076852507, 0.0 ], [ 113.703384249265014, -7.797517705397524, 0.0 ], [ 113.703519060337499, -7.797408064757519, 0.0 ], [ 113.703626953392472, -7.797336508107492, 0.0 ], [ 113.703701558477519, -7.797303066460017, 0.0 ], [ 113.703772254092542, -7.797250981634988, 0.0 ], [ 113.703782486802538, -7.797150464162485, 0.0 ], [ 113.703842457432529, -7.797011011334973, 0.0 ], [ 113.703921395092493, -7.796842696282511, 0.0 ] ] ] } },
{ "type": "Feature", "properties": { "NAMOBJ": "Jaringan Irigasi Sekunder", "REMARK": "DI Duren" }, "geometry": { "type": "MultiLineString", "coordinates": [ [ [ 113.666176170332506, -7.810887806654989, 0.0 ], [ 113.666181520699979, -7.810848084262489, 0.0 ], [ 113.666198293142543, -7.81075299821498, 0.0 ], [ 113.666171582637503, -7.81070982980998, 0.0 ], [ 113.666169556037516, -7.810649405729976, 0.0 ], [ 113.666195001717483, -7.810519780089976, 0.0 ], [ 113.666223681330052, -7.810444897522473, 0.0 ], [ 113.666259703772539, -7.810369672737522, 0.0 ], [ 113.666270776407487, -7.810304350717502, 0.0 ], [ 113.666304795607516, -7.810242401720018, 0.0 ], [ 113.666312339659953, -7.810186183019994, 0.0 ], [ 113.666353209409976, -7.810119931077509, 0.0 ], [ 113.666378266119978, -7.810063719692494, 0.0 ], [ 113.666403091062534, -7.810038850125011, 0.0 ], [ 113.666434858184971, -7.810000583422493, 0.0 ], [ 113.666467120280004, -7.810006064567517, 0.0 ], [ 113.666489190989978, -7.810007368687479, 0.0 ], [ 113.666520231374989, -7.809939841854998, 0.0 ], [ 113.666540214397514, -7.80985611253999, 0.0 ], [ 113.666543466300027, -7.809779280749979, 0.0 ], [ 113.666624841987527, -7.809652588502502, 0.0 ] ] ] } },
{ "type": "Feature", "properties": { "NAMOBJ": "Jaringan Irigasi Primer", "REMARK": "DI Sampean Lama" }, "geometry": { "type": "MultiLineString", "coordinates": [ [ [ 114.020046540375006, -7.67479180678248, 0.0 ], [ 114.019750417930027, -7.674430223817524, 0.0 ], [ 114.019700351224969, -7.67412583569751, 0.0 ], [ 114.01969149204001, -7.672871086312512, 0.0 ], [ 114.019472163872479, -7.672346800667526, 0.0 ], [ 114.019339174582456, -7.6721744514075, 0.0 ], [ 114.018996560724986, -7.672003573787492, 0.0 ], [ 114.018690345707455, -7.671898169789984, 0.0 ], [ 114.018593463302523, -7.671749468032488, 0.0 ], [ 114.018568072419953, -7.671546486059981, 0.0 ], [ 114.018836584247538, -7.669704207050017, 0.0 ], [ 114.019002138364954, -7.668549811104981, 0.0 ], [ 114.019114290332482, -7.668315987154983, 0.0 ], [ 114.019238547100031, -7.668100003592485, 0.0 ], [ 114.019952411307486, -7.667407832022491, 0.0 ], [ 114.020112898027492, -7.667233421975027, 0.0 ], [ 114.020242384784979, -7.666909845697489, 0.0 ], [ 114.020300506682474, -7.666658476182477, 0.0 ], [ 114.020369005020029, -7.666179971225006, 0.0 ], [ 114.020395498135031, -7.66484131894498, 0.0 ], [ 114.019828008115041, -7.663357454119989, 0.0 ], [ 114.019705581217522, -7.662983463282501, 0.0 ], [ 114.019703136900034, -7.662636912942503, 0.0 ], [ 114.019759236689993, -7.662098743427521, 0.0 ], [ 114.01997189936003, -7.661678979985027, 0.0 ], [ 114.020927776889948, -7.659634695745012, 0.0 ], [ 114.021026728114975, -7.659227682145001, 0.0 ], [ 114.020968528962499, -7.658618610719998, 0.0 ], [ 114.020669291157446, -7.657802095237514, 0.0 ], [ 114.020139301309996, -7.657387542357526, 0.0 ], [ 114.019370168255023, -7.657034417934995, 0.0 ], [ 114.018919611037518, -7.656715010147479, 0.0 ], [ 114.018687483674967, -7.656497045352523, 0.0 ], [ 114.018529031637513, -7.656109761055006, 0.0 ], [ 114.01803100025495, -7.651840999790011, 0.0 ], [ 114.017822400664954, -7.650169278684984, 0.0 ], [ 114.017840569989971, -7.649959537649977, 0.0 ], [ 114.017880580952465, -7.649108373782497, 0.0 ], [ 114.017971488662511, -7.646303492307482, 0.0 ], [ 114.01803499955497, -7.643583999985026, 0.0 ], [ 114.018073000087497, -7.64196200013248, 0.0 ], [ 114.017689209254968, -7.641931538937513, 0.0 ], [ 114.017415358739981, -7.641825897697515, 0.0 ], [ 114.017183873669978, -7.641612405805006, 0.0 ], [ 114.017059785787524, -7.641340798722524, 0.0 ], [ 114.017114999837531, -7.640565000175002, 0.0 ], [ 114.017079155260035, -7.639925947940014, 0.0 ], [ 114.017006449215046, -7.639806949972524, 0.0 ], [ 114.016741889074979, -7.63965941585252, 0.0 ], [ 114.016310269242467, -7.639602680112489, 0.0 ], [ 114.014509089604985, -7.639399156572495, 0.0 ] ] ] } },
{ "type": "Feature", "properties": { "NAMOBJ": "Jaringan Irigasi Primer", "REMARK": "DI Sampean Lama" }, "geometry": { "type": "MultiLineString", "coordinates": [ [ [ 114.00480090559995, -7.708811892024983, 0.0 ], [ 114.004673520900042, -7.709032180382508, 0.0 ], [ 114.004530438140023, -7.709128790547481, 0.0 ], [ 114.004300423612449, -7.709130406404995, 0.0 ], [ 114.00383418899753, -7.708932907865005, 0.0 ], [ 114.002589742054965, -7.707789591242488, 0.0 ], [ 114.001658501720044, -7.706209062872517, 0.0 ], [ 114.001373353092504, -7.705866879557504, 0.0 ], [ 114.001128088764972, -7.705744311682508, 0.0 ], [ 114.000677312357539, -7.705699670222486, 0.0 ], [ 113.996613531642538, -7.705582741882495, 0.0 ], [ 113.996348596007465, -7.705388602549988, 0.0 ], [ 113.996175918249946, -7.705365911407512, 0.0 ], [ 113.994220638914953, -7.705355691725003, 0.0 ], [ 113.992407467667476, -7.705110235140012, 0.0 ], [ 113.989570644592504, -7.704893192312511, 0.0 ], [ 113.987478390142542, -7.70465683159, 0.0 ], [ 113.986525922617489, -7.704654515034974, 0.0 ], [ 113.985580734139944, -7.70471113604998, 0.0 ], [ 113.983082923577513, -7.704969482647527, 0.0 ], [ 113.982316072242497, -7.704955704657493, 0.0 ], [ 113.981177456722548, -7.704684462367482, 0.0 ], [ 113.97611360764995, -7.70355818022, 0.0 ], [ 113.97353395966752, -7.702782405287508, 0.0 ], [ 113.97289034012249, -7.702613226387484, 0.0 ], [ 113.970846707885016, -7.702169484845001, 0.0 ], [ 113.968726170877517, -7.701765755374993, 0.0 ], [ 113.965832435037555, -7.701233166069983, 0.0 ], [ 113.963310950274945, -7.700779745575005, 0.0 ], [ 113.961069479367552, -7.700381819220013, 0.0 ], [ 113.958974976432501, -7.699996168369978, 0.0 ] ] ] } }
]
}
